state,track,race,distance,trackcondition,trackrating,date,meetid,raceid,racestatus,raceclass,fieldsize,trialjumpout,horseid,name,entrantnumber,barrier,weight,scratched,jockey,trainer,first_competitive_race,raceno_since_90day_break,raceno_since_freshened,country_code,track_name,race_number,start_time,runner_number,horse_name,field_size,name,win_price,place_price,code,lay_price,market_base_rate,lay_stake,qualifying_pl,bonus_turnover,promo_2nd,promo_3rd,promo_4th,last_5_finishes
NSW,Dubbo,4,1400,Good,4,2026-09-07,5196943,5468594,Open,BM 0-57,14,False,5030181,Hemsted,5,9,61,False,H.Hull,C.Greig,False,12,48,,,,,,,,,,,,,,,,,,,,
VIC,Tatura,8,1000,Soft,7,2026-09-07,5195854,5469651,Open,BM 0-57,12,False,5038489,Avid General,13,1,57.5,False,C.A.Taylor,J.L.Thompson,False,6,2,Australia,Tatura,8,2026-09-07 07:00:00+00:00,13,Avid General,12,Dabble,21.000,4.400,TOP3,800.000,8.000,2.62401240124012401240,-97.5859085908590859085920000000000000000000,2.300230023002300230023000,-87.6833111882616833113420000000000000000000,-84.1118826168331118825920000000000000000000,-70.9403950135273267585134876033057851239675,
VIC,Tatura,8,1000,Soft,7,2026-09-07,5195854,5469651,Open,BM 0-57,12,False,5038489,Avid General,13,1,57.5,False,C.A.Taylor,J.L.Thompson,False,6,2,Australia,Tatura,8,2026-09-07 07:00:00+00:00,13,Avid General,12,Ladbrokes,21.000,4.800,TOP3,800.000,8.000,2.62401240124012401240,-97.5859085908590859085920000000000000000000,2.300230023002300230023000,-89.1037657337162287663420000000000000000000,-85.5323371622876573375920000000000000000000,-73.1625454956209906710711666666666666666675,
VIC,Tatura,8,1000,Soft,7,2026-09-07,5195854,5469651,Open,BM 0-57,12,False,5038489,Avid General,13,1,57.5,False,C.A.Taylor,J.L.Thompson,False,6,2,Australia,Tatura,8,2026-09-07 07:00:00+00:00,13,Avid General,12,Sportsbet,21.000,5.000,TOP3,800.000,8.000,2.62401240124012401240,-97.5859085908590859085920000000000000000000,2.300230023002300230023000,-89.7287657337162287660920000000000000000000,-86.1573371622876573373420000000000000000000,-74.1573371622876573373420000000000000000000,
VIC,Tatura,8,1000,Soft,7,2026-09-07,5195854,5469651,Open,BM 0-57,12,False,5038489,Avid General,13,1,57.5,False,C.A.Taylor,J.L.Thompson,False,6,2,Australia,Tatura,8,2026-09-07 07:00:00+00:00,13,Avid General,12,UniBet,21.000,4.800,TOP3,800.000,8.000,2.62401240124012401240,-97.5859085908590859085920000000000000000000,2.300230023002300230023000,-89.1037657337162287663420000000000000000000,-85.5323371622876573375920000000000000000000,-73.1625454956209906710711666666666666666675,
VIC,Tatura,8,1000,Soft,7,2026-09-07,5195854,5469651,Open,BM 0-57,12,False,5038489,Avid General,13,1,57.5,False,C.A.Taylor,J.L.Thompson,False,6,2,Australia,Tatura,8,2026-09-07 07:00:00+00:00,13,Avid General,12,Surge ,21.000,4.400,TOP3,800.000,8.000,2.62401240124012401240,-97.5859085908590859085920000000000000000000,2.300230023002300230023000,-87.6833111882616833113420000000000000000000,-84.1118826168331118825920000000000000000000,-70.9403950135273267585134876033057851239675,
VIC,Tatura,8,1000,Soft,7,2026-09-07,5195854,5469651,Open,BM 0-57,12,False,5038489,Avid General,13,1,57.5,False,C.A.Taylor,J.L.Thompson,False,6,2,Australia,Tatura,8,2026-09-07 07:00:00+00:00,13,Avid General,12,Betr,21.000,4.800,TOP3,800.000,8.000,2.62401240124012401240,-97.5859085908590859085920000000000000000000,2.300230023002300230023000,-89.1037657337162287663420000000000000000000,-85.5323371622876573375920000000000000000000,-73.1625454956209906710711666666666666666675,
VIC,Southside Cranbourne,4,760,Synth,,2026-09-07,5197846,5479222,Paying,Trial,7,True,5042891,Bolocco Bob,2,0,,False,M.C.Mcdonald,D.N.Walker,False,1,,,,,,,,,,,,,,,,,,,,,
VIC,Tatura,4,1450,Soft,7,2026-09-07,5195854,5469649,Paying,BM 0-57,8,False,5043659,Adki,9,4,57,False,A.L.Herrmann,Michael & Luke Cerchi,False,7,,,,,,,,,,,,,,,,,,,,,
VIC,Tatura,8,1000,Soft,7,2026-09-07,5195854,5469651,Open,BM 0-57,12,False,5245392,El Salto,11,14,58.5,False,C.L.Jokic,L.E.Robertson,False,51,18,Australia,Tatura,8,2026-09-07 07:00:00+00:00,11,El Salto,12,Dabble,9.000,3.000,TOP3,22.000,8.000,41.01277372262773722628,-62.2682481751824817518224000000000000000000,33.576642335766423357664000,-53.9349148418491484185724000000000000000000,-45.6015815085158150853224000000000000000000,-28.9349148418491484187390666666666666666675,
VIC,Tatura,8,1000,Soft,7,2026-09-07,5195854,5469651,Open,BM 0-57,12,False,5245392,El Salto,11,14,58.5,False,C.L.Jokic,L.E.Robertson,False,51,18,Australia,Tatura,8,2026-09-07 07:00:00+00:00,11,El Salto,12,Ladbrokes,9.500,2.800,TOP3,22.000,8.000,43.29379562043795620438,-60.1697080291970802919704000000000000000000,35.675182481751824817518000,-49.1734674276933208939704000000000000000000,-41.2787305855880577357204000000000000000000,-24.0593428304860169193326448979591836734700,
VIC,Tatura,8,1000,Soft,7,2026-09-07,5195854,5469651,Open,BM 0-57,12,False,5245392,El Salto,11,14,58.5,False,C.L.Jokic,L.E.Robertson,False,51,18,Australia,Tatura,8,2026-09-07 07:00:00+00:00,11,El Salto,12,Sportsbet,9.000,2.700,TOP3,22.000,8.000,41.01277372262773722628,-62.2682481751824817518224000000000000000000,33.576642335766423357664000,-51.1571370640713706405724000000000000000000,-42.8238037307380373073224000000000000000000,-25.3340917965816587065065563786008230452675,
VIC,Tatura,8,1000,Soft,7,2026-09-07,5195854,5469651,Open,BM 0-57,12,False,5245392,El Salto,11,14,58.5,False,C.L.Jokic,L.E.Robertson,False,51,18,Australia,Tatura,8,2026-09-07 07:00:00+00:00,11,El Salto,12,UniBet,9.000,2.800,TOP3,22.000,8.000,41.01277372262773722628,-62.2682481751824817518224000000000000000000,33.576642335766423357664000,-52.1492005561348627038224000000000000000000,-43.8158672228015293705724000000000000000000,-26.5964794676994885541846448979591836734700,
VIC,Tatura,8,1000,Soft,7,2026-09-07,5195854,5469651,Open,BM 0-57,12,False,5245392,El Salto,11,14,58.5,False,C.L.Jokic,L.E.Robertson,False,51,18,Australia,Tatura,8,2026-09-07 07:00:00+00:00,11,El Salto,12,Surge ,9.000,2.900,TOP3,22.000,8.000,41.01277372262773722628,-62.2682481751824817518224000000000000000000,33.576642335766423357664000,-53.0728458763319070393224000000000000000000,-44.7395125429985737060724000000000000000000,-27.7953983931769328024826259215219976218800,
VIC,Tatura,8,1000,Soft,7,2026-09-07,5195854,5469651,Open,BM 0-57,12,False,5245392,El Salto,11,14,58.5,False,C.L.Jokic,L.E.Robertson,False,51,18,Australia,Tatura,8,2026-09-07 07:00:00+00:00,11,El Salto,12,Betr,9.000,2.700,TOP3,22.000,8.000,41.01277372262773722628,-62.2682481751824817518224000000000000000000,33.576642335766423357664000,-51.1571370640713706405724000000000000000000,-42.8238037307380373073224000000000000000000,-25.3340917965816587065065563786008230452675,
NSW,Dubbo,4,1400,Good,4,2026-09-07,5196943,5468594,Open,BM 0-57,14,False,5250624,Blackhill Kitty,11,7,58.5,False,S.S.Llewellyn,C.Greig,False,19,39,,,,,,,,,,,,,,,,,,,,
WA,Lark Hill,6,950,Good,4,2026-09-07,5197375,5478877,Paying,Trial,6,True,5250747,Asarka,6,0,,False,S.Starley,B.P.Graham,False,1,17,,,,,,,,,,,,,,,,,,,,
NSW,Dubbo,7,1200,Good,4,2026-09-07,5196943,5468592,Open,BM 78,9,False,5252406,Red Beryl,9,5,55,False,G.Johnston,J.M.Clement,False,15,4,,,,,,,,,,,,,,,,,,,,
NSW,Grafton,7,1400,Good,4,2026-09-07,5194178,5468585,Open,BM 64,11,False,5252941,Better Tomorrow,2,11,62,True,R.Spokes,J.Methven,False,4,6,,,,,,,,,,,,,,,,,,,,
VIC,Tatura,7,1980,Soft,7,2026-09-07,5195854,5469652,Open,BM 0-57,10,False,5253362,Surely Special,16,16,55,True,,C.J.Davis,False,11,15,,,,,,,,,,,,,,,,,,,,
VIC,Tatura,8,1000,Soft,7,2026-09-07,5195854,5469651,Open,BM 0-57,12,False,5263135,Ourzacracker,16,10,54,False,L.Wood,C.J.Davis,False,62,15,,,,,,,,,,,,,,,,,,,,
WA,Lark Hill,3,950,Soft,5,2026-09-07,5197375,5478528,Paying,Trial,9,True,5267017,Big Me,6,0,,False,A.P.Hearn,R.I.Bayliss,False,2,16,,,,,,,,,,,,,,,,,,,,
VIC,Tatura,6,1600,Soft,7,2026-09-07,5195854,5469645,Open,BM 0-57,12,False,5267329,Blonde Suspect,15,13,54,False,L.Wood,C.J.Davis,False,15,,,,,,,,,,,,,,,,,,,,,
VIC,Tatura,8,1000,Soft,7,2026-09-07,5195854,5469651,Open,BM 0-57,12,False,5267454,Sheila,8,16,59.5,False,B.A.Button,G.W.Egan,False,4,,Australia,Tatura,8,2026-09-07 07:00:00+00:00,8,Sheila,12,Dabble,21.000,4.200,TOP3,900.000,8.000,2.33242954929327051293,-97.8541648146501911281044000000000000000000,2.044626188994577295760000,-87.1398791003644768426044000000000000000000,-83.5684505289359054138544000000000000000000,-69.9630083520651571144598421768707482993200,
VIC,Tatura,8,1000,Soft,7,2026-09-07,5195854,5469651,Open,BM 0-57,12,False,5267454,Sheila,8,16,59.5,False,B.A.Button,G.W.Egan,False,4,,Australia,Tatura,8,2026-09-07 07:00:00+00:00,8,Sheila,12,Ladbrokes,23.000,5.000,TOP3,900.000,8.000,2.55467152635789847986,-97.6497021957507333985288000000000000000000,2.249088807894035025336000,-89.1714413261855160070288000000000000000000,-85.9105717609681247027788000000000000000000,-73.9105717609681247027788000000000000000000,
VIC,Tatura,8,1000,Soft,7,2026-09-07,5195854,5469651,Open,BM 0-57,12,False,5267454,Sheila,8,16,59.5,False,B.A.Button,G.W.Egan,False,4,,Australia,Tatura,8,2026-09-07 07:00:00+00:00,8,Sheila,12,Sportsbet,21.000,5.000,TOP3,900.000,8.000,2.33242954929327051293,-97.8541648146501911281044000000000000000000,2.044626188994577295760000,-89.9970219575073339856044000000000000000000,-86.4255933860787625568544000000000000000000,-74.4255933860787625568544000000000000000000,
VIC,Tatura,8,1000,Soft,7,2026-09-07,5195854,5469651,Open,BM 0-57,12,False,5267454,Sheila,8,16,59.5,False,B.A.Button,G.W.Egan,False,4,,Australia,Tatura,8,2026-09-07 07:00:00+00:00,8,Sheila,12,UniBet,21.000,4.750,TOP3,900.000,8.000,2.33242954929327051293,-97.8541648146501911281044000000000000000000,2.044626188994577295760000,-89.2075482732968076698544000000000000000000,-85.6361197018682362411044000000000000000000,-73.1707457406493996760303002770083102493075,
VIC,Tatura,8,1000,Soft,7,2026-09-07,5195854,5469651,Open,BM 0-57,12,False,5267454,Sheila,8,16,59.5,False,B.A.Button,G.W.Egan,False,4,,Australia,Tatura,8,2026-09-07 07:00:00+00:00,8,Sheila,12,Surge ,21.000,4.400,TOP3,900.000,8.000,2.33242954929327051293,-97.8541648146501911281044000000000000000000,2.044626188994577295760000,-87.9515674120527885308544000000000000000000,-84.3801388406242171021044000000000000000000,-71.2086512373184319780258876033057851239675,
VIC,Tatura,8,1000,Soft,7,2026-09-07,5195854,5469651,Open,BM 0-57,12,False,5267454,Sheila,8,16,59.5,False,B.A.Button,G.W.Egan,False,4,,Australia,Tatura,8,2026-09-07 07:00:00+00:00,8,Sheila,12,Betr,21.000,4.800,TOP3,900.000,8.000,2.33242954929327051293,-97.8541648146501911281044000000000000000000,2.044626188994577295760000,-89.3720219575073339858544000000000000000000,-85.8005933860787625571044000000000000000000,-73.4308017194120958905835666666666666666675,
NSW,Grafton,5,1600,Good,4,2026-09-07,5194178,5468589,Open,BM 58,10,False,5267565,Termite,12,9,55,False,N.Masuda,G.J.Forge,False,3,2,Australia,Grafton,5,2026-09-07 05:45:00+00:00,12,Termite,10,Dabble,81.000,8.000,TOP3,1000.000,10.000,8.09980998099809980998,-92.7101710171017101710180000000000000000000,7.200720072007200720072000,-85.1870228689535620225180000000000000000000,-84.2610969430276360967680000000000000000000,-76.0579719430276360967680000000000000000000,
NSW,Grafton,5,1600,Good,4,2026-09-07,5194178,5468589,Open,BM 58,10,False,5267565,Termite,12,9,55,False,N.Masuda,G.J.Forge,False,3,2,Australia,Grafton,5,2026-09-07 05:45:00+00:00,12,Termite,10,Ladbrokes,151.000,15.000,TOP3,1000.000,10.000,15.10051005100510051005,-86.4095409540954095409550000000000000000000,13.501350135013501350135000,-82.4029184375391181502050000000000000000000,-81.9062296958172638454550000000000000000000,-77.2395630291505971785716666666666666666675,
NSW,Grafton,5,1600,Good,4,2026-09-07,5194178,5468589,Open,BM 58,10,False,5267565,Termite,12,9,55,False,N.Masuda,G.J.Forge,False,3,2,Australia,Grafton,5,2026-09-07 05:45:00+00:00,12,Termite,10,Sportsbet,151.000,24.000,TOP3,1000.000,10.000,15.10051005100510051005,-86.4095409540954095409550000000000000000000,13.501350135013501350135000,-84.2779184375391181502050000000000000000000,-83.7812296958172638454550000000000000000000,-80.7864380291505971785591666666666666666675,
NSW,Grafton,5,1600,Good,4,2026-09-07,5194178,5468589,Open,BM 58,10,False,5267565,Termite,12,9,55,False,N.Masuda,G.J.Forge,False,3,2,Australia,Grafton,5,2026-09-07 05:45:00+00:00,12,Termite,10,UniBet,151.000,15.000,TOP3,1000.000,10.000,15.10051005100510051005,-86.4095409540954095409550000000000000000000,13.501350135013501350135000,-82.4029184375391181502050000000000000000000,-81.9062296958172638454550000000000000000000,-77.2395630291505971785716666666666666666675,
NSW,Grafton,5,1600,Good,4,2026-09-07,5194178,5468589,Open,BM 58,10,False,5267565,Termite,12,9,55,False,N.Masuda,G.J.Forge,False,3,2,Australia,Grafton,5,2026-09-07 05:45:00+00:00,12,Termite,10,Surge ,126.000,14.000,TOP3,1000.000,10.000,12.60026002600260026003,-88.6597659765976597659730000000000000000000,11.251125112511251125113000,-84.4930993099309930997230000000000000000000,-83.8978612146928978614730000000000000000000,-78.9233714187745305146260612244897959183675,
NSW,Grafton,5,1600,Good,4,2026-09-07,5194178,5468589,Open,BM 58,10,False,5267565,Termite,12,9,55,False,N.Masuda,G.J.Forge,False,3,2,Australia,Grafton,5,2026-09-07 05:45:00+00:00,12,Termite,10,Betr,126.000,16.000,TOP3,1000.000,10.000,12.60026002600260026003,-88.6597659765976597659730000000000000000000,11.251125112511251125113000,-85.1627421670738502424730000000000000000000,-84.5675040718357550042230000000000000000000,-80.1729728218357550042230000000000000000000,
VIC,Cranbourne-Trn,2,800,,0,2026-09-07,5197805,5477679,FinalFields,Trial,9,True,5273090,Jigsaw,7,0,,False,,C.M.Alderson,False,1,21,,,,,,,,,,,,,,,,,,,,
NSW,Dubbo,4,1400,Good,4,2026-09-07,5196943,5468594,Open,BM 0-57,14,False,5273141,Jade Division,19,15,59.5,True,,B.R.E.Thompson,False,5,,,,,,,,,,,,,,,,,,,,,
NSW,Dubbo,5,1000,Good,4,2026-09-07,5196943,5468595,Open,BM 58,12,False,5274266,Ilikesooboogie,14,10,58,True,,Jjj.Hodgson,False,3,11,Australia,Dubbo,5,2026-09-07 06:05:00+00:00,14,Ilikesooboogie,12,Dabble,14.000,3.800,TOP3,600.000,10.000,2.33205534255709284881,-97.9011501916986164360710000000000000000000,1.950325054175695949325000,-88.8785938007211728270710000000000000000000,-83.5214509435783156843210000000000000000000,-68.9785146554896730251534099722991689750700,
NSW,Dubbo,5,1000,Good,4,2026-09-07,5196943,5468595,Open,BM 58,12,False,5274266,Ilikesooboogie,14,10,58,True,,Jjj.Hodgson,False,3,11,Australia,Dubbo,5,2026-09-07 06:05:00+00:00,14,Ilikesooboogie,12,Ladbrokes,15.000,3.900,TOP3,600.000,10.000,2.49874979163193865644,-97.7511251875312552092040000000000000000000,2.100350058343057176196000,-88.5203559567620244402040000000000000000000,-83.5203559567620244399540000000000000000000,-69.2205531954208015601384181459566074950700,
NSW,Dubbo,5,1000,Good,4,2026-09-07,5196943,5468595,Open,BM 58,12,False,5274266,Ilikesooboogie,14,10,58,True,,Jjj.Hodgson,False,3,11,Australia,Dubbo,5,2026-09-07 06:05:00+00:00,14,Ilikesooboogie,12,UniBet,15.000,4.200,TOP3,600.000,10.000,2.49874979163193865644,-97.7511251875312552092040000000000000000000,2.100350058343057176196000,-89.8939823303883980667040000000000000000000,-84.8939823303883980664540000000000000000000,-71.2885401535176497670594421768707482993200,
NSW,Dubbo,5,1000,Good,4,2026-09-07,5196943,5468595,Open,BM 58,12,False,5274266,Ilikesooboogie,14,10,58,True,,Jjj.Hodgson,False,3,11,Australia,Dubbo,5,2026-09-07 06:05:00+00:00,14,Ilikesooboogie,12,Surge ,15.000,4.000,TOP3,600.000,10.000,2.49874979163193865644,-97.7511251875312552092040000000000000000000,2.100350058343057176196000,-89.0011251875312552097040000000000000000000,-84.0011251875312552094540000000000000000000,-69.9386251875312552094540000000000000000000,
WA,Lark Hill,4,950,Soft,5,2026-09-07,5197375,5478875,Paying,Trial,8,True,5277135,Brave Venture,6,0,,False,S.Starley,B.P.Graham,False,2,,,,,,,,,,,,,,,,,,,,,
NSW,Grafton,4,1000,Good,4,2026-09-07,5194178,5468586,Interim,BM 58,9,False,5277514,Shes Enuff,11,9,55,True,,J.B.Reilly,False,3,47,,,,,,,,,,,,,,,,,,,,
NSW,Grafton,6,1200,Good,4,2026-09-07,5194178,5468587,Open,BM 58,8,False,5277514,Shes Enuff,16,4,55,False,B.Baker,J.B.Reilly,False,3,47,Australia,Grafton,6,2026-09-07 06:20:00+00:00,16,Shes Enuff,8,Dabble,23.000,3.600,TOP3,600.000,10.000,3.83230538423070511752,-96.5509251541923653942320000000000000000000,3.300550091681946991165000,-82.2393309512938146692320000000000000000000,-78.9784613860764233649820000000000000000000,-63.9321650897801270686116296296296296296300,
NSW,Grafton,6,1200,Good,4,2026-09-07,5194178,5468587,Open,BM 58,8,False,5277514,Shes Enuff,16,4,55,False,B.Baker,J.B.Reilly,False,3,47,Australia,Grafton,6,2026-09-07 06:20:00+00:00,16,Shes Enuff,8,Ladbrokes,34.000,5.500,TOP3,600.000,10.000,5.66594432405400900150,-94.9006501083513918986500000000000000000000,4.950825137522920486748000,-85.6760511778701084761500000000000000000000,-83.4701688249289320056500000000000000000000,-72.3131440315405022536706611570247933884300,
NSW,Grafton,6,1200,Good,4,2026-09-07,5194178,5468587,Open,BM 58,8,False,5277514,Shes Enuff,16,4,55,False,B.Baker,J.B.Reilly,False,3,47,Australia,Grafton,6,2026-09-07 06:20:00+00:00,16,Shes Enuff,8,Sportsbet,35.000,8.000,TOP3,600.000,10.000,5.83263877312885480913,-94.7506251041840306717830000000000000000000,5.100850141690281713619000,-89.6613393898983163862830000000000000000000,-87.5184822470411735290330000000000000000000,-79.3153572470411735290330000000000000000000,
NSW,Grafton,6,1200,Good,4,2026-09-07,5194178,5468587,Open,BM 58,8,False,5277514,Shes Enuff,16,4,55,False,B.Baker,J.B.Reilly,False,3,47,Australia,Grafton,6,2026-09-07 06:20:00+00:00,16,Shes Enuff,8,UniBet,34.000,5.750,TOP3,600.000,10.000,5.66594432405400900150,-94.9006501083513918986500000000000000000000,4.950825137522920486748000,-86.2689365533641796219000000000000000000000,-84.0630542004230031514000000000000000000000,-73.2880069414437971020167296786389413988675,
NSW,Grafton,6,1200,Good,4,2026-09-07,5194178,5468587,Open,BM 58,8,False,5277514,Shes Enuff,16,4,55,False,B.Baker,J.B.Reilly,False,3,47,Australia,Grafton,6,2026-09-07 06:20:00+00:00,16,Shes Enuff,8,Surge ,34.000,4.600,TOP3,600.000,10.000,5.66594432405400900150,-94.9006501083513918986500000000000000000000,4.950825137522920486748000,-83.0080669881467883176500000000000000000000,-80.8021846352056118471500000000000000000000,-68.0422602495723415256414933837429111531200,
NSW,Grafton,6,1200,Good,4,2026-09-07,5194178,5468587,Open,BM 58,8,False,5277514,Shes Enuff,16,4,55,False,B.Baker,J.B.Reilly,False,3,47,Australia,Grafton,6,2026-09-07 06:20:00+00:00,16,Shes Enuff,8,Betr,34.000,5.500,TOP3,600.000,10.000,5.66594432405400900150,-94.9006501083513918986500000000000000000000,4.950825137522920486748000,-85.6760511778701084761500000000000000000000,-83.4701688249289320056500000000000000000000,-72.3131440315405022536706611570247933884300,
VIC,Tatura,6,1600,Soft,7,2026-09-07,5195854,5469645,Open,BM 0-57,12,False,5283900,Vegas On Fire,13,1,55.5,False,N.Farley,S.W.Mathrick,False,8,28,Australia,Tatura,6,2026-09-07 06:00:00+00:00,13,Vegas On Fire,12,Dabble,6.000,2.150,TOP3,14.000,8.000,43.03160919540229885057,-60.4109195402298850574756000000000000000000,33.045977011494252873563000,-50.5271986099973269184756000000000000000000,-38.0271986099973269182256000000000000000000,-19.3684641589427027970814680367766360194700,
VIC,Tatura,6,1600,Soft,7,2026-09-07,5195854,5469645,Open,BM 0-57,12,False,5283900,Vegas On Fire,13,1,55.5,False,N.Farley,S.W.Mathrick,False,8,28,Australia,Tatura,6,2026-09-07 06:00:00+00:00,13,Vegas On Fire,12,Ladbrokes,6.000,1.950,TOP3,14.000,8.000,43.03160919540229885057,-60.4109195402298850574756000000000000000000,33.045977011494252873563000,-46.9493810786914235197256000000000000000000,-34.4493810786914235194756000000000000000000,-15.7117084948649935391940418145956607495075,
VIC,Tatura,6,1600,Soft,7,2026-09-07,5195854,5469645,Open,BM 0-57,12,False,5283900,Vegas On Fire,13,1,55.5,False,N.Farley,S.W.Mathrick,False,8,28,Australia,Tatura,6,2026-09-07 06:00:00+00:00,13,Vegas On Fire,12,Sportsbet,6.500,1.950,TOP3,14.000,8.000,46.62356321839080459770,-57.1063218390804597701160000000000000000000,36.350574712643678160920000,-41.7217064544650751543660000000000000000000,-30.1832449160035366931160000000000000000000,-11.4455723321771067128344418145956607495075,
VIC,Tatura,6,1600,Soft,7,2026-09-07,5195854,5469645,Open,BM 0-57,12,False,5283900,Vegas On Fire,13,1,55.5,False,N.Farley,S.W.Mathrick,False,8,28,Australia,Tatura,6,2026-09-07 06:00:00+00:00,13,Vegas On Fire,12,UniBet,6.500,2.100,TOP3,14.000,8.000,46.62356321839080459770,-57.1063218390804597701160000000000000000000,36.350574712643678160920000,-44.4689592017178224066160000000000000000000,-32.9304976632562839453660000000000000000000,-14.2230146700590050337877687074829931972800,
VIC,Tatura,6,1600,Soft,7,2026-09-07,5195854,5469645,Open,BM 0-57,12,False,5283900,Vegas On Fire,13,1,55.5,False,N.Farley,S.W.Mathrick,False,8,28,Australia,Tatura,6,2026-09-07 06:00:00+00:00,13,Vegas On Fire,12,Surge ,6.000,2.100,TOP3,14.000,8.000,43.03160919540229885057,-60.4109195402298850574756000000000000000000,33.045977011494252873563000,-49.6966338259441707719756000000000000000000,-37.1966338259441707717256000000000000000000,-18.4891508327468918601473687074829931972800,
VIC,Tatura,6,1600,Soft,7,2026-09-07,5195854,5469645,Open,BM 0-57,12,False,5283900,Vegas On Fire,13,1,55.5,False,N.Farley,S.W.Mathrick,False,8,28,Australia,Tatura,6,2026-09-07 06:00:00+00:00,13,Vegas On Fire,12,Betr,6.500,1.970,TOP3,14.000,8.000,46.62356321839080459770,-57.1063218390804597701160000000000000000000,36.350574712643678160920000,-42.1121789261558209563660000000000000000000,-30.5737173876942824951160000000000000000000,-11.8280656058910925134139141436264783941875,
NSW,Dubbo,4,1400,Good,4,2026-09-07,5196943,5468594,Open,BM 0-57,14,False,5284849,Im Scarlett,3,1,61.5,False,D.Dillon,C.Greig,False,12,24,,,,,,,,,,,,,,,,,,,,
NSW,Dubbo,4,1400,Good,4,2026-09-07,5196943,5468594,Open,BM 0-57,14,False,5285033,Mrs Bull,2,17,62,False,G.Johnston,C.Greig,False,26,15,,,,,,,,,,,,,,,,,,,,
VIC,Tatura,8,1000,Soft,7,2026-09-07,5195854,5469651,Open,BM 0-57,12,False,5285367,Divine Vicky,4,13,62,True,T.Atkinson,N.G.Smyth,False,6,8,,,,,,,,,,,,,,,,,,,,
NSW,Grafton,6,1200,Good,4,2026-09-07,5194178,5468587,Open,BM 58,8,False,5285523,Vetoed,11,7,57.5,False,G.Spokes,D.W.Dwane,False,5,16,Australia,Grafton,6,2026-09-07 06:20:00+00:00,11,Vetoed,8,Dabble,9.000,2.500,TOP3,65.000,10.000,13.85208012326656394453,-87.5331278890600924499230000000000000000000,11.093990755007704160247000,-74.1997945557267591164230000000000000000000,-65.8664612223934257831730000000000000000000,-47.8664612223934257831730000000000000000000,
NSW,Grafton,6,1200,Good,4,2026-09-07,5194178,5468587,Open,BM 58,8,False,5285523,Vetoed,11,7,57.5,False,G.Spokes,D.W.Dwane,False,5,16,Australia,Grafton,6,2026-09-07 06:20:00+00:00,11,Vetoed,8,Ladbrokes,12.000,2.800,TOP3,65.000,10.000,18.47457627118644067797,-83.3728813559322033898270000000000000000000,15.254237288135593220339000,-69.0871670702179176748270000000000000000000,-62.8371670702179176750770000000000000000000,-45.6177793151158768586892448979591836734700,
NSW,Grafton,6,1200,Good,4,2026-09-07,5194178,5468587,Open,BM 58,8,False,5285523,Vetoed,11,7,57.5,False,G.Spokes,D.W.Dwane,False,5,16,Australia,Grafton,6,2026-09-07 06:20:00+00:00,11,Vetoed,8,Sportsbet,12.000,3.100,TOP3,65.000,10.000,18.47457627118644067797,-83.3728813559322033898270000000000000000000,15.254237288135593220339000,-71.6793329688354291958270000000000000000000,-65.4293329688354291960770000000000000000000,-49.0401550291892273230452622268470343392300,
NSW,Grafton,6,1200,Good,4,2026-09-07,5194178,5468587,Open,BM 58,8,False,5285523,Vetoed,11,7,57.5,False,G.Spokes,D.W.Dwane,False,5,16,Australia,Grafton,6,2026-09-07 06:20:00+00:00,11,Vetoed,8,UniBet,12.000,3.100,TOP3,65.000,10.000,18.47457627118644067797,-83.3728813559322033898270000000000000000000,15.254237288135593220339000,-71.6793329688354291958270000000000000000000,-65.4293329688354291960770000000000000000000,-49.0401550291892273230452622268470343392300,
NSW,Grafton,6,1200,Good,4,2026-09-07,5194178,5468587,Open,BM 58,8,False,5285523,Vetoed,11,7,57.5,False,G.Spokes,D.W.Dwane,False,5,16,Australia,Grafton,6,2026-09-07 06:20:00+00:00,11,Vetoed,8,Surge ,12.000,3.000,TOP3,65.000,10.000,18.47457627118644067797,-83.3728813559322033898270000000000000000000,15.254237288135593220339000,-70.8728813559322033895770000000000000000000,-64.6228813559322033898270000000000000000000,-47.9562146892655367232436666666666666666675,
NSW,Grafton,6,1200,Good,4,2026-09-07,5194178,5468587,Open,BM 58,8,False,5285523,Vetoed,11,7,57.5,False,G.Spokes,D.W.Dwane,False,5,16,Australia,Grafton,6,2026-09-07 06:20:00+00:00,11,Vetoed,8,Betr,12.000,2.850,TOP3,65.000,10.000,18.47457627118644067797,-83.3728813559322033898270000000000000000000,15.254237288135593220339000,-69.5570918822479928630770000000000000000000,-63.3070918822479928633270000000000000000000,-46.2249127502073649778433896583564173591875,
NSW,Grafton,4,1000,Good,4,2026-09-07,5194178,5468586,Interim,BM 58,9,False,5285769,Devious Mind,7,10,57,False,R.Spokes,L.J.Clapham,False,8,26,,,,,,,,,,,,,,,,,,,,
WA,Lark Hill,3,950,Soft,5,2026-09-07,5197375,5478528,Paying,Trial,9,True,5285953,Spacewalk,5,0,,False,J.Mcnaught,D.L.Morton,False,2,22,,,,,,,,,,,,,,,,,,,,
NSW,Dubbo,7,1200,Good,4,2026-09-07,5196943,5468592,Open,BM 78,9,False,5286654,Capital Mac,6,4,56,False,J.Pracey-Holmes,B.Robb,False,4,,Australia,Dubbo,7,2026-09-07 07:20:00+00:00,6,Capital Mac,9,Dabble,17.000,3.400,TOP3,600.000,10.000,2.83213868978163027171,-97.4510751791965327554610000000000000000000,2.400400066677779629938000,-84.2157810615494739317110000000000000000000,-79.8040163556671209907110000000000000000000,-64.2330820996117576689661903114186851211075,
NSW,Dubbo,7,1200,Good,4,2026-09-07,5196943,5468592,Open,BM 78,9,False,5286654,Capital Mac,6,4,56,False,J.Pracey-Holmes,B.Robb,False,4,,Australia,Dubbo,7,2026-09-07 07:20:00+00:00,6,Capital Mac,9,Ladbrokes,21.000,3.700,TOP3,600.000,10.000,3.49891648608101350225,-96.8509751625270878479750000000000000000000,3.000500083347224537423000,-83.7235620351139604352250000000000000000000,-80.1521334636853890064750000000000000000000,-65.3603146178124890795303323593864134404675,
NSW,Dubbo,7,1200,Good,4,2026-09-07,5196943,5468592,Open,BM 78,9,False,5286654,Capital Mac,6,4,56,False,J.Pracey-Holmes,B.Robb,False,4,,Australia,Dubbo,7,2026-09-07 07:20:00+00:00,6,Capital Mac,9,Sportsbet,21.000,4.200,TOP3,600.000,10.000,3.49891648608101350225,-96.8509751625270878479750000000000000000000,3.000500083347224537423000,-86.1366894482413735624750000000000000000000,-82.5652608768128021337250000000000000000000,-68.9598186999420538343304421768707482993200,
NSW,Dubbo,7,1200,Good,4,2026-09-07,5196943,5468592,Open,BM 78,9,False,5286654,Capital Mac,6,4,56,False,J.Pracey-Holmes,B.Robb,False,4,,Australia,Dubbo,7,2026-09-07 07:20:00+00:00,6,Capital Mac,9,UniBet,23.000,4.200,TOP3,600.000,10.000,3.83230538423070511752,-96.5509251541923653942320000000000000000000,3.300550091681946991165000,-85.2155214274842908597320000000000000000000,-81.9546518622668995554820000000000000000000,-68.3492096853961512560874421768707482993200,
NSW,Dubbo,7,1200,Good,4,2026-09-07,5196943,5468592,Open,BM 78,9,False,5286654,Capital Mac,6,4,56,False,J.Pracey-Holmes,B.Robb,False,4,,Australia,Dubbo,7,2026-09-07 07:20:00+00:00,6,Capital Mac,9,Surge ,21.000,3.800,TOP3,600.000,10.000,3.49891648608101350225,-96.8509751625270878479750000000000000000000,3.000500083347224537423000,-84.2569902001210728109750000000000000000000,-80.6855616286925013822250000000000000000000,-66.1426253406038587230574099722991689750700,
NSW,Dubbo,7,1200,Good,4,2026-09-07,5196943,5468592,Open,BM 78,9,False,5286654,Capital Mac,6,4,56,False,J.Pracey-Holmes,B.Robb,False,4,,Australia,Dubbo,7,2026-09-07 07:20:00+00:00,6,Capital Mac,9,Betr,21.000,3.900,TOP3,600.000,10.000,3.49891648608101350225,-96.8509751625270878479750000000000000000000,3.000500083347224537423000,-84.7630630746149999359750000000000000000000,-81.1916345031864285072250000000000000000000,-66.8918317418452056274094181459566074950700,
NSW,Grafton,7,1400,Good,4,2026-09-07,5194178,5468585,Open,BM 64,11,False,5286941,Torovista,9,5,58.5,False,K.Matheson,S.J.Bennett,False,5,,Australia,Grafton,7,2026-09-07 06:55:00+00:00,9,Torovista,11,Dabble,23.000,4.000,TOP3,600.000,10.000,3.83230538423070511752,-96.5509251541923653942320000000000000000000,3.300550091681946991165000,-84.3226642846271480027320000000000000000000,-81.0617947194097566984820000000000000000000,-66.9992947194097566984820000000000000000000,
NSW,Grafton,7,1400,Good,4,2026-09-07,5194178,5468585,Open,BM 64,11,False,5286941,Torovista,9,5,58.5,False,K.Matheson,S.J.Bennett,False,5,,Australia,Grafton,7,2026-09-07 06:55:00+00:00,9,Torovista,11,Ladbrokes,27.000,5.500,TOP3,600.000,10.000,4.49908318053008834806,-95.9508251375229204867460000000000000000000,3.900650108351391898650000,-87.8700170567148396792460000000000000000000,-85.0922392789370619012460000000000000000000,-73.9352144855486321492666611570247933884300,
NSW,Grafton,7,1400,Good,4,2026-09-07,5194178,5468585,Open,BM 64,11,False,5286941,Torovista,9,5,58.5,False,K.Matheson,S.J.Bennett,False,5,,Australia,Grafton,7,2026-09-07 06:55:00+00:00,9,Torovista,11,Sportsbet,34.000,7.750,TOP3,600.000,10.000,5.66594432405400900150,-94.9006501083513918986500000000000000000000,4.950825137522920486748000,-89.6349954593950351624000000000000000000000,-87.4291131064538586919000000000000000000000,-79.0003930232072405858862122788761706555675,
NSW,Grafton,7,1400,Good,4,2026-09-07,5194178,5468585,Open,BM 64,11,False,5286941,Torovista,9,5,58.5,False,K.Matheson,S.J.Bennett,False,5,,Australia,Grafton,7,2026-09-07 06:55:00+00:00,9,Torovista,11,UniBet,31.000,5.750,TOP3,600.000,10.000,5.16586097682947157860,-95.3507251208534755792600000000000000000000,4.500750125020836806134000,-87.1459565374032652005100000000000000000000,-84.7266016986935877810100000000000000000000,-73.9515544397143817316267296786389413988675,
NSW,Grafton,7,1400,Good,4,2026-09-07,5194178,5468585,Open,BM 64,11,False,5286941,Torovista,9,5,58.5,False,K.Matheson,S.J.Bennett,False,5,,Australia,Grafton,7,2026-09-07 06:55:00+00:00,9,Torovista,11,Surge ,31.000,5.000,TOP3,600.000,10.000,5.16586097682947157860,-95.3507251208534755792600000000000000000000,4.500750125020836806134000,-85.1894347982728304182600000000000000000000,-82.7700799595631529987600000000000000000000,-70.7700799595631529987600000000000000000000,
NSW,Grafton,7,1400,Good,4,2026-09-07,5194178,5468585,Open,BM 64,11,False,5286941,Torovista,9,5,58.5,False,K.Matheson,S.J.Bennett,False,5,,Australia,Grafton,7,2026-09-07 06:55:00+00:00,9,Torovista,11,Betr,29.000,6.000,TOP3,600.000,10.000,4.83247207867977996333,-95.6507751291881980330030000000000000000000,4.200700116686114352392000,-88.3231889222916463082530000000000000000000,-85.7369820257399221705030000000000000000000,-75.3203153590732555036696666666666666666675,
VIC,Tatura,6,1600,Soft,7,2026-09-07,5195854,5469645,Open,BM 0-57,12,False,5287017,Whistler Girl,12,15,56,True,C.Puls,A.C.Peterson,False,7,45,,,,,,,,,,,,,,,,,,,,
NSW,Grafton,7,1400,Good,4,2026-09-07,5194178,5468585,Open,BM 64,11,False,5287067,Dark Chill,6,13,59,False,J.Franklin,E.Ensby,False,3,,Australia,Grafton,7,2026-09-07 06:55:00+00:00,6,Dark Chill,11,Dabble,21.000,3.900,TOP3,600.000,10.000,3.49891648608101350225,-96.8509751625270878479750000000000000000000,3.000500083347224537423000,-84.7630630746149999359750000000000000000000,-81.1916345031864285072250000000000000000000,-66.8918317418452056274094181459566074950700,
NSW,Grafton,7,1400,Good,4,2026-09-07,5194178,5468585,Open,BM 64,11,False,5287067,Dark Chill,6,13,59,False,J.Franklin,E.Ensby,False,3,,Australia,Grafton,7,2026-09-07 06:55:00+00:00,6,Dark Chill,11,Ladbrokes,26.000,5.500,TOP3,600.000,10.000,4.33238873145524254042,-96.1008501416902817136220000000000000000000,3.750625104184030671779000,-88.2337172745574145811220000000000000000000,-85.3491018899420299656220000000000000000000,-74.1920770965536002136426611570247933884300,
NSW,Grafton,7,1400,Good,4,2026-09-07,5194178,5468585,Open,BM 64,11,False,5287067,Dark Chill,6,13,59,False,J.Franklin,E.Ensby,False,3,,Australia,Grafton,7,2026-09-07 06:55:00+00:00,6,Dark Chill,11,Sportsbet,27.000,6.250,TOP3,600.000,10.000,4.49908318053008834806,-95.9508251375229204867460000000000000000000,3.900650108351391898650000,-89.5063806930784760427460000000000000000000,-86.7286029153006982647460000000000000000000,-76.6486029153006982647460000000000000000000,
NSW,Grafton,7,1400,Good,4,2026-09-07,5194178,5468585,Open,BM 64,11,False,5287067,Dark Chill,6,13,59,False,J.Franklin,E.Ensby,False,3,,Australia,Grafton,7,2026-09-07 06:55:00+00:00,6,Dark Chill,11,UniBet,31.000,5.750,TOP3,600.000,10.000,5.16586097682947157860,-95.3507251208534755792600000000000000000000,4.500750125020836806134000,-87.1459565374032652005100000000000000000000,-84.7266016986935877810100000000000000000000,-73.9515544397143817316267296786389413988675,
NSW,Grafton,7,1400,Good,4,2026-09-07,5194178,5468585,Open,BM 64,11,False,5287067,Dark Chill,6,13,59,False,J.Franklin,E.Ensby,False,3,,Australia,Grafton,7,2026-09-07 06:55:00+00:00,6,Dark Chill,11,Surge ,31.000,5.000,TOP3,600.000,10.000,5.16586097682947157860,-95.3507251208534755792600000000000000000000,4.500750125020836806134000,-85.1894347982728304182600000000000000000000,-82.7700799595631529987600000000000000000000,-70.7700799595631529987600000000000000000000,
NSW,Grafton,7,1400,Good,4,2026-09-07,5194178,5468585,Open,BM 64,11,False,5287067,Dark Chill,6,13,59,False,J.Franklin,E.Ensby,False,3,,Australia,Grafton,7,2026-09-07 06:55:00+00:00,6,Dark Chill,11,Betr,29.000,6.000,TOP3,600.000,10.000,4.83247207867977996333,-95.6507751291881980330030000000000000000000,4.200700116686114352392000,-88.3231889222916463082530000000000000000000,-85.7369820257399221705030000000000000000000,-75.3203153590732555036696666666666666666675,
VIC,Tatura,5,1450,Soft,7,2026-09-07,5195854,5469646,Open,BM 0-57,7,False,5287163,Savethebesttillast,13,8,59,False,C.A.Taylor,S.A.Lake,False,18,14,Australia,Tatura,5,2026-09-07 05:30:00+00:00,13,Savethebesttillast,8,Dabble,19.000,3.900,TOP3,620.000,8.000,3.06329849012775842044,-97.1817653890824622531952000000000000000000,2.671312427409988385598000,-85.8457330004184946411952000000000000000000,-81.8983645793658630624452000000000000000000,-67.5985618180246401826296181459566074950700,
VIC,Tatura,5,1450,Soft,7,2026-09-07,5195854,5469646,Open,BM 0-57,7,False,5287163,Savethebesttillast,13,8,59,False,C.A.Taylor,S.A.Lake,False,18,14,Australia,Tatura,5,2026-09-07 05:30:00+00:00,13,Savethebesttillast,8,Ladbrokes,18.000,3.600,TOP3,620.000,8.000,2.90198735320686540199,-97.3301716350496838301692000000000000000000,2.522906181442766808620000,-84.8301716350496838306692000000000000000000,-80.6635049683830171636692000000000000000000,-65.6172086720867208672988296296296296296300,
VIC,Tatura,5,1450,Soft,7,2026-09-07,5195854,5469646,Open,BM 0-57,7,False,5287163,Savethebesttillast,13,8,59,False,C.A.Taylor,S.A.Lake,False,18,14,Australia,Tatura,5,2026-09-07 05:30:00+00:00,13,Savethebesttillast,8,Sportsbet,20.000,4.330,TOP3,620.000,8.000,3.22460962704865143890,-97.0333591431152406762120000000000000000000,2.819718673377209962576000,-87.2123429768334854802120000000000000000000,-83.4623429768334854802120000000000000000000,-70.1415614909863157797536051074996399788800,
VIC,Tatura,5,1450,Soft,7,2026-09-07,5195854,5469646,Open,BM 0-57,7,False,5287163,Savethebesttillast,13,8,59,False,C.A.Taylor,S.A.Lake,False,18,14,Australia,Tatura,5,2026-09-07 05:30:00+00:00,13,Savethebesttillast,8,UniBet,20.000,4.250,TOP3,620.000,8.000,3.22460962704865143890,-97.0333591431152406762120000000000000000000,2.819718673377209962576000,-86.8863003195858289114620000000000000000000,-83.1363003195858289114620000000000000000000,-69.6414906310045140325459100346020761245675,
VIC,Tatura,5,1450,Soft,7,2026-09-07,5195854,5469646,Open,BM 0-57,7,False,5287163,Savethebesttillast,13,8,59,False,C.A.Taylor,S.A.Lake,False,18,14,Australia,Tatura,5,2026-09-07 05:30:00+00:00,13,Savethebesttillast,8,Surge ,19.000,3.800,TOP3,620.000,8.000,3.06329849012775842044,-97.1817653890824622531952000000000000000000,2.671312427409988385598000,-85.3396601259245675161952000000000000000000,-81.3922917048719359374452000000000000000000,-66.8493554167832932782776099722991689750700,
VIC,Tatura,5,1450,Soft,7,2026-09-07,5195854,5469646,Open,BM 0-57,7,False,5287163,Savethebesttillast,13,8,59,False,C.A.Taylor,S.A.Lake,False,18,14,Australia,Tatura,5,2026-09-07 05:30:00+00:00,13,Savethebesttillast,8,Betr,19.000,3.900,TOP3,620.000,8.000,3.06329849012775842044,-97.1817653890824622531952000000000000000000,2.671312427409988385598000,-85.8457330004184946411952000000000000000000,-81.8983645793658630624452000000000000000000,-67.5985618180246401826296181459566074950700,
VIC,Tatura,5,1450,Soft,7,2026-09-07,5195854,5469646,Open,BM 0-57,7,False,5287216,Bow Ribbon,11,7,60.5,True,A.Kelly,D.F.Hill,False,10,,Australia,Tatura,5,2026-09-07 05:30:00+00:00,11,Bow Ribbon,8,Dabble,6.000,2.100,TOP3,13.000,8.000,46.36222910216718266254,-57.3467492260061919504632000000000000000000,35.603715170278637770898000,-46.6324635117204776649632000000000000000000,-34.1324635117204776647132000000000000000000,-15.4249805185231987531349687074829931972800,
VIC,Tatura,5,1450,Soft,7,2026-09-07,5195854,5469646,Open,BM 0-57,7,False,5287216,Bow Ribbon,11,7,60.5,True,A.Kelly,D.F.Hill,False,10,,Australia,Tatura,5,2026-09-07 05:30:00+00:00,11,Bow Ribbon,8,Ladbrokes,6.500,2.000,TOP3,13.000,8.000,50.23219814241486068111,-53.7863777089783281733788000000000000000000,39.164086687306501547988000,-39.3633007859014050958788000000000000000000,-27.8248392474398666346288000000000000000000,-9.0748392474398666346288000000000000000000,
VIC,Tatura,5,1450,Soft,7,2026-09-07,5195854,5469646,Open,BM 0-57,7,False,5287216,Bow Ribbon,11,7,60.5,True,A.Kelly,D.F.Hill,False,10,,Australia,Tatura,5,2026-09-07 05:30:00+00:00,11,Bow Ribbon,8,Sportsbet,6.500,1.950,TOP3,13.000,8.000,50.23219814241486068111,-53.7863777089783281733788000000000000000000,39.164086687306501547988000,-38.4017623243629435576288000000000000000000,-26.8633007859014050963788000000000000000000,-8.1256282020749751160972418145956607495075,
VIC,Tatura,5,1450,Soft,7,2026-09-07,5195854,5469646,Open,BM 0-57,7,False,5287216,Bow Ribbon,11,7,60.5,True,A.Kelly,D.F.Hill,False,10,,Australia,Tatura,5,2026-09-07 05:30:00+00:00,11,Bow Ribbon,8,UniBet,7.000,2.150,TOP3,13.000,8.000,54.10216718266253869969,-50.2260061919504643962852000000000000000000,42.724458204334365325077000,-36.7708566902893348277852000000000000000000,-26.0565709760036205422852000000000000000000,-7.3978365249489964211410680367766360194700,
VIC,Tatura,5,1450,Soft,7,2026-09-07,5195854,5469646,Open,BM 0-57,7,False,5287216,Bow Ribbon,11,7,60.5,True,A.Kelly,D.F.Hill,False,10,,Australia,Tatura,5,2026-09-07 05:30:00+00:00,11,Bow Ribbon,8,Surge ,6.500,2.150,TOP3,13.000,8.000,50.23219814241486068111,-53.7863777089783281733788000000000000000000,39.164086687306501547988000,-41.9795798556688469563788000000000000000000,-30.4411183172073084951288000000000000000000,-11.7823838661526843739846680367766360194700,
VIC,Tatura,5,1450,Soft,7,2026-09-07,5195854,5469646,Open,BM 0-57,7,False,5287216,Bow Ribbon,11,7,60.5,True,A.Kelly,D.F.Hill,False,10,,Australia,Tatura,5,2026-09-07 05:30:00+00:00,11,Bow Ribbon,8,Betr,6.500,1.920,TOP3,13.000,8.000,50.23219814241486068111,-53.7863777089783281733788000000000000000000,39.164086687306501547988000,-37.8008007859014050961288000000000000000000,-26.2623392474398666348788000000000000000000,-7.5448913307731999682017166666666666666675,
NSW,Dubbo,7,1200,Good,4,2026-09-07,5196943,5468592,Open,BM 78,9,False,5287324,Green Run,10,1,55,False,J.G.Stiff,D.P.Lunn,False,28,13,Australia,Dubbo,7,2026-09-07 07:20:00+00:00,10,Green Run,9,Dabble,23.000,3.700,TOP3,600.000,10.000,3.83230538423070511752,-96.5509251541923653942320000000000000000000,3.300550091681946991165000,-82.8023940143568777324820000000000000000000,-79.5415244491394864282320000000000000000000,-64.7497056032665865012873323593864134404675,
NSW,Dubbo,7,1200,Good,4,2026-09-07,5196943,5468592,Open,BM 78,9,False,5287324,Green Run,10,1,55,False,J.G.Stiff,D.P.Lunn,False,28,13,Australia,Dubbo,7,2026-09-07 07:20:00+00:00,10,Green Run,9,Ladbrokes,34.000,5.000,TOP3,600.000,10.000,5.66594432405400900150,-94.9006501083513918986500000000000000000000,4.950825137522920486748000,-84.3124148142337448396500000000000000000000,-82.1065324612925683691500000000000000000000,-70.1065324612925683691500000000000000000000,
NSW,Dubbo,7,1200,Good,4,2026-09-07,5196943,5468592,Open,BM 78,9,False,5287324,Green Run,10,1,55,False,J.G.Stiff,D.P.Lunn,False,28,13,Australia,Dubbo,7,2026-09-07 07:20:00+00:00,10,Green Run,9,Sportsbet,34.000,7.250,TOP3,600.000,10.000,5.66594432405400900150,-94.9006501083513918986500000000000000000000,4.950825137522920486748000,-88.9675872280268482879000000000000000000000,-86.7617048750856718174000000000000000000000,-77.8437500593900713417570154577883472057075,
NSW,Dubbo,7,1200,Good,4,2026-09-07,5196943,5468592,Open,BM 78,9,False,5287324,Green Run,10,1,55,False,J.G.Stiff,D.P.Lunn,False,28,13,Australia,Dubbo,7,2026-09-07 07:20:00+00:00,10,Green Run,9,UniBet,34.000,5.500,TOP3,600.000,10.000,5.66594432405400900150,-94.9006501083513918986500000000000000000000,4.950825137522920486748000,-85.6760511778701084761500000000000000000000,-83.4701688249289320056500000000000000000000,-72.3131440315405022536706611570247933884300,
NSW,Dubbo,7,1200,Good,4,2026-09-07,5196943,5468592,Open,BM 78,9,False,5287324,Green Run,10,1,55,False,J.G.Stiff,D.P.Lunn,False,28,13,Australia,Dubbo,7,2026-09-07 07:20:00+00:00,10,Green Run,9,Surge ,34.000,4.600,TOP3,600.000,10.000,5.66594432405400900150,-94.9006501083513918986500000000000000000000,4.950825137522920486748000,-83.0080669881467883176500000000000000000000,-80.8021846352056118471500000000000000000000,-68.0422602495723415256414933837429111531200,
NSW,Dubbo,7,1200,Good,4,2026-09-07,5196943,5468592,Open,BM 78,9,False,5287324,Green Run,10,1,55,False,J.G.Stiff,D.P.Lunn,False,28,13,Australia,Dubbo,7,2026-09-07 07:20:00+00:00,10,Green Run,9,Betr,34.000,5.500,TOP3,600.000,10.000,5.66594432405400900150,-94.9006501083513918986500000000000000000000,4.950825137522920486748000,-85.6760511778701084761500000000000000000000,-83.4701688249289320056500000000000000000000,-72.3131440315405022536706611570247933884300,
NSW,Dubbo,4,1400,Good,4,2026-09-07,5196943,5468594,Open,BM 0-57,14,False,5287469,Powderfinger,17,5,58,True,,B.R.E.Thompson,False,8,25,,,,,,,,,,,,,,,,,,,,
NSW,Dubbo,4,1400,Good,4,2026-09-07,5196943,5468594,Open,BM 0-57,14,False,5287489,Ms Reeves,13,12,58.5,False,B.A.Cray,G.D.Lunn,False,2,14,,,,,,,,,,,,,,,,,,,,
NSW,Grafton,7,1400,Good,4,2026-09-07,5194178,5468585,Open,BM 64,11,False,5287628,Hes A Copy Boy,3,8,61,False,G.Palmer,S.Mcguren,False,21,5,Australia,Grafton,7,2026-09-07 06:55:00+00:00,3,Hes A Copy Boy,11,Dabble,9.000,2.900,TOP3,55.000,10.000,16.37522768670309653916,-85.2622950819672131147560000000000000000000,13.114754098360655737705000,-76.0668927831166384022560000000000000000000,-67.7335594497833050690060000000000000000000,-50.7894452999616641654162259215219976218800,
NSW,Grafton,7,1400,Good,4,2026-09-07,5194178,5468585,Open,BM 64,11,False,5287628,Hes A Copy Boy,3,8,61,False,G.Palmer,S.Mcguren,False,21,5,Australia,Grafton,7,2026-09-07 06:55:00+00:00,3,Hes A Copy Boy,11,Ladbrokes,11.000,3.100,TOP3,55.000,10.000,20.01821493624772313297,-81.9836065573770491803270000000000000000000,16.393442622950819672131000,-71.4264218066439113503270000000000000000000,-64.6082399884620931685770000000000000000000,-48.2190620488158912955452622268470343392300,
NSW,Grafton,7,1400,Good,4,2026-09-07,5194178,5468585,Open,BM 64,11,False,5287628,Hes A Copy Boy,3,8,61,False,G.Palmer,S.Mcguren,False,21,5,Australia,Grafton,7,2026-09-07 06:55:00+00:00,3,Hes A Copy Boy,11,Sportsbet,11.000,3.100,TOP3,55.000,10.000,20.01821493624772313297,-81.9836065573770491803270000000000000000000,16.393442622950819672131000,-71.4264218066439113503270000000000000000000,-64.6082399884620931685770000000000000000000,-48.2190620488158912955452622268470343392300,
NSW,Grafton,7,1400,Good,4,2026-09-07,5194178,5468585,Open,BM 64,11,False,5287628,Hes A Copy Boy,3,8,61,False,G.Palmer,S.Mcguren,False,21,5,Australia,Grafton,7,2026-09-07 06:55:00+00:00,3,Hes A Copy Boy,11,UniBet,11.000,3.250,TOP3,55.000,10.000,20.01821493624772313297,-81.9836065573770491803270000000000000000000,16.393442622950819672131000,-72.5430471168176086205770000000000000000000,-65.7248652986357904388270000000000000000000,-49.7485339376890448766302544378698224852075,
NSW,Grafton,7,1400,Good,4,2026-09-07,5194178,5468585,Open,BM 64,11,False,5287628,Hes A Copy Boy,3,8,61,False,G.Palmer,S.Mcguren,False,21,5,Australia,Grafton,7,2026-09-07 06:55:00+00:00,3,Hes A Copy Boy,11,Surge ,11.000,3.300,TOP3,55.000,10.000,20.01821493624772313297,-81.9836065573770491803270000000000000000000,16.393442622950819672131000,-72.8926974664679582713270000000000000000000,-66.0745156482861400895770000000000000000000,-50.2342952626112089601899476584022038567500,
NSW,Grafton,7,1400,Good,4,2026-09-07,5194178,5468585,Open,BM 64,11,False,5287628,Hes A Copy Boy,3,8,61,False,G.Palmer,S.Mcguren,False,21,5,Australia,Grafton,7,2026-09-07 06:55:00+00:00,3,Hes A Copy Boy,11,Betr,11.000,3.000,TOP3,55.000,10.000,20.01821493624772313297,-81.9836065573770491803270000000000000000000,16.393442622950819672131000,-70.6199701937406855440770000000000000000000,-63.8017883755588673623270000000000000000000,-47.1351217088922006957436666666666666666675,
NSW,Dubbo,6,2200,Good,4,2026-09-07,5196943,5468593,Open,BM 58,13,False,5287750,Sellinya,9,7,55,False,B.Nock,D.P.Lunn,False,19,,Australia,Dubbo,6,2026-09-07 06:40:00+00:00,9,Sellinya,13,Dabble,41.000,6.000,TOP3,480.000,10.000,8.54136278391331527402,-92.3127734944780162533820000000000000000000,7.501562825588664305064000,-83.4713100798438699116320000000000000000000,-81.6420417871609430823820000000000000000000,-71.2253751204942764155486666666666666666675,
NSW,Dubbo,6,2200,Good,4,2026-09-07,5196943,5468593,Open,BM 58,13,False,5287750,Sellinya,9,7,55,False,B.Nock,D.P.Lunn,False,19,,Australia,Dubbo,6,2026-09-07 06:40:00+00:00,9,Sellinya,13,Ladbrokes,67.000,10.000,TOP3,480.000,10.000,13.95915815794957282767,-87.4367576578453844550970000000000000000000,12.377578662221296103355000,-82.1755636279946381865970000000000000000000,-81.0561606429200113208470000000000000000000,-74.3061606429200113208470000000000000000000,
NSW,Dubbo,6,2200,Good,4,2026-09-07,5196943,5468593,Open,BM 58,13,False,5287750,Sellinya,9,7,55,False,B.Nock,D.P.Lunn,False,19,,Australia,Dubbo,6,2026-09-07 06:40:00+00:00,9,Sellinya,13,Sportsbet,67.000,13.000,TOP3,480.000,10.000,13.95915815794957282767,-87.4367576578453844550970000000000000000000,12.377578662221296103355000,-83.9063328587638689555970000000000000000000,-82.7869298736892420898470000000000000000000,-77.4614860867069935689416745562130177514800,
NSW,Dubbo,6,2200,Good,4,2026-09-07,5196943,5468593,Open,BM 58,13,False,5287750,Sellinya,9,7,55,False,B.Nock,D.P.Lunn,False,19,,Australia,Dubbo,6,2026-09-07 06:40:00+00:00,9,Sellinya,13,UniBet,71.000,9.500,TOP3,480.000,10.000,14.79266513857053552824,-86.6866013752865180245840000000000000000000,13.127734944780162533861000,-80.9045405895192830358340000000000000000000,-79.8482025613502689510840000000000000000000,-72.7844906499929282305819224376731301939075,
NSW,Dubbo,6,2200,Good,4,2026-09-07,5196943,5468593,Open,BM 58,13,False,5287750,Sellinya,9,7,55,False,B.Nock,D.P.Lunn,False,19,,Australia,Dubbo,6,2026-09-07 06:40:00+00:00,9,Sellinya,13,Surge ,71.000,9.000,TOP3,480.000,10.000,14.79266513857053552824,-86.6866013752865180245840000000000000000000,13.127734944780162533861000,-80.4659440982912128608340000000000000000000,-79.4096060701221987760840000000000000000000,-72.0021986627147913687414074074074074074075,
NSW,Dubbo,6,2200,Good,4,2026-09-07,5196943,5468593,Open,BM 58,13,False,5287750,Sellinya,9,7,55,False,B.Nock,D.P.Lunn,False,19,,Australia,Dubbo,6,2026-09-07 06:40:00+00:00,9,Sellinya,13,Betr,67.000,11.000,TOP3,480.000,10.000,13.95915815794957282767,-87.4367576578453844550970000000000000000000,12.377578662221296103355000,-82.8573818098128200048470000000000000000000,-81.7379788247381931390970000000000000000000,-75.5396317173001766102271652892561983471075,
VIC,Cranbourne-Trn,2,800,,0,2026-09-07,5197805,5477679,FinalFields,Trial,9,True,5288124,Philosopher,8,0,,False,,E.Jusufovic,False,1,23,,,,,,,,,,,,,,,,,,,,
NSW,Grafton,3,2200,Good,4,2026-09-07,5194178,5468588,Paying,BM 58,6,False,5288390,More You Think,2,6,59,False,B.Thornton,David & Marcus Scanes,False,7,5,,,,,,,,,,,,,,,,,,,,
NSW,Grafton,1,940,,0,2026-09-07,5197814,5477829,FinalFields,Trial,6,True,5288575,Starry Jack,7,0,,True,,D.L.Bell,False,3,6,,,,,,,,,,,,,,,,,,,,
WA,Lark Hill,3,950,Soft,5,2026-09-07,5197375,5478528,Paying,Trial,9,True,5289046,Hoba West,2,0,,False,A.Galati,S.C.Dickson,False,5,24,,,,,,,,,,,,,,,,,,,,
VIC,Tatura,4,1450,Soft,7,2026-09-07,5195854,5469649,Paying,BM 0-57,8,False,5289212,Thats All Good,6,2,61,False,C.E.Hollowood,N.G.Smyth,False,7,,,,,,,,,,,,,,,,,,,,,
NSW,Grafton,7,1400,Good,4,2026-09-07,5194178,5468585,Open,BM 64,11,False,5289493,Nails And Pride,1,1,64.5,False,A.R.Mccolm,M.J.Wilson,False,8,29,Australia,Grafton,7,2026-09-07 06:55:00+00:00,1,Nails And Pride,11,Dabble,7.500,2.600,TOP3,25.000,10.000,30.08032128514056224900,-72.9277108433734939759000000000000000000000,23.493975903614457831325000,-64.0815569972196478219000000000000000000000,-54.0815569972196478221500000000000000000000,-36.3300777072788194198630177514792899408300,
NSW,Grafton,7,1400,Good,4,2026-09-07,5194178,5468585,Open,BM 64,11,False,5289493,Nails And Pride,1,1,64.5,False,A.R.Mccolm,M.J.Wilson,False,8,29,Australia,Grafton,7,2026-09-07 06:55:00+00:00,1,Nails And Pride,11,Ladbrokes,9.000,2.700,TOP3,25.000,10.000,36.10441767068273092369,-67.5060240963855421686790000000000000000000,28.915662650602409638554000,-56.3949129852744310574290000000000000000000,-48.0615796519410977241790000000000000000000,-30.5718677177847191233631563786008230452675,
NSW,Grafton,7,1400,Good,4,2026-09-07,5194178,5468585,Open,BM 64,11,False,5289493,Nails And Pride,1,1,64.5,False,A.R.Mccolm,M.J.Wilson,False,8,29,Australia,Grafton,7,2026-09-07 06:55:00+00:00,1,Nails And Pride,11,Sportsbet,9.000,2.700,TOP3,25.000,10.000,36.10441767068273092369,-67.5060240963855421686790000000000000000000,28.915662650602409638554000,-56.3949129852744310574290000000000000000000,-48.0615796519410977241790000000000000000000,-30.5718677177847191233631563786008230452675,
NSW,Grafton,7,1400,Good,4,2026-09-07,5194178,5468585,Open,BM 64,11,False,5289493,Nails And Pride,1,1,64.5,False,A.R.Mccolm,M.J.Wilson,False,8,29,Australia,Grafton,7,2026-09-07 06:55:00+00:00,1,Nails And Pride,11,UniBet,9.000,2.750,TOP3,25.000,10.000,36.10441767068273092369,-67.5060240963855421686790000000000000000000,28.915662650602409638554000,-56.8999634903249361081790000000000000000000,-48.5666301569916027749290000000000000000000,-31.2112582561651564940116446280991735537200,
NSW,Grafton,7,1400,Good,4,2026-09-07,5194178,5468585,Open,BM 64,11,False,5289493,Nails And Pride,1,1,64.5,False,A.R.Mccolm,M.J.Wilson,False,8,29,Australia,Grafton,7,2026-09-07 06:55:00+00:00,1,Nails And Pride,11,Surge ,9.000,2.800,TOP3,25.000,10.000,36.10441767068273092369,-67.5060240963855421686790000000000000000000,28.915662650602409638554000,-57.3869764773379231206790000000000000000000,-49.0536431440045897874290000000000000000000,-31.8342553889025489710412448979591836734700,
NSW,Grafton,7,1400,Good,4,2026-09-07,5194178,5468585,Open,BM 64,11,False,5289493,Nails And Pride,1,1,64.5,False,A.R.Mccolm,M.J.Wilson,False,8,29,Australia,Grafton,7,2026-09-07 06:55:00+00:00,1,Nails And Pride,11,Betr,9.000,2.650,TOP3,25.000,10.000,36.10441767068273092369,-67.5060240963855421686790000000000000000000,28.915662650602409638554000,-55.8708039705993786464290000000000000000000,-47.5374706372660453131790000000000000000000,-29.9155411249840944409651338554645781416875,
VIC,Tatura,4,1450,Soft,7,2026-09-07,5195854,5469649,Paying,BM 0-57,8,False,5289533,Queen Of Tuscany,3,1,62.5,True,S.R.Hateley,B.R.Cunningham,False,5,,,,,,,,,,,,,,,,,,,,,
VIC,Tatura,8,1000,Soft,7,2026-09-07,5195854,5469651,Open,BM 0-57,12,False,5289567,Snow On Her,15,7,54,False,J.Darose,C.J.Davis,False,16,,,,,,,,,,,,,,,,,,,,,
NSW,Dubbo,7,1200,Good,4,2026-09-07,5196943,5468592,Open,BM 78,9,False,5289940,Deion,8,6,55,False,D.M.De Oca,B.Robb,False,6,,Australia,Dubbo,7,2026-09-07 07:20:00+00:00,8,Deion,9,Dabble,18.000,3.400,TOP3,600.000,10.000,2.99883313885647607935,-97.3010501750291715285850000000000000000000,2.550425070845140856809000,-83.5755599789507401568350000000000000000000,-79.4088933122840734898350000000000000000000,-63.8379590562287101680901903114186851211075,
NSW,Dubbo,7,1200,Good,4,2026-09-07,5196943,5468592,Open,BM 78,9,False,5289940,Deion,8,6,55,False,D.M.De Oca,B.Robb,False,6,,Australia,Dubbo,7,2026-09-07 07:20:00+00:00,8,Deion,9,Ladbrokes,23.000,3.900,TOP3,600.000,10.000,3.83230538423070511752,-96.5509251541923653942320000000000000000000,3.300550091681946991165000,-83.8418950538579172332320000000000000000000,-80.5810254886405259289820000000000000000000,-66.2812227272993030491664181459566074950700,
NSW,Dubbo,7,1200,Good,4,2026-09-07,5196943,5468592,Open,BM 78,9,False,5289940,Deion,8,6,55,False,D.M.De Oca,B.Robb,False,6,,Australia,Dubbo,7,2026-09-07 07:20:00+00:00,8,Deion,9,Sportsbet,23.000,4.330,TOP3,600.000,10.000,3.83230538423070511752,-96.5509251541923653942320000000000000000000,3.300550091681946991165000,-85.7516481183453928067320000000000000000000,-82.4907785531280015024820000000000000000000,-69.1699970672808318020236051074996399788800,
NSW,Dubbo,7,1200,Good,4,2026-09-07,5196943,5468592,Open,BM 78,9,False,5289940,Deion,8,6,55,False,D.M.De Oca,B.Robb,False,6,,Australia,Dubbo,7,2026-09-07 07:20:00+00:00,8,Deion,9,UniBet,26.000,4.400,TOP3,600.000,10.000,4.33238873145524254042,-96.1008501416902817136220000000000000000000,3.750625104184030671779000,-84.8246263654665054898720000000000000000000,-81.9400109808511208743720000000000000000000,-68.7685233775453357502934876033057851239675,
NSW,Dubbo,7,1200,Good,4,2026-09-07,5196943,5468592,Open,BM 78,9,False,5289940,Deion,8,6,55,False,D.M.De Oca,B.Robb,False,6,,Australia,Dubbo,7,2026-09-07 07:20:00+00:00,8,Deion,9,Surge ,23.000,3.900,TOP3,600.000,10.000,3.83230538423070511752,-96.5509251541923653942320000000000000000000,3.300550091681946991165000,-83.8418950538579172332320000000000000000000,-80.5810254886405259289820000000000000000000,-66.2812227272993030491664181459566074950700,
NSW,Dubbo,7,1200,Good,4,2026-09-07,5196943,5468592,Open,BM 78,9,False,5289940,Deion,8,6,55,False,D.M.De Oca,B.Robb,False,6,,Australia,Dubbo,7,2026-09-07 07:20:00+00:00,8,Deion,9,Betr,23.000,4.200,TOP3,600.000,10.000,3.83230538423070511752,-96.5509251541923653942320000000000000000000,3.300550091681946991165000,-85.2155214274842908597320000000000000000000,-81.9546518622668995554820000000000000000000,-68.3492096853961512560874421768707482993200,
VIC,Tatura,7,1980,Soft,7,2026-09-07,5195854,5469652,Open,BM 0-57,10,False,5290018,Dashing Donkey,15,7,57,False,T.M.Nugent,O.M.Osborne,False,7,,Australia,Tatura,7,2026-09-07 06:30:00+00:00,15,Dashing Donkey,10,Dabble,5.000,2.000,TOP3,8.800,8.000,57.22477064220183486239,-47.3532110091743119266012000000000000000000,42.201834862385321100917000,-39.8532110091743119266012000000000000000000,-24.8532110091743119266012000000000000000000,-6.1032110091743119266012000000000000000000,
VIC,Tatura,7,1980,Soft,7,2026-09-07,5195854,5469652,Open,BM 0-57,10,False,5290018,Dashing Donkey,15,7,57,False,T.M.Nugent,O.M.Osborne,False,7,,Australia,Tatura,7,2026-09-07 06:30:00+00:00,15,Dashing Donkey,10,Ladbrokes,5.500,1.800,TOP3,8.800,8.000,62.95871559633027522936,-42.0779816513761467889888000000000000000000,47.477064220183486238532000,-27.6840422574367528489888000000000000000000,-14.0476786210731164854888000000000000000000,4.4708398974454020329926814814814814814800,
VIC,Tatura,7,1980,Soft,7,2026-09-07,5195854,5469652,Open,BM 0-57,10,False,5290018,Dashing Donkey,15,7,57,False,T.M.Nugent,O.M.Osborne,False,7,,Australia,Tatura,7,2026-09-07 06:30:00+00:00,15,Dashing Donkey,10,Sportsbet,5.500,1.910,TOP3,8.800,8.000,62.95871559633027522936,-42.0779816513761467889888000000000000000000,47.477064220183486238532000,-30.0836932172971367937388000000000000000000,-16.4473295809335004302388000000000000000000,2.2610391589584981443740738247306817247325,
VIC,Tatura,7,1980,Soft,7,2026-09-07,5195854,5469652,Open,BM 0-57,10,False,5290018,Dashing Donkey,15,7,57,False,T.M.Nugent,O.M.Osborne,False,7,,Australia,Tatura,7,2026-09-07 06:30:00+00:00,15,Dashing Donkey,10,UniBet,5.500,2.000,TOP3,8.800,8.000,62.95871559633027522936,-42.0779816513761467889888000000000000000000,47.477064220183486238532000,-31.8507089241034195159888000000000000000000,-18.2143452877397831524888000000000000000000,0.5356547122602168475112000000000000000000,
VIC,Tatura,7,1980,Soft,7,2026-09-07,5195854,5469652,Open,BM 0-57,10,False,5290018,Dashing Donkey,15,7,57,False,T.M.Nugent,O.M.Osborne,False,7,,Australia,Tatura,7,2026-09-07 06:30:00+00:00,15,Dashing Donkey,10,Surge ,5.500,2.150,TOP3,8.800,8.000,62.95871559633027522936,-42.0779816513761467889888000000000000000000,47.477064220183486238532000,-34.4669879938708613764888000000000000000000,-20.8306243575072250129888000000000000000000,-2.1718899064526008918446680367766360194700,
VIC,Tatura,7,1980,Soft,7,2026-09-07,5195854,5469652,Open,BM 0-57,10,False,5290018,Dashing Donkey,15,7,57,False,T.M.Nugent,O.M.Osborne,False,7,,Australia,Tatura,7,2026-09-07 06:30:00+00:00,15,Dashing Donkey,10,Betr,5.500,1.920,TOP3,8.800,8.000,62.95871559633027522936,-42.0779816513761467889888000000000000000000,47.477064220183486238532000,-30.2882089241034195162388000000000000000000,-16.6518452877397831527388000000000000000000,2.0656026289268835139382833333333333333325,
NSW,Grafton,1,1700,Soft,5,2026-09-07,5194178,5468591,Paying,Maiden,7,False,5290214,Turpins Torment,5,5,59,False,J.L.Taylor,R.J.Knight,False,6,,,,,,,,,,,,,,,,,,,,,
NSW,Dubbo,6,2200,Good,4,2026-09-07,5196943,5468593,Open,BM 58,13,False,5290288,Minister Garrett,14,1,55,False,G.Johnston,J.M.Clement,False,13,41,Australia,Dubbo,6,2026-09-07 06:40:00+00:00,14,Minister Garrett,13,Dabble,31.000,4.800,TOP3,600.000,10.000,5.16586097682947157860,-95.3507251208534755792600000000000000000000,4.500750125020836806134000,-84.5644347982728304185100000000000000000000,-82.1450799595631529990100000000000000000000,-69.7752882928964863324891666666666666666675,
NSW,Dubbo,6,2200,Good,4,2026-09-07,5196943,5468593,Open,BM 58,13,False,5290288,Minister Garrett,14,1,55,False,G.Johnston,J.M.Clement,False,13,41,Australia,Dubbo,6,2026-09-07 06:40:00+00:00,14,Minister Garrett,13,Ladbrokes,46.000,8.000,TOP3,600.000,10.000,7.66627771295215869312,-93.1003500583430571761920000000000000000000,6.751125187531255209202000,-86.9862196235604484811920000000000000000000,-85.3557848409517528286920000000000000000000,-77.1526598409517528286920000000000000000000,
NSW,Dubbo,6,2200,Good,4,2026-09-07,5196943,5468593,Open,BM 58,13,False,5290288,Minister Garrett,14,1,55,False,G.Johnston,J.M.Clement,False,13,41,Australia,Dubbo,6,2026-09-07 06:40:00+00:00,14,Minister Garrett,13,Sportsbet,46.000,10.000,TOP3,600.000,10.000,7.66627771295215869312,-93.1003500583430571761920000000000000000000,6.751125187531255209202000,-88.8612196235604484811920000000000000000000,-87.2307848409517528286920000000000000000000,-80.4807848409517528286920000000000000000000,
NSW,Dubbo,6,2200,Good,4,2026-09-07,5196943,5468593,Open,BM 58,13,False,5290288,Minister Garrett,14,1,55,False,G.Johnston,J.M.Clement,False,13,41,Australia,Dubbo,6,2026-09-07 06:40:00+00:00,14,Minister Garrett,13,UniBet,41.000,7.000,TOP3,600.000,10.000,6.83280546757792965494,-93.8504750791798633105540000000000000000000,6.001000166694449074846000,-86.7947259502600026835540000000000000000000,-84.9654576575770758543040000000000000000000,-75.7817841881893207524162448979591836734700,
NSW,Dubbo,6,2200,Good,4,2026-09-07,5196943,5468593,Open,BM 58,13,False,5290288,Minister Garrett,14,1,55,False,G.Johnston,J.M.Clement,False,13,41,Australia,Dubbo,6,2026-09-07 06:40:00+00:00,14,Minister Garrett,13,Surge ,41.000,6.500,TOP3,600.000,10.000,6.83280546757792965494,-93.8504750791798633105540000000000000000000,6.001000166694449074846000,-85.9705501260841785078040000000000000000000,-84.1412818334012516785540000000000000000000,-74.3779682239337960574519289940828402366875,
NSW,Dubbo,6,2200,Good,4,2026-09-07,5196943,5468593,Open,BM 58,13,False,5290288,Minister Garrett,14,1,55,False,G.Johnston,J.M.Clement,False,13,41,Australia,Dubbo,6,2026-09-07 06:40:00+00:00,14,Minister Garrett,13,Betr,41.000,7.500,TOP3,600.000,10.000,6.83280546757792965494,-93.8504750791798633105540000000000000000000,6.001000166694449074846000,-87.5090116645457169693040000000000000000000,-85.6797433718627901400540000000000000000000,-77.0130767051961234735706666666666666666675,
NSW,Grafton,6,1200,Good,4,2026-09-07,5194178,5468587,Open,BM 58,8,False,5291094,Rethink It,9,12,58,True,,T.J.Vidler,False,13,16,,,,,,,,,,,,,,,,,,,,
VIC,Tatura,4,1450,Soft,7,2026-09-07,5195854,5469649,Paying,BM 0-57,8,False,5291217,Yongtai,10,10,55,False,S.J.Noble,S.G.Noble,False,9,,,,,,,,,,,,,,,,,,,,,
NSW,Grafton,6,1200,Good,4,2026-09-07,5194178,5468587,Open,BM 58,8,False,5291378,Got The Smarts,10,3,57.5,True,J.L.Bayliss,S.Mcguren,False,7,6,,,,,,,,,,,,,,,,,,,,
NSW,Dubbo,7,1200,Good,4,2026-09-07,5196943,5468592,Open,BM 78,9,False,5291702,Zarizatycoon,2,7,59,False,C.Gallagher,G.M.Williams,False,1,,Australia,Dubbo,7,2026-09-07 07:20:00+00:00,2,Zarizatycoon,9,Dabble,4.800,1.600,TOP3,12.000,10.000,40.25210084033613445378,-63.7731092436974789915980000000000000000000,28.739495798319327731092000,-48.1481092436974789910980000000000000000000,-32.5231092436974789913480000000000000000000,-14.9449842436974789913480000000000000000000,
NSW,Dubbo,7,1200,Good,4,2026-09-07,5196943,5468592,Open,BM 78,9,False,5291702,Zarizatycoon,2,7,59,False,C.Gallagher,G.M.Williams,False,1,,Australia,Dubbo,7,2026-09-07 07:20:00+00:00,2,Zarizatycoon,9,Ladbrokes,5.500,1.500,TOP3,12.000,10.000,46.13445378151260504202,-58.4789915966386554621820000000000000000000,34.033613445378151260504000,-35.7517188693659281889320000000000000000000,-22.1153552330022918254320000000000000000000,-5.4486885663356251588486666666666666666675,
NSW,Dubbo,7,1200,Good,4,2026-09-07,5196943,5468592,Open,BM 78,9,False,5291702,Zarizatycoon,2,7,59,False,C.Gallagher,G.M.Williams,False,1,,Australia,Dubbo,7,2026-09-07 07:20:00+00:00,2,Zarizatycoon,9,Sportsbet,5.500,1.620,TOP3,12.000,10.000,46.13445378151260504202,-58.4789915966386554621820000000000000000000,34.033613445378151260504000,-39.4554225730696318926820000000000000000000,-25.8190589367059955291820000000000000000000,-8.1007233171358080578077430269775948788300,
NSW,Dubbo,7,1200,Good,4,2026-09-07,5196943,5468592,Open,BM 78,9,False,5291702,Zarizatycoon,2,7,59,False,C.Gallagher,G.M.Williams,False,1,,Australia,Dubbo,7,2026-09-07 07:20:00+00:00,2,Zarizatycoon,9,UniBet,5.500,1.650,TOP3,12.000,10.000,46.13445378151260504202,-58.4789915966386554621820000000000000000000,34.033613445378151260504000,-40.2971734148204736434320000000000000000000,-26.6608097784568372799320000000000000000000,-8.7544736903025673075428815426997245179075,
NSW,Dubbo,7,1200,Good,4,2026-09-07,5196943,5468592,Open,BM 78,9,False,5291702,Zarizatycoon,2,7,59,False,C.Gallagher,G.M.Williams,False,1,,Australia,Dubbo,7,2026-09-07 07:20:00+00:00,2,Zarizatycoon,9,Surge ,5.500,1.750,TOP3,12.000,10.000,46.13445378151260504202,-58.4789915966386554621820000000000000000000,34.033613445378151260504000,-42.8945760122230710464320000000000000000000,-29.2582123758594346829320000000000000000000,-10.8908654370839244788350612244897959183675,
NSW,Dubbo,7,1200,Good,4,2026-09-07,5196943,5468592,Open,BM 78,9,False,5291702,Zarizatycoon,2,7,59,False,C.Gallagher,G.M.Williams,False,1,,Australia,Dubbo,7,2026-09-07 07:20:00+00:00,2,Zarizatycoon,9,Betr,5.500,1.650,TOP3,12.000,10.000,46.13445378151260504202,-58.4789915966386554621820000000000000000000,34.033613445378151260504000,-40.2971734148204736434320000000000000000000,-26.6608097784568372799320000000000000000000,-8.7544736903025673075428815426997245179075,
NSW,Dubbo,4,1400,Good,4,2026-09-07,5196943,5468594,Open,BM 0-57,14,False,5292276,Externus,15,18,60,True,,S.A.Torrens,False,14,2,,,,,,,,,,,,,,,,,,,,
VIC,Tatura,4,1450,Soft,7,2026-09-07,5195854,5469649,Paying,BM 0-57,8,False,5292304,Real Alliance,1,8,63,False,B.Rawiller,L.F.Oliver,False,6,,,,,,,,,,,,,,,,,,,,,
NSW,Dubbo,5,1000,Good,4,2026-09-07,5196943,5468595,Open,BM 58,12,False,5292418,Pickaxe,13,4,58.5,False,M.Weir,C.Greig,False,1,,,,,,,,,,,,,,,,,,,,,
WA,Lark Hill,13,950,Good,4,2026-09-07,5197375,5478891,Paying,Trial,10,True,5293299,Maxines Wish,5,0,,False,S.Starley,B.P.Graham,False,1,,,,,,,,,,,,,,,,,,,,,
WA,Lark Hill,3,950,Soft,5,2026-09-07,5197375,5478528,Paying,Trial,9,True,5293627,Playhouse Patron,11,0,,False,B.M.Gaerth,R.C.Mcpherson,False,1,38,,,,,,,,,,,,,,,,,,,,
NSW,Dubbo,4,1400,Good,4,2026-09-07,5196943,5468594,Open,BM 0-57,14,False,5294247,Gold Smiles,4,2,61,False,J.Thompson,S.A.Torrens,False,26,49,,,,,,,,,,,,,,,,,,,,
NSW,Dubbo,4,1400,Good,4,2026-09-07,5196943,5468594,Open,BM 0-57,14,False,5294626,Avoid Me,20,8,57.5,True,D.M.De Oca,C.Greig,False,7,12,,,,,,,,,,,,,,,,,,,,
WA,Lark Hill,16,1400,Good,4,2026-09-07,5197375,5478532,Paying,Trial,5,True,5295460,Strictly Cash,6,0,,False,C.L.Azzopardi,S.J.Ryan,False,9,15,,,,,,,,,,,,,,,,,,,,
VIC,Tatura,8,1000,Soft,7,2026-09-07,5195854,5469651,Open,BM 0-57,12,False,5295685,Time To Rumble,5,9,62,False,A.Kelly,A.J.Payne,False,2,10,Australia,Tatura,8,2026-09-07 07:00:00+00:00,5,Time To Rumble,12,Dabble,16.000,3.900,TOP3,600.000,8.000,2.66535538071742899053,-97.5478730497399653287124000000000000000000,2.300306707561008134418000,-87.6921038189707345592124000000000000000000,-83.0046038189707345592124000000000000000000,-68.7048010576295116793968181459566074950700,
VIC,Tatura,8,1000,Soft,7,2026-09-07,5195854,5469651,Open,BM 0-57,12,False,5295685,Time To Rumble,5,9,62,False,A.Kelly,A.J.Payne,False,2,10,Australia,Tatura,8,2026-09-07 07:00:00+00:00,5,Time To Rumble,12,Ladbrokes,17.000,4.200,TOP3,600.000,8.000,2.83204427256967595679,-97.3945192692358981197532000000000000000000,2.453660488065075343379000,-88.3609058238577468587532000000000000000000,-83.9491411179753939177532000000000000000000,-70.3436989411046456183586421768707482993200,
VIC,Tatura,8,1000,Soft,7,2026-09-07,5195854,5469651,Open,BM 0-57,12,False,5295685,Time To Rumble,5,9,62,False,A.Kelly,A.J.Payne,False,2,10,Australia,Tatura,8,2026-09-07 07:00:00+00:00,5,Time To Rumble,12,Sportsbet,17.000,4.200,TOP3,600.000,8.000,2.83204427256967595679,-97.3945192692358981197532000000000000000000,2.453660488065075343379000,-88.3609058238577468587532000000000000000000,-83.9491411179753939177532000000000000000000,-70.3436989411046456183586421768707482993200,
VIC,Tatura,8,1000,Soft,7,2026-09-07,5195854,5469651,Open,BM 0-57,12,False,5295685,Time To Rumble,5,9,62,False,A.Kelly,A.J.Payne,False,2,10,Australia,Tatura,8,2026-09-07 07:00:00+00:00,5,Time To Rumble,12,UniBet,17.000,4.250,TOP3,600.000,8.000,2.83204427256967595679,-97.3945192692358981197532000000000000000000,2.453660488065075343379000,-88.5709898574711922370032000000000000000000,-84.1592251515888392960032000000000000000000,-70.6644154630075244170871100346020761245675,
VIC,Tatura,8,1000,Soft,7,2026-09-07,5195854,5469651,Open,BM 0-57,12,False,5295685,Time To Rumble,5,9,62,False,A.Kelly,A.J.Payne,False,2,10,Australia,Tatura,8,2026-09-07 07:00:00+00:00,5,Time To Rumble,12,Surge ,16.000,3.900,TOP3,600.000,8.000,2.66535538071742899053,-97.5478730497399653287124000000000000000000,2.300306707561008134418000,-87.6921038189707345592124000000000000000000,-83.0046038189707345592124000000000000000000,-68.7048010576295116793968181459566074950700,
VIC,Tatura,8,1000,Soft,7,2026-09-07,5195854,5469651,Open,BM 0-57,12,False,5295685,Time To Rumble,5,9,62,False,A.Kelly,A.J.Payne,False,2,10,Australia,Tatura,8,2026-09-07 07:00:00+00:00,5,Time To Rumble,12,Betr,16.000,4.000,TOP3,600.000,8.000,2.66535538071742899053,-97.5478730497399653287124000000000000000000,2.300306707561008134418000,-88.1728730497399653287124000000000000000000,-83.4853730497399653287124000000000000000000,-69.4228730497399653287124000000000000000000,
VIC,Ballarat Synthetic,1,1100,Synth,,2026-09-07,5197847,5478702,Paying,Trial,5,True,5296744,Berkeley Square,1,0,,False,D.Bates,D.O'Sullivan,False,3,18,,,,,,,,,,,,,,,,,,,,
NSW,Dubbo,4,1400,Good,4,2026-09-07,5196943,5468594,Open,BM 0-57,14,False,5297831,Smart Lily,14,14,58.5,False,K.Nestor,W.T.Wilkes,False,4,,,,,,,,,,,,,,,,,,,,,
VIC,Cranbourne-Trn,2,800,,0,2026-09-07,5197805,5477679,FinalFields,Trial,9,True,5298239,Rey Magnerio,2,0,,False,,R.D.Griffiths,False,1,12,,,,,,,,,,,,,,,,,,,,
NSW,Dubbo,5,1000,Good,4,2026-09-07,5196943,5468595,Open,BM 58,12,False,5298958,Miss Capricorn,3,17,61.5,False,H.Hull,C.Greig,False,2,,Australia,Dubbo,5,2026-09-07 06:05:00+00:00,3,Miss Capricorn,12,Dabble,18.000,3.700,TOP3,600.000,10.000,2.99883313885647607935,-97.3010501750291715285850000000000000000000,2.550425070845140856809000,-85.3641132380922345923350000000000000000000,-81.1974465714255679253350000000000000000000,-66.4056277255526679983903323593864134404675,
NSW,Dubbo,5,1000,Good,4,2026-09-07,5196943,5468595,Open,BM 58,12,False,5298958,Miss Capricorn,3,17,61.5,False,H.Hull,C.Greig,False,2,,Australia,Dubbo,5,2026-09-07 06:05:00+00:00,3,Miss Capricorn,12,Ladbrokes,23.000,4.800,TOP3,600.000,10.000,3.83230538423070511752,-96.5509251541923653942320000000000000000000,3.300550091681946991165000,-87.4476642846271480029820000000000000000000,-84.1867947194097566987320000000000000000000,-71.8170030527430900322111666666666666666675,
NSW,Dubbo,5,1000,Good,4,2026-09-07,5196943,5468595,Open,BM 58,12,False,5298958,Miss Capricorn,3,17,61.5,False,H.Hull,C.Greig,False,2,,Australia,Dubbo,5,2026-09-07 06:05:00+00:00,3,Miss Capricorn,12,Sportsbet,23.000,5.500,TOP3,600.000,10.000,3.83230538423070511752,-96.5509251541923653942320000000000000000000,3.300550091681946991165000,-89.4363006482635116392320000000000000000000,-86.1754310830461203349820000000000000000000,-75.0184062896576905830026611570247933884300,
NSW,Dubbo,5,1000,Good,4,2026-09-07,5196943,5468595,Open,BM 58,12,False,5298958,Miss Capricorn,3,17,61.5,False,H.Hull,C.Greig,False,2,,Australia,Dubbo,5,2026-09-07 06:05:00+00:00,3,Miss Capricorn,12,UniBet,23.000,4.750,TOP3,600.000,10.000,3.83230538423070511752,-96.5509251541923653942320000000000000000000,3.300550091681946991165000,-87.2831906004166216869820000000000000000000,-84.0223210351992303827320000000000000000000,-71.5569470739803938176579002770083102493075,
NSW,Dubbo,5,1000,Good,4,2026-09-07,5196943,5468595,Open,BM 58,12,False,5298958,Miss Capricorn,3,17,61.5,False,H.Hull,C.Greig,False,2,,Australia,Dubbo,5,2026-09-07 06:05:00+00:00,3,Miss Capricorn,12,Surge ,23.000,4.200,TOP3,600.000,10.000,3.83230538423070511752,-96.5509251541923653942320000000000000000000,3.300550091681946991165000,-85.2155214274842908597320000000000000000000,-81.9546518622668995554820000000000000000000,-68.3492096853961512560874421768707482993200,
NSW,Dubbo,5,1000,Good,4,2026-09-07,5196943,5468595,Open,BM 58,12,False,5298958,Miss Capricorn,3,17,61.5,False,H.Hull,C.Greig,False,2,,Australia,Dubbo,5,2026-09-07 06:05:00+00:00,3,Miss Capricorn,12,Betr,23.000,5.000,TOP3,600.000,10.000,3.83230538423070511752,-96.5509251541923653942320000000000000000000,3.300550091681946991165000,-88.0726642846271480027320000000000000000000,-84.8117947194097566984820000000000000000000,-72.8117947194097566984820000000000000000000,
NSW,Grafton,7,1400,Good,4,2026-09-07,5194178,5468585,Open,BM 64,11,False,5299255,Hotzino,17,2,55,True,,J.B.Reilly,False,6,14,,,,,,,,,,,,,,,,,,,,
VIC,Ballarat Synthetic,1,1100,Synth,,2026-09-07,5197847,5478702,Paying,Trial,5,True,5300652,Verifier,2,0,,False,B.P.Deeker-Fradd,N.A.Blackiston,False,7,36,,,,,,,,,,,,,,,,,,,,
NSW,Dubbo,7,1200,Good,4,2026-09-07,5196943,5468592,Open,BM 78,9,False,5301558,Miss Jennifer,4,3,57,False,W.A.Peel,W.A.Peel,False,13,31,Australia,Dubbo,7,2026-09-07 07:20:00+00:00,4,Miss Jennifer,9,Dabble,21.000,3.600,TOP3,600.000,10.000,3.49891648608101350225,-96.8509751625270878479750000000000000000000,3.000500083347224537423000,-83.1604989720508973719750000000000000000000,-79.5890704006223259432250000000000000000000,-64.5427741043260296468546296296296296296300,
NSW,Dubbo,7,1200,Good,4,2026-09-07,5196943,5468592,Open,BM 78,9,False,5301558,Miss Jennifer,4,3,57,False,W.A.Peel,W.A.Peel,False,13,31,Australia,Dubbo,7,2026-09-07 07:20:00+00:00,4,Miss Jennifer,9,Ladbrokes,27.000,4.400,TOP3,600.000,10.000,4.49908318053008834806,-95.9508251375229204867460000000000000000000,3.900650108351391898650000,-84.4609261476239305879960000000000000000000,-81.6831483698461528099960000000000000000000,-68.5116607665403676859174876033057851239675,
NSW,Dubbo,7,1200,Good,4,2026-09-07,5196943,5468592,Open,BM 78,9,False,5301558,Miss Jennifer,4,3,57,False,W.A.Peel,W.A.Peel,False,13,31,Australia,Dubbo,7,2026-09-07 07:20:00+00:00,4,Miss Jennifer,9,Sportsbet,27.000,5.500,TOP3,600.000,10.000,4.49908318053008834806,-95.9508251375229204867460000000000000000000,3.900650108351391898650000,-87.8700170567148396792460000000000000000000,-85.0922392789370619012460000000000000000000,-73.9352144855486321492666611570247933884300,
NSW,Dubbo,7,1200,Good,4,2026-09-07,5196943,5468592,Open,BM 78,9,False,5301558,Miss Jennifer,4,3,57,False,W.A.Peel,W.A.Peel,False,13,31,Australia,Dubbo,7,2026-09-07 07:20:00+00:00,4,Miss Jennifer,9,UniBet,26.000,4.400,TOP3,600.000,10.000,4.33238873145524254042,-96.1008501416902817136220000000000000000000,3.750625104184030671779000,-84.8246263654665054898720000000000000000000,-81.9400109808511208743720000000000000000000,-68.7685233775453357502934876033057851239675,
NSW,Dubbo,7,1200,Good,4,2026-09-07,5196943,5468592,Open,BM 78,9,False,5301558,Miss Jennifer,4,3,57,False,W.A.Peel,W.A.Peel,False,13,31,Australia,Dubbo,7,2026-09-07 07:20:00+00:00,4,Miss Jennifer,9,Surge ,26.000,4.000,TOP3,600.000,10.000,4.33238873145524254042,-96.1008501416902817136220000000000000000000,3.750625104184030671779000,-83.1200809109210509446220000000000000000000,-80.2354655263056663291220000000000000000000,-66.1729655263056663291220000000000000000000,
NSW,Dubbo,7,1200,Good,4,2026-09-07,5196943,5468592,Open,BM 78,9,False,5301558,Miss Jennifer,4,3,57,False,W.A.Peel,W.A.Peel,False,13,31,Australia,Dubbo,7,2026-09-07 07:20:00+00:00,4,Miss Jennifer,9,Betr,26.000,4.500,TOP3,600.000,10.000,4.33238873145524254042,-96.1008501416902817136220000000000000000000,3.750625104184030671779000,-85.2034142442543842781220000000000000000000,-82.3187988596389996626220000000000000000000,-69.3558358966760366997516296296296296296300,
VIC,Cranbourne-Trn,2,800,,0,2026-09-07,5197805,5477679,FinalFields,Trial,9,True,5302003,Charm Stone,1,0,,False,,Mick Price & Michael Kent (Jnr),False,1,8,,,,,,,,,,,,,,,,,,,,
VIC,Tatura,5,1450,Soft,7,2026-09-07,5195854,5469646,Open,BM 0-57,7,False,5302534,Eire To The Jungle,8,9,61.5,False,W.Gordon,T.A.Lake,False,10,,Australia,Tatura,5,2026-09-07 05:30:00+00:00,8,Eire To The Jungle,8,Dabble,20.000,3.800,TOP3,620.000,8.000,3.22460962704865143890,-97.0333591431152406762120000000000000000000,2.819718673377209962576000,-84.7965170378520827817120000000000000000000,-81.0465170378520827817120000000000000000000,-66.5035807497634401225444099722991689750700,
VIC,Tatura,5,1450,Soft,7,2026-09-07,5195854,5469646,Open,BM 0-57,7,False,5302534,Eire To The Jungle,8,9,61.5,False,W.Gordon,T.A.Lake,False,10,,Australia,Tatura,5,2026-09-07 05:30:00+00:00,8,Eire To The Jungle,8,Ladbrokes,21.000,3.900,TOP3,620.000,8.000,3.38592076396954445735,-96.8849528971480190992380000000000000000000,2.968124919344431539553000,-84.7970408092359311872380000000000000000000,-81.2256122378073597584880000000000000000000,-66.9258094764661368786724181459566074950700,
VIC,Tatura,5,1450,Soft,7,2026-09-07,5195854,5469646,Open,BM 0-57,7,False,5302534,Eire To The Jungle,8,9,61.5,False,W.Gordon,T.A.Lake,False,10,,Australia,Tatura,5,2026-09-07 05:30:00+00:00,8,Eire To The Jungle,8,Sportsbet,20.000,4.330,TOP3,620.000,8.000,3.22460962704865143890,-97.0333591431152406762120000000000000000000,2.819718673377209962576000,-87.2123429768334854802120000000000000000000,-83.4623429768334854802120000000000000000000,-70.1415614909863157797536051074996399788800,
VIC,Tatura,5,1450,Soft,7,2026-09-07,5195854,5469646,Open,BM 0-57,7,False,5302534,Eire To The Jungle,8,9,61.5,False,W.Gordon,T.A.Lake,False,10,,Australia,Tatura,5,2026-09-07 05:30:00+00:00,8,Eire To The Jungle,8,UniBet,21.000,4.250,TOP3,620.000,8.000,3.38592076396954445735,-96.8849528971480190992380000000000000000000,2.968124919344431539553000,-86.3807512164757501919880000000000000000000,-82.8093226450471787632380000000000000000000,-69.3145129564658638843219100346020761245675,
VIC,Tatura,5,1450,Soft,7,2026-09-07,5195854,5469646,Open,BM 0-57,7,False,5302534,Eire To The Jungle,8,9,61.5,False,W.Gordon,T.A.Lake,False,10,,Australia,Tatura,5,2026-09-07 05:30:00+00:00,8,Eire To The Jungle,8,Surge ,21.000,3.800,TOP3,620.000,8.000,3.38592076396954445735,-96.8849528971480190992380000000000000000000,2.968124919344431539553000,-84.2909679347420040622380000000000000000000,-80.7195393633134326334880000000000000000000,-66.1766030752247899743204099722991689750700,
VIC,Tatura,5,1450,Soft,7,2026-09-07,5195854,5469646,Open,BM 0-57,7,False,5302534,Eire To The Jungle,8,9,61.5,False,W.Gordon,T.A.Lake,False,10,,Australia,Tatura,5,2026-09-07 05:30:00+00:00,8,Eire To The Jungle,8,Betr,21.000,4.200,TOP3,620.000,8.000,3.38592076396954445735,-96.8849528971480190992380000000000000000000,2.968124919344431539553000,-86.1706671828623048137380000000000000000000,-82.5992386114337333849880000000000000000000,-68.9937964345629850855934421768707482993200,
VIC,Tatura,6,1600,Soft,7,2026-09-07,5195854,5469645,Open,BM 0-57,12,False,5302605,Hydrogen Power,7,14,59.5,False,C.J.Parish,N.J.Hobson,False,39,3,Australia,Tatura,6,2026-09-07 06:00:00+00:00,7,Hydrogen Power,12,Dabble,16.000,3.800,TOP3,600.000,8.000,2.66535538071742899053,-97.5478730497399653287124000000000000000000,2.300306707561008134418000,-87.1860309444768074342124000000000000000000,-82.4985309444768074342124000000000000000000,-67.9555946563881647750448099722991689750700,
VIC,Tatura,6,1600,Soft,7,2026-09-07,5195854,5469645,Open,BM 0-57,12,False,5302605,Hydrogen Power,7,14,59.5,False,C.J.Parish,N.J.Hobson,False,39,3,Australia,Tatura,6,2026-09-07 06:00:00+00:00,7,Hydrogen Power,12,Ladbrokes,16.000,3.600,TOP3,600.000,8.000,2.66535538071742899053,-97.5478730497399653287124000000000000000000,2.300306707561008134418000,-86.0895397164066319952124000000000000000000,-81.4020397164066319952124000000000000000000,-66.3557434201103356988420296296296296296300,
VIC,Tatura,6,1600,Soft,7,2026-09-07,5195854,5469645,Open,BM 0-57,12,False,5302605,Hydrogen Power,7,14,59.5,False,C.J.Parish,N.J.Hobson,False,39,3,Australia,Tatura,6,2026-09-07 06:00:00+00:00,7,Hydrogen Power,12,Sportsbet,17.000,4.000,TOP3,600.000,8.000,2.83204427256967595679,-97.3945192692358981197532000000000000000000,2.453660488065075343379000,-87.4680486810006040017532000000000000000000,-83.0562839751182510607532000000000000000000,-68.9937839751182510607532000000000000000000,
VIC,Tatura,6,1600,Soft,7,2026-09-07,5195854,5469645,Open,BM 0-57,12,False,5302605,Hydrogen Power,7,14,59.5,False,C.J.Parish,N.J.Hobson,False,39,3,Australia,Tatura,6,2026-09-07 06:00:00+00:00,7,Hydrogen Power,12,UniBet,17.000,4.000,TOP3,600.000,8.000,2.83204427256967595679,-97.3945192692358981197532000000000000000000,2.453660488065075343379000,-87.4680486810006040017532000000000000000000,-83.0562839751182510607532000000000000000000,-68.9937839751182510607532000000000000000000,
VIC,Tatura,6,1600,Soft,7,2026-09-07,5195854,5469645,Open,BM 0-57,12,False,5302605,Hydrogen Power,7,14,59.5,False,C.J.Parish,N.J.Hobson,False,39,3,Australia,Tatura,6,2026-09-07 06:00:00+00:00,7,Hydrogen Power,12,Surge ,16.000,3.700,TOP3,600.000,8.000,2.66535538071742899053,-97.5478730497399653287124000000000000000000,2.300306707561008134418000,-86.6526027794696950584624000000000000000000,-81.9651027794696950584624000000000000000000,-67.1732839335967951315177323593864134404675,
VIC,Tatura,6,1600,Soft,7,2026-09-07,5195854,5469645,Open,BM 0-57,12,False,5302605,Hydrogen Power,7,14,59.5,False,C.J.Parish,N.J.Hobson,False,39,3,Australia,Tatura,6,2026-09-07 06:00:00+00:00,7,Hydrogen Power,12,Betr,17.000,3.700,TOP3,600.000,8.000,2.83204427256967595679,-97.3945192692358981197532000000000000000000,2.453660488065075343379000,-85.9477784107303337315032000000000000000000,-81.5360137048479807905032000000000000000000,-66.7441948589750808635585323593864134404675,
NSW,Dubbo,6,2200,Good,4,2026-09-07,5196943,5468593,Open,BM 58,13,False,5302652,No More Romance,11,10,55,False,D.Dillon,W.T.Boyd,False,6,10,,,,,,,,,,,,,,,,,,,,
NSW,Dubbo,2,1000,Good,4,2026-09-07,5196943,5468598,Paying,Maiden,11,False,5302840,Best Defence,1,16,59,False,Z.A.Hunt,C.J.Lundholm,False,2,9,,,,,,,,,,,,,,,,,,,,
NSW,Dubbo,4,1400,Good,4,2026-09-07,5196943,5468594,Open,BM 0-57,14,False,5303074,Take The Chance,8,10,60.5,False,K.Dunbar,M.C.Lynch,False,18,25,,,,,,,,,,,,,,,,,,,,
NSW,Dubbo,4,1400,Good,4,2026-09-07,5196943,5468594,Open,BM 0-57,14,False,5303873,Kelilah,6,20,61,True,W.Costin,M.D.Harrison,False,8,,,,,,,,,,,,,,,,,,,,,
NSW,Dubbo,5,1000,Good,4,2026-09-07,5196943,5468595,Open,BM 58,12,False,5303934,Line Of Law,2,6,61.5,False,J.G.Stiff,C.Greig,False,22,10,Australia,Dubbo,5,2026-09-07 06:05:00+00:00,2,Line Of Law,12,Dabble,16.000,3.600,TOP3,600.000,10.000,2.66544424070678446408,-97.6011001833638939823280000000000000000000,2.250375062510418403067000,-86.1427668500305606488280000000000000000000,-81.4552668500305606488280000000000000000000,-66.4089705537342643524576296296296296296300,
NSW,Dubbo,5,1000,Good,4,2026-09-07,5196943,5468595,Open,BM 58,12,False,5303934,Line Of Law,2,6,61.5,False,J.G.Stiff,C.Greig,False,22,10,Australia,Dubbo,5,2026-09-07 06:05:00+00:00,2,Line Of Law,12,Ladbrokes,21.000,4.600,TOP3,600.000,10.000,3.49891648608101350225,-96.8509751625270878479750000000000000000000,3.000500083347224537423000,-87.6894844792972741834750000000000000000000,-84.1180559078687027547250000000000000000000,-71.3581315222354324332164933837429111531200,
NSW,Dubbo,5,1000,Good,4,2026-09-07,5196943,5468595,Open,BM 58,12,False,5303934,Line Of Law,2,6,61.5,False,J.G.Stiff,C.Greig,False,22,10,Australia,Dubbo,5,2026-09-07 06:05:00+00:00,2,Line Of Law,12,Sportsbet,18.000,4.200,TOP3,600.000,10.000,2.99883313885647607935,-97.3010501750291715285850000000000000000000,2.550425070845140856809000,-87.7772406512196477195850000000000000000000,-83.6105739845529810525850000000000000000000,-70.0051318076822327531904421768707482993200,
NSW,Dubbo,5,1000,Good,4,2026-09-07,5196943,5468595,Open,BM 58,12,False,5303934,Line Of Law,2,6,61.5,False,J.G.Stiff,C.Greig,False,22,10,Australia,Dubbo,5,2026-09-07 06:05:00+00:00,2,Line Of Law,12,UniBet,17.000,3.800,TOP3,600.000,10.000,2.83213868978163027171,-97.4510751791965327554610000000000000000000,2.400400066677779629938000,-86.5377624856980807429610000000000000000000,-82.1259977798157278019610000000000000000000,-67.5830614917270851427934099722991689750700,
NSW,Dubbo,5,1000,Good,4,2026-09-07,5196943,5468595,Open,BM 58,12,False,5303934,Line Of Law,2,6,61.5,False,J.G.Stiff,C.Greig,False,22,10,Australia,Dubbo,5,2026-09-07 06:05:00+00:00,2,Line Of Law,12,Surge ,23.000,4.200,TOP3,600.000,10.000,3.83230538423070511752,-96.5509251541923653942320000000000000000000,3.300550091681946991165000,-85.2155214274842908597320000000000000000000,-81.9546518622668995554820000000000000000000,-68.3492096853961512560874421768707482993200,
NSW,Dubbo,5,1000,Good,4,2026-09-07,5196943,5468595,Open,BM 58,12,False,5303934,Line Of Law,2,6,61.5,False,J.G.Stiff,C.Greig,False,22,10,Australia,Dubbo,5,2026-09-07 06:05:00+00:00,2,Line Of Law,12,Betr,21.000,4.600,TOP3,600.000,10.000,3.49891648608101350225,-96.8509751625270878479750000000000000000000,3.000500083347224537423000,-87.6894844792972741834750000000000000000000,-84.1180559078687027547250000000000000000000,-71.3581315222354324332164933837429111531200,
VIC,Tatura,2,1000,Soft,7,2026-09-07,5195854,5469650,Paying,Maiden,10,False,5303955,Ilovediamonds,14,18,57.5,False,N.Farley,S.W.Mathrick,False,2,,,,,,,,,,,,,,,,,,,,,
NSW,Dubbo,1,1000,,0,2026-09-07,5197837,5477831,FinalFields,Trial,8,True,5304145,Talakai,6,0,,False,,B.Robb,False,7,,,,,,,,,,,,,,,,,,,,,
NSW,Grafton,7,1400,Good,4,2026-09-07,5194178,5468585,Open,BM 64,11,False,5304237,Out Of Luck,16,17,55.5,True,N.Tomizawa,I.Turner,False,7,14,,,,,,,,,,,,,,,,,,,,
VIC,Tatura,8,1000,Soft,7,2026-09-07,5195854,5469651,Open,BM 0-57,12,False,5305037,Do It Now,7,4,59.5,False,W.J.Egan,L.F.Oliver,False,2,7,Australia,Tatura,8,2026-09-07 07:00:00+00:00,7,Do It Now,12,Dabble,5.000,2.000,TOP3,11.500,8.000,43.69527145359019264448,-59.8003502626970227670784000000000000000000,32.224168126094570928196000,-52.3003502626970227670784000000000000000000,-37.3003502626970227670784000000000000000000,-18.5503502626970227670784000000000000000000,
VIC,Tatura,8,1000,Soft,7,2026-09-07,5195854,5469651,Open,BM 0-57,12,False,5305037,Do It Now,7,4,59.5,False,W.J.Egan,L.F.Oliver,False,2,7,Australia,Tatura,8,2026-09-07 07:00:00+00:00,7,Do It Now,12,Ladbrokes,6.000,2.050,TOP3,11.500,8.000,52.45183887915936952715,-51.7443082311733800350220000000000000000000,40.280210157618213660245000,-40.1589423775148434505220000000000000000000,-27.6589423775148434502720000000000000000000,-8.9200964524702271504593884592504461630000,
VIC,Tatura,8,1000,Soft,7,2026-09-07,5195854,5469651,Open,BM 0-57,12,False,5305037,Do It Now,7,4,59.5,False,W.J.Egan,L.F.Oliver,False,2,7,Australia,Tatura,8,2026-09-07 07:00:00+00:00,7,Do It Now,12,Sportsbet,5.500,1.910,TOP3,11.500,8.000,48.07355516637478108581,-55.7723292469352014010548000000000000000000,36.252189141856392294221000,-43.7780408128561914058048000000000000000000,-30.1416771764925550423048000000000000000000,-11.4333084366005564676919261752693182752675,
VIC,Tatura,8,1000,Soft,7,2026-09-07,5195854,5469651,Open,BM 0-57,12,False,5305037,Do It Now,7,4,59.5,False,W.J.Egan,L.F.Oliver,False,2,7,Australia,Tatura,8,2026-09-07 07:00:00+00:00,7,Do It Now,12,UniBet,5.500,2.150,TOP3,11.500,8.000,48.07355516637478108581,-55.7723292469352014010548000000000000000000,36.252189141856392294221000,-48.1613355894299159885548000000000000000000,-34.5249719530662796250548000000000000000000,-15.8662375020116555039106680367766360194700,
VIC,Tatura,8,1000,Soft,7,2026-09-07,5195854,5469651,Open,BM 0-57,12,False,5305037,Do It Now,7,4,59.5,False,W.J.Egan,L.F.Oliver,False,2,7,Australia,Tatura,8,2026-09-07 07:00:00+00:00,7,Do It Now,12,Surge ,5.500,2.150,TOP3,11.500,8.000,48.07355516637478108581,-55.7723292469352014010548000000000000000000,36.252189141856392294221000,-48.1613355894299159885548000000000000000000,-34.5249719530662796250548000000000000000000,-15.8662375020116555039106680367766360194700,
VIC,Tatura,8,1000,Soft,7,2026-09-07,5195854,5469651,Open,BM 0-57,12,False,5305037,Do It Now,7,4,59.5,False,W.J.Egan,L.F.Oliver,False,2,7,Australia,Tatura,8,2026-09-07 07:00:00+00:00,7,Do It Now,12,Betr,5.500,1.970,TOP3,11.500,8.000,48.07355516637478108581,-55.7723292469352014010548000000000000000000,36.252189141856392294221000,-44.9739905298147583918048000000000000000000,-31.3376268934511220283048000000000000000000,-12.5919751116479320466027141436264783941875,
VIC,Tatura,7,1980,Soft,7,2026-09-07,5195854,5469652,Open,BM 0-57,10,False,5305830,Brassi Road,17,15,54,True,,C.J.Davis,False,44,21,,,,,,,,,,,,,,,,,,,,
NSW,Dubbo,4,1400,Good,4,2026-09-07,5196943,5468594,Open,BM 0-57,14,False,5306004,Lagoon,12,16,58.5,False,J.Partridge,K.A.Kennedy,False,17,,,,,,,,,,,,,,,,,,,,,
NSW,Grafton,4,1000,Good,4,2026-09-07,5194178,5468586,Interim,BM 58,9,False,5306398,Parana River,8,6,57,True,,T.J.Vidler,False,9,25,,,,,,,,,,,,,,,,,,,,
NSW,Dubbo,5,1000,Good,4,2026-09-07,5196943,5468595,Open,BM 58,12,False,5306407,Bounding Bon,7,13,59.5,False,K.Dunbar,M.C.Lynch,False,18,,Australia,Dubbo,5,2026-09-07 06:05:00+00:00,7,Bounding Bon,12,Dabble,16.000,3.600,TOP3,600.000,10.000,2.66544424070678446408,-97.6011001833638939823280000000000000000000,2.250375062510418403067000,-86.1427668500305606488280000000000000000000,-81.4552668500305606488280000000000000000000,-66.4089705537342643524576296296296296296300,
NSW,Dubbo,5,1000,Good,4,2026-09-07,5196943,5468595,Open,BM 58,12,False,5306407,Bounding Bon,7,13,59.5,False,K.Dunbar,M.C.Lynch,False,18,,Australia,Dubbo,5,2026-09-07 06:05:00+00:00,7,Bounding Bon,12,Ladbrokes,20.000,4.500,TOP3,600.000,10.000,3.33222203700616769462,-97.0010001666944490748420000000000000000000,2.850475079179863310552000,-87.8343335000277824083420000000000000000000,-84.0843335000277824083420000000000000000000,-71.1213705370648194454716296296296296296300,
NSW,Dubbo,5,1000,Good,4,2026-09-07,5196943,5468595,Open,BM 58,12,False,5306407,Bounding Bon,7,13,59.5,False,K.Dunbar,M.C.Lynch,False,18,,Australia,Dubbo,5,2026-09-07 06:05:00+00:00,7,Bounding Bon,12,Sportsbet,20.000,4.500,TOP3,600.000,10.000,3.33222203700616769462,-97.0010001666944490748420000000000000000000,2.850475079179863310552000,-87.8343335000277824083420000000000000000000,-84.0843335000277824083420000000000000000000,-71.1213705370648194454716296296296296296300,
NSW,Dubbo,5,1000,Good,4,2026-09-07,5196943,5468595,Open,BM 58,12,False,5306407,Bounding Bon,7,13,59.5,False,K.Dunbar,M.C.Lynch,False,18,,Australia,Dubbo,5,2026-09-07 06:05:00+00:00,7,Bounding Bon,12,UniBet,20.000,4.400,TOP3,600.000,10.000,3.33222203700616769462,-97.0010001666944490748420000000000000000000,2.850475079179863310552000,-87.4555456212399036200920000000000000000000,-83.7055456212399036200920000000000000000000,-70.5340580179341184960134876033057851239675,
NSW,Dubbo,5,1000,Good,4,2026-09-07,5196943,5468595,Open,BM 58,12,False,5306407,Bounding Bon,7,13,59.5,False,K.Dunbar,M.C.Lynch,False,18,,Australia,Dubbo,5,2026-09-07 06:05:00+00:00,7,Bounding Bon,12,Surge ,20.000,4.200,TOP3,600.000,10.000,3.33222203700616769462,-97.0010001666944490748420000000000000000000,2.850475079179863310552000,-86.6438573095515919318420000000000000000000,-82.8938573095515919318420000000000000000000,-69.2884151326808436324474421768707482993200,
NSW,Dubbo,5,1000,Good,4,2026-09-07,5196943,5468595,Open,BM 58,12,False,5306407,Bounding Bon,7,13,59.5,False,K.Dunbar,M.C.Lynch,False,18,,Australia,Dubbo,5,2026-09-07 06:05:00+00:00,7,Bounding Bon,12,Betr,20.000,4.500,TOP3,600.000,10.000,3.33222203700616769462,-97.0010001666944490748420000000000000000000,2.850475079179863310552000,-87.8343335000277824083420000000000000000000,-84.0843335000277824083420000000000000000000,-71.1213705370648194454716296296296296296300,
NSW,Grafton,7,1400,Good,4,2026-09-07,5194178,5468585,Open,BM 64,11,False,5306486,Rubology,5,15,60,False,B.S.Lerena,I.Turner,False,7,4,Australia,Grafton,7,2026-09-07 06:55:00+00:00,5,Rubology,11,Dabble,10.000,3.100,TOP3,80.000,10.000,12.50312891113892365457,-88.7471839799749687108870000000000000000000,10.137672090112640801001000,-79.5536355928781945173870000000000000000000,-72.0536355928781945173870000000000000000000,-55.6644576532319926443552622268470343392300,
NSW,Grafton,7,1400,Good,4,2026-09-07,5194178,5468585,Open,BM 64,11,False,5306486,Rubology,5,15,60,False,B.S.Lerena,I.Turner,False,7,4,Australia,Grafton,7,2026-09-07 06:55:00+00:00,5,Rubology,11,Ladbrokes,13.000,3.500,TOP3,80.000,10.000,16.25782227784730913642,-85.3679599499374217772220000000000000000000,13.516896120150187734668000,-75.4778500598275316674720000000000000000000,-69.7086192905967624364720000000000000000000,-54.4024968416171705995995510204081632653075,
NSW,Grafton,7,1400,Good,4,2026-09-07,5194178,5468585,Open,BM 64,11,False,5306486,Rubology,5,15,60,False,B.S.Lerena,I.Turner,False,7,4,Australia,Grafton,7,2026-09-07 06:55:00+00:00,5,Rubology,11,Sportsbet,12.000,3.400,TOP3,80.000,10.000,15.00625782227784730914,-86.4943679599499374217740000000000000000000,12.390488110137672090113000,-76.9355444305381727155240000000000000000000,-70.6855444305381727157740000000000000000000,-55.1146101744828093940291903114186851211075,
NSW,Grafton,7,1400,Good,4,2026-09-07,5194178,5468585,Open,BM 64,11,False,5306486,Rubology,5,15,60,False,B.S.Lerena,I.Turner,False,7,4,Australia,Grafton,7,2026-09-07 06:55:00+00:00,5,Rubology,11,UniBet,12.000,3.400,TOP3,80.000,10.000,15.00625782227784730914,-86.4943679599499374217740000000000000000000,12.390488110137672090113000,-76.9355444305381727155240000000000000000000,-70.6855444305381727157740000000000000000000,-55.1146101744828093940291903114186851211075,
NSW,Grafton,7,1400,Good,4,2026-09-07,5194178,5468585,Open,BM 64,11,False,5306486,Rubology,5,15,60,False,B.S.Lerena,I.Turner,False,7,4,Australia,Grafton,7,2026-09-07 06:55:00+00:00,5,Rubology,11,Surge ,12.000,3.400,TOP3,80.000,10.000,15.00625782227784730914,-86.4943679599499374217740000000000000000000,12.390488110137672090113000,-76.9355444305381727155240000000000000000000,-70.6855444305381727157740000000000000000000,-55.1146101744828093940291903114186851211075,
NSW,Grafton,7,1400,Good,4,2026-09-07,5194178,5468585,Open,BM 64,11,False,5306486,Rubology,5,15,60,False,B.S.Lerena,I.Turner,False,7,4,Australia,Grafton,7,2026-09-07 06:55:00+00:00,5,Rubology,11,Betr,12.000,3.200,TOP3,80.000,10.000,15.00625782227784730914,-86.4943679599499374217740000000000000000000,12.390488110137672090113000,-75.5568679599499374212740000000000000000000,-69.3068679599499374215240000000000000000000,-53.1935867099499374215240000000000000000000,
WA,Lark Hill,4,950,Soft,5,2026-09-07,5197375,5478875,Paying,Trial,8,True,5306560,Ihtsaking,3,0,,False,J.Mcnaught,A.G.Durrant,False,1,,,,,,,,,,,,,,,,,,,,,
WA,Lark Hill,3,950,Soft,5,2026-09-07,5197375,5478528,Paying,Trial,9,True,5306562,Famous Dain,10,0,,False,N.Faithfull,Daniel & Ben Pearce,False,1,,,,,,,,,,,,,,,,,,,,,
NSW,Grafton,7,1400,Good,4,2026-09-07,5194178,5468585,Open,BM 64,11,False,5306894,Credit Controller,7,3,58.5,False,G.Spokes,S.A.Manwarring,False,3,11,Australia,Grafton,7,2026-09-07 06:55:00+00:00,7,Credit Controller,11,Dabble,16.000,3.600,TOP3,600.000,10.000,2.66544424070678446408,-97.6011001833638939823280000000000000000000,2.250375062510418403067000,-86.1427668500305606488280000000000000000000,-81.4552668500305606488280000000000000000000,-66.4089705537342643524576296296296296296300,
NSW,Grafton,7,1400,Good,4,2026-09-07,5194178,5468585,Open,BM 64,11,False,5306894,Credit Controller,7,3,58.5,False,G.Spokes,S.A.Manwarring,False,3,11,Australia,Grafton,7,2026-09-07 06:55:00+00:00,7,Credit Controller,11,Ladbrokes,21.000,4.800,TOP3,600.000,10.000,3.49891648608101350225,-96.8509751625270878479750000000000000000000,3.000500083347224537423000,-88.3688323053842307057250000000000000000000,-84.7974037339556592769750000000000000000000,-72.4276120672889926104541666666666666666675,
NSW,Grafton,7,1400,Good,4,2026-09-07,5194178,5468585,Open,BM 64,11,False,5306894,Credit Controller,7,3,58.5,False,G.Spokes,S.A.Manwarring,False,3,11,Australia,Grafton,7,2026-09-07 06:55:00+00:00,7,Credit Controller,11,Sportsbet,21.000,5.000,TOP3,600.000,10.000,3.49891648608101350225,-96.8509751625270878479750000000000000000000,3.000500083347224537423000,-88.9938323053842307054750000000000000000000,-85.4224037339556592767250000000000000000000,-73.4224037339556592767250000000000000000000,
NSW,Grafton,7,1400,Good,4,2026-09-07,5194178,5468585,Open,BM 64,11,False,5306894,Credit Controller,7,3,58.5,False,G.Spokes,S.A.Manwarring,False,3,11,Australia,Grafton,7,2026-09-07 06:55:00+00:00,7,Credit Controller,11,UniBet,20.000,4.500,TOP3,600.000,10.000,3.33222203700616769462,-97.0010001666944490748420000000000000000000,2.850475079179863310552000,-87.8343335000277824083420000000000000000000,-84.0843335000277824083420000000000000000000,-71.1213705370648194454716296296296296296300,
NSW,Grafton,7,1400,Good,4,2026-09-07,5194178,5468585,Open,BM 64,11,False,5306894,Credit Controller,7,3,58.5,False,G.Spokes,S.A.Manwarring,False,3,11,Australia,Grafton,7,2026-09-07 06:55:00+00:00,7,Credit Controller,11,Surge ,20.000,4.000,TOP3,600.000,10.000,3.33222203700616769462,-97.0010001666944490748420000000000000000000,2.850475079179863310552000,-85.7510001666944490748420000000000000000000,-82.0010001666944490748420000000000000000000,-67.9385001666944490748420000000000000000000,
NSW,Grafton,7,1400,Good,4,2026-09-07,5194178,5468585,Open,BM 64,11,False,5306894,Credit Controller,7,3,58.5,False,G.Spokes,S.A.Manwarring,False,3,11,Australia,Grafton,7,2026-09-07 06:55:00+00:00,7,Credit Controller,11,Betr,20.000,4.600,TOP3,600.000,10.000,3.33222203700616769462,-97.0010001666944490748420000000000000000000,2.850475079179863310552000,-88.1966523406074925528420000000000000000000,-84.4466523406074925528420000000000000000000,-71.6867279549742222313334933837429111531200,
VIC,Tatura,7,1980,Soft,7,2026-09-07,5195854,5469652,Open,BM 0-57,10,False,5306927,Vision Thing,14,8,56,False,J.Beriman,R.A.Pola,False,10,,Australia,Tatura,7,2026-09-07 06:30:00+00:00,14,Vision Thing,10,Dabble,14.000,3.800,TOP3,34.000,8.000,41.24410377358490566038,-62.0554245283018867924504000000000000000000,35.259433962264150943396000,-53.0328681373244431834504000000000000000000,-47.6757252801815860407004000000000000000000,-33.1327889920929433815328099722991689750700,
VIC,Tatura,7,1980,Soft,7,2026-09-07,5195854,5469652,Open,BM 0-57,10,False,5306927,Vision Thing,14,8,56,False,J.Beriman,R.A.Pola,False,10,,Australia,Tatura,7,2026-09-07 06:30:00+00:00,14,Vision Thing,10,Ladbrokes,16.000,3.800,TOP3,34.000,8.000,47.14033018867924528302,-56.6308962264150943396216000000000000000000,40.683962264150943396226000,-46.2690541211519364451216000000000000000000,-41.5815541211519364451216000000000000000000,-27.0386178330632937859540099722991689750700,
VIC,Tatura,7,1980,Soft,7,2026-09-07,5195854,5469652,Open,BM 0-57,10,False,5306927,Vision Thing,14,8,56,False,J.Beriman,R.A.Pola,False,10,,Australia,Tatura,7,2026-09-07 06:30:00+00:00,14,Vision Thing,10,Sportsbet,15.000,3.750,TOP3,34.000,8.000,44.19221698113207547170,-59.3431603773584905660360000000000000000000,37.971698113207547169811000,-49.3431603773584905662860000000000000000000,-44.3431603773584905660360000000000000000000,-29.6764937106918238992526666666666666666675,
VIC,Tatura,7,1980,Soft,7,2026-09-07,5195854,5469652,Open,BM 0-57,10,False,5306927,Vision Thing,14,8,56,False,J.Beriman,R.A.Pola,False,10,,Australia,Tatura,7,2026-09-07 06:30:00+00:00,14,Vision Thing,10,UniBet,16.000,4.000,TOP3,34.000,8.000,47.14033018867924528302,-56.6308962264150943396216000000000000000000,40.683962264150943396226000,-47.2558962264150943396216000000000000000000,-42.5683962264150943396216000000000000000000,-28.5058962264150943396216000000000000000000,
VIC,Tatura,7,1980,Soft,7,2026-09-07,5195854,5469652,Open,BM 0-57,10,False,5306927,Vision Thing,14,8,56,False,J.Beriman,R.A.Pola,False,10,,Australia,Tatura,7,2026-09-07 06:30:00+00:00,14,Vision Thing,10,Surge ,15.000,3.700,TOP3,34.000,8.000,44.19221698113207547170,-59.3431603773584905660360000000000000000000,37.971698113207547169811000,-49.0728901070882202962860000000000000000000,-44.0728901070882202960360000000000000000000,-29.2810712612153203690913323593864134404675,
VIC,Tatura,7,1980,Soft,7,2026-09-07,5195854,5469652,Open,BM 0-57,10,False,5306927,Vision Thing,14,8,56,False,J.Beriman,R.A.Pola,False,10,,Australia,Tatura,7,2026-09-07 06:30:00+00:00,14,Vision Thing,10,Betr,15.000,3.700,TOP3,34.000,8.000,44.19221698113207547170,-59.3431603773584905660360000000000000000000,37.971698113207547169811000,-49.0728901070882202962860000000000000000000,-44.0728901070882202960360000000000000000000,-29.2810712612153203690913323593864134404675,
NSW,Grafton,7,1400,Good,4,2026-09-07,5194178,5468585,Open,BM 64,11,False,5308544,Barello,4,14,60.5,True,,Stephen & Jordan Lee,False,4,,,,,,,,,,,,,,,,,,,,,
NSW,Dubbo,1,1600,Good,4,2026-09-07,5196943,5468596,Paying,BM 58,8,False,5309633,Snow Dog,5,3,59,False,J.Pracey-Holmes,C.Greig,False,13,12,,,,,,,,,,,,,,,,,,,,
VIC,Tatura,8,1000,Soft,7,2026-09-07,5195854,5469651,Open,BM 0-57,12,False,5311011,Cumboogle,1,11,64,False,S.K.Kennedy,L.E.Robertson,False,14,38,Australia,Tatura,8,2026-09-07 07:00:00+00:00,1,Cumboogle,12,Dabble,4.600,1.900,TOP3,8.600,8.000,53.87323943661971830986,-50.4366197183098591549288000000000000000000,38.873239436619718309859000,-43.5716311599574564091788000000000000000000,-27.2672833338704998871788000000000000000000,-8.5692223920422450395479135734072022160675,
VIC,Tatura,8,1000,Soft,7,2026-09-07,5195854,5469651,Open,BM 0-57,12,False,5311011,Cumboogle,1,11,64,False,S.K.Kennedy,L.E.Robertson,False,14,38,Australia,Tatura,8,2026-09-07 07:00:00+00:00,1,Cumboogle,12,Ladbrokes,5.000,1.900,TOP3,8.600,8.000,58.56807511737089201878,-46.1173708920187793427224000000000000000000,43.192488262910798122066000,-36.6436866814924635529724000000000000000000,-21.6436866814924635529724000000000000000000,-2.9456257396642087053415135734072022160675,
VIC,Tatura,8,1000,Soft,7,2026-09-07,5195854,5469651,Open,BM 0-57,12,False,5311011,Cumboogle,1,11,64,False,S.K.Kennedy,L.E.Robertson,False,14,38,Australia,Tatura,8,2026-09-07 07:00:00+00:00,1,Cumboogle,12,Sportsbet,4.800,1.750,TOP3,8.600,8.000,56.22065727699530516432,-48.2769953051643192488256000000000000000000,41.032863849765258215962000,-36.6698524480214621055756000000000000000000,-21.0448524480214621058256000000000000000000,-2.6775055092459519017286612244897959183675,
VIC,Tatura,8,1000,Soft,7,2026-09-07,5195854,5469651,Open,BM 0-57,12,False,5311011,Cumboogle,1,11,64,False,S.K.Kennedy,L.E.Robertson,False,14,38,Australia,Tatura,8,2026-09-07 07:00:00+00:00,1,Cumboogle,12,UniBet,4.800,1.900,TOP3,8.600,8.000,56.22065727699530516432,-48.2769953051643192488256000000000000000000,41.032863849765258215962000,-40.0533110946380034585756000000000000000000,-24.4283110946380034588256000000000000000000,-5.7302501528097486111947135734072022160675,
VIC,Tatura,8,1000,Soft,7,2026-09-07,5195854,5469651,Open,BM 0-57,12,False,5311011,Cumboogle,1,11,64,False,S.K.Kennedy,L.E.Robertson,False,14,38,Australia,Tatura,8,2026-09-07 07:00:00+00:00,1,Cumboogle,12,Surge ,4.800,1.950,TOP3,8.600,8.000,56.22065727699530516432,-48.2769953051643192488256000000000000000000,41.032863849765258215962000,-41.0654568436258577100756000000000000000000,-25.4404568436258577103256000000000000000000,-6.7027842597994277300440418145956607495075,
VIC,Tatura,8,1000,Soft,7,2026-09-07,5195854,5469651,Open,BM 0-57,12,False,5311011,Cumboogle,1,11,64,False,S.K.Kennedy,L.E.Robertson,False,14,38,Australia,Tatura,8,2026-09-07 07:00:00+00:00,1,Cumboogle,12,Betr,4.800,1.820,TOP3,8.600,8.000,56.22065727699530516432,-48.2769953051643192488256000000000000000000,41.032863849765258215962000,-38.3182040963731104570756000000000000000000,-22.6932040963731104573256000000000000000000,-4.1266058594452031997520883468180171476875,
NSW,Dubbo,1,1600,Good,4,2026-09-07,5196943,5468596,Paying,BM 58,8,False,5311430,Share Our Secret,10,2,56.5,False,K.Nestor,W.T.Wilkes,False,6,,,,,,,,,,,,,,,,,,,,,
NSW,Grafton,7,1400,Good,4,2026-09-07,5194178,5468585,Open,BM 64,11,False,5311470,Jukebox In Siberia,8,9,58.5,False,D.L.Turner,Stephen & Jordan Lee,False,9,2,Australia,Grafton,7,2026-09-07 06:55:00+00:00,8,Jukebox In Siberia,11,Dabble,6.000,2.250,TOP3,19.000,10.000,31.69312169312169312169,-71.4761904761904761904790000000000000000000,23.809523809523809523810000,-63.1428571428571428579790000000000000000000,-50.6428571428571428577290000000000000000000,-32.1243386243386243392475185185185185185200,
NSW,Grafton,7,1400,Good,4,2026-09-07,5194178,5468585,Open,BM 64,11,False,5311470,Jukebox In Siberia,8,9,58.5,False,D.L.Turner,Stephen & Jordan Lee,False,9,2,Australia,Grafton,7,2026-09-07 06:55:00+00:00,8,Jukebox In Siberia,11,Ladbrokes,6.000,2.150,TOP3,19.000,10.000,31.69312169312169312169,-71.4761904761904761904790000000000000000000,23.809523809523809523810000,-61.5924695459579180514790000000000000000000,-49.0924695459579180512290000000000000000000,-30.4337350949032939300848680367766360194700,
NSW,Grafton,7,1400,Good,4,2026-09-07,5194178,5468585,Open,BM 64,11,False,5311470,Jukebox In Siberia,8,9,58.5,False,D.L.Turner,Stephen & Jordan Lee,False,9,2,Australia,Grafton,7,2026-09-07 06:55:00+00:00,8,Jukebox In Siberia,11,Sportsbet,6.500,2.150,TOP3,19.000,10.000,34.33862433862433862434,-69.0952380952380952380940000000000000000000,26.190476190476190476190000,-57.2884402419286140210940000000000000000000,-45.7499787034670755598440000000000000000000,-27.0912442524124514386998680367766360194700,
NSW,Grafton,7,1400,Good,4,2026-09-07,5194178,5468585,Open,BM 64,11,False,5311470,Jukebox In Siberia,8,9,58.5,False,D.L.Turner,Stephen & Jordan Lee,False,9,2,Australia,Grafton,7,2026-09-07 06:55:00+00:00,8,Jukebox In Siberia,11,UniBet,6.500,2.300,TOP3,19.000,10.000,34.33862433862433862434,-69.0952380952380952380940000000000000000000,26.190476190476190476190000,-59.5634655199872591173440000000000000000000,-48.0250039815257206560940000000000000000000,-29.5940020911665524141577996219281663516075,
NSW,Grafton,7,1400,Good,4,2026-09-07,5194178,5468585,Open,BM 64,11,False,5311470,Jukebox In Siberia,8,9,58.5,False,D.L.Turner,Stephen & Jordan Lee,False,9,2,Australia,Grafton,7,2026-09-07 06:55:00+00:00,8,Jukebox In Siberia,11,Surge ,6.500,2.400,TOP3,19.000,10.000,34.33862433862433862434,-69.0952380952380952380940000000000000000000,26.190476190476190476190000,-60.9221611721611721603440000000000000000000,-49.3836996336996336990940000000000000000000,-31.1545329670329670323856666666666666666675,
NSW,Grafton,7,1400,Good,4,2026-09-07,5194178,5468585,Open,BM 64,11,False,5311470,Jukebox In Siberia,8,9,58.5,False,D.L.Turner,Stephen & Jordan Lee,False,9,2,Australia,Grafton,7,2026-09-07 06:55:00+00:00,8,Jukebox In Siberia,11,Betr,6.500,2.150,TOP3,19.000,10.000,34.33862433862433862434,-69.0952380952380952380940000000000000000000,26.190476190476190476190000,-57.2884402419286140210940000000000000000000,-45.7499787034670755598440000000000000000000,-27.0912442524124514386998680367766360194700,
VIC,Tatura,7,1980,Soft,7,2026-09-07,5195854,5469652,Open,BM 0-57,10,False,5311514,Mickio,1,18,62.5,False,B.Rawiller,M.J.Enright,False,6,,Australia,Tatura,7,2026-09-07 06:30:00+00:00,1,Mickio,10,Dabble,4.200,1.750,TOP3,8.400,8.000,50.36057692307692307692,-53.6682692307692307692336000000000000000000,35.384615384615384615385000,-46.5254120879120879124836000000000000000000,-28.6682692307692307694836000000000000000000,-10.3009222919937205653866612244897959183675,
VIC,Tatura,7,1980,Soft,7,2026-09-07,5195854,5469652,Open,BM 0-57,10,False,5311514,Mickio,1,18,62.5,False,B.Rawiller,M.J.Enright,False,6,,Australia,Tatura,7,2026-09-07 06:30:00+00:00,1,Mickio,10,Ladbrokes,4.500,1.750,TOP3,8.400,8.000,53.96634615384615384615,-50.3509615384615384615420000000000000000000,38.701923076923076923077000,-40.8271520146520146517920000000000000000000,-24.1604853479853479852920000000000000000000,-5.7931384092098377811950612244897959183675,
VIC,Tatura,7,1980,Soft,7,2026-09-07,5195854,5469652,Open,BM 0-57,10,False,5311514,Mickio,1,18,62.5,False,B.Rawiller,M.J.Enright,False,6,,Australia,Tatura,7,2026-09-07 06:30:00+00:00,1,Mickio,10,Sportsbet,4.200,1.700,TOP3,8.400,8.000,50.36057692307692307692,-53.6682692307692307692336000000000000000000,35.384615384615384615385000,-45.2649078862314156437336000000000000000000,-27.4077650290885585007336000000000000000000,-9.2416750636906346252543612456747404844300,
VIC,Tatura,7,1980,Soft,7,2026-09-07,5195854,5469652,Open,BM 0-57,10,False,5311514,Mickio,1,18,62.5,False,B.Rawiller,M.J.Enright,False,6,,Australia,Tatura,7,2026-09-07 06:30:00+00:00,1,Mickio,10,UniBet,4.200,1.650,TOP3,8.400,8.000,50.36057692307692307692,-53.6682692307692307692336000000000000000000,35.384615384615384615385000,-43.9280094905094905094836000000000000000000,-26.0708666333666333664836000000000000000000,-8.1645305452123633940944815426997245179075,
VIC,Tatura,7,1980,Soft,7,2026-09-07,5195854,5469652,Open,BM 0-57,10,False,5311514,Mickio,1,18,62.5,False,B.Rawiller,M.J.Enright,False,6,,Australia,Tatura,7,2026-09-07 06:30:00+00:00,1,Mickio,10,Surge ,4.400,1.750,TOP3,8.400,8.000,52.76442307692307692308,-51.4567307692307692307664000000000000000000,37.596153846153846153846000,-42.6904970029970029975164000000000000000000,-25.6450424575424575427664000000000000000000,-7.2776955187669473386694612244897959183675,
VIC,Tatura,7,1980,Soft,7,2026-09-07,5195854,5469652,Open,BM 0-57,10,False,5311514,Mickio,1,18,62.5,False,B.Rawiller,M.J.Enright,False,6,,Australia,Tatura,7,2026-09-07 06:30:00+00:00,1,Mickio,10,Betr,4.400,1.700,TOP3,8.400,8.000,52.76442307692307692308,-51.4567307692307692307664000000000000000000,37.596153846153846153846000,-41.4299928013163307287664000000000000000000,-24.3845382558617852740164000000000000000000,-6.2184482904638613985371612456747404844300,
VIC,Cranbourne-Trn,2,800,,0,2026-09-07,5197805,5477679,FinalFields,Trial,9,True,5311617,Enxuto,5,0,,False,,R.D.Griffiths,False,1,6,,,,,,,,,,,,,,,,,,,,
NSW,Grafton,4,1000,Good,4,2026-09-07,5194178,5468586,Interim,BM 58,9,False,5311657,Kates Tiara,2,2,62,False,B.Baker,P.J.Cunningham,False,6,24,,,,,,,,,,,,,,,,,,,,
VIC,Tatura,3,1450,Soft,7,2026-09-07,5195854,5469647,Paying,Maiden,11,False,5311743,Brilliant Badger,2,6,59.5,False,L.N.Mcneil,I.Zimmermann,False,2,4,,,,,,,,,,,,,,,,,,,,
NSW,Grafton,5,1600,Good,4,2026-09-07,5194178,5468589,Open,BM 58,10,False,5312179,Eccasdash,11,10,55,False,S.K.Rigley,C.J.O'Reilly,False,11,5,,,,,,,,,,,,,,,,,,,,
VIC,Cranbourne-Trn,2,800,,0,2026-09-07,5197805,5477679,FinalFields,Trial,9,True,5312259,King Zephyr,9,0,,False,,G.M.Begg,False,6,,,,,,,,,,,,,,,,,,,,,
VIC,Tatura,4,1450,Soft,7,2026-09-07,5195854,5469649,Paying,BM 0-57,8,False,5312534,Brookers Turbo,8,3,60,False,J.B.Stanley,J.L.Thompson,False,1,8,,,,,,,,,,,,,,,,,,,,
VIC,Tatura,8,1000,Soft,7,2026-09-07,5195854,5469651,Open,BM 0-57,12,False,5312806,Sophast,3,3,62.5,False,J.C.Maskiell,J.R.Keane,False,2,,Australia,Tatura,8,2026-09-07 07:00:00+00:00,3,Sophast,12,Dabble,13.000,3.700,TOP3,600.000,8.000,2.16528870516068809175,-98.0079343912521669555900000000000000000000,1.840245366048806507534000,-89.2761256594434351473400000000000000000000,-83.5068948902126659163400000000000000000000,-68.7150760443397659893953323593864134404675,
VIC,Tatura,8,1000,Soft,7,2026-09-07,5195854,5469651,Open,BM 0-57,12,False,5312806,Sophast,3,3,62.5,False,J.C.Maskiell,J.R.Keane,False,2,,Australia,Tatura,8,2026-09-07 07:00:00+00:00,3,Sophast,12,Ladbrokes,17.000,3.800,TOP3,600.000,8.000,2.83204427256967595679,-97.3945192692358981197532000000000000000000,2.453660488065075343379000,-86.4812065757374461072532000000000000000000,-82.0694418698550931662532000000000000000000,-67.5265055817664505070856099722991689750700,
VIC,Tatura,8,1000,Soft,7,2026-09-07,5195854,5469651,Open,BM 0-57,12,False,5312806,Sophast,3,3,62.5,False,J.C.Maskiell,J.R.Keane,False,2,,Australia,Tatura,8,2026-09-07 07:00:00+00:00,3,Sophast,12,Sportsbet,14.000,3.750,TOP3,600.000,8.000,2.33197759701293505801,-97.8545806107480997466308000000000000000000,1.993599146552873716496000,-88.5688663250338140318808000000000000000000,-83.2117234678909568891308000000000000000000,-68.5450568012242902223474666666666666666675,
VIC,Tatura,8,1000,Soft,7,2026-09-07,5195854,5469651,Open,BM 0-57,12,False,5312806,Sophast,3,3,62.5,False,J.C.Maskiell,J.R.Keane,False,2,,Australia,Tatura,8,2026-09-07 07:00:00+00:00,3,Sophast,12,UniBet,14.000,3.900,TOP3,600.000,8.000,2.33197759701293505801,-97.8545806107480997466308000000000000000000,1.993599146552873716496000,-89.3380970942645832626308000000000000000000,-83.9809542371217261198808000000000000000000,-69.6811514757805032400652181459566074950700,
VIC,Tatura,8,1000,Soft,7,2026-09-07,5195854,5469651,Open,BM 0-57,12,False,5312806,Sophast,3,3,62.5,False,J.C.Maskiell,J.R.Keane,False,2,,Australia,Tatura,8,2026-09-07 07:00:00+00:00,3,Sophast,12,Surge ,14.000,3.700,TOP3,600.000,8.000,2.33197759701293505801,-97.8545806107480997466308000000000000000000,1.993599146552873716496000,-88.2985960547635437618808000000000000000000,-82.9414531976206866191308000000000000000000,-68.1496343517477866921861323593864134404675,
VIC,Tatura,8,1000,Soft,7,2026-09-07,5195854,5469651,Open,BM 0-57,12,False,5312806,Sophast,3,3,62.5,False,J.C.Maskiell,J.R.Keane,False,2,,Australia,Tatura,8,2026-09-07 07:00:00+00:00,3,Sophast,12,Betr,14.000,3.600,TOP3,600.000,8.000,2.33197759701293505801,-97.8545806107480997466308000000000000000000,1.993599146552873716496000,-87.7355329917004806986308000000000000000000,-82.3783901345576235558808000000000000000000,-67.3320938382613272595104296296296296296300,
NSW,Grafton,3,2200,Good,4,2026-09-07,5194178,5468588,Paying,BM 58,6,False,5312862,Righteous,3,1,59,False,P.Graham,E.Ensby,False,4,,,,,,,,,,,,,,,,,,,,,
NSW,Grafton,4,1000,Good,4,2026-09-07,5194178,5468586,Interim,BM 58,9,False,5312890,Hoo Haa,12,8,55,True,,D.Treacy,False,5,3,,,,,,,,,,,,,,,,,,,,
VIC,Tatura,6,1600,Soft,7,2026-09-07,5195854,5469645,Open,BM 0-57,12,False,5312996,Rebels Idol,3,12,61.5,False,L.N.Mcneil,J.Duncan,False,3,,Australia,Tatura,6,2026-09-07 06:00:00+00:00,3,Rebels Idol,12,Dabble,31.000,4.600,TOP3,600.000,8.000,5.16568875850113348446,-95.2475663421789571942968000000000000000000,4.600613415122016268836000,-83.7819281935113555112968000000000000000000,-81.3625733548016780917968000000000000000000,-68.6026489691684077702882933837429111531200,
VIC,Tatura,6,1600,Soft,7,2026-09-07,5195854,5469645,Open,BM 0-57,12,False,5312996,Rebels Idol,3,12,61.5,False,L.N.Mcneil,J.Duncan,False,3,,Australia,Tatura,6,2026-09-07 06:00:00+00:00,3,Rebels Idol,12,Ladbrokes,35.000,6.000,TOP3,600.000,8.000,5.83244432591012134951,-94.6341512201626883584508000000000000000000,5.214028537138285104681000,-86.4198655058769740727008000000000000000000,-84.2770083630198312154508000000000000000000,-73.8603416963531645486174666666666666666675,
VIC,Tatura,6,1600,Soft,7,2026-09-07,5195854,5469645,Open,BM 0-57,12,False,5312996,Rebels Idol,3,12,61.5,False,L.N.Mcneil,J.Duncan,False,3,,Australia,Tatura,6,2026-09-07 06:00:00+00:00,3,Rebels Idol,12,Sportsbet,34.000,7.250,TOP3,600.000,8.000,5.66575543405787438325,-94.7875050006667555674100000000000000000000,5.060674756634217895719000,-88.8544421203422119566600000000000000000000,-86.6485597674010354861600000000000000000000,-77.7306049517054350105170154577883472057075,
VIC,Tatura,6,1600,Soft,7,2026-09-07,5195854,5469645,Open,BM 0-57,12,False,5312996,Rebels Idol,3,12,61.5,False,L.N.Mcneil,J.Duncan,False,3,,Australia,Tatura,6,2026-09-07 06:00:00+00:00,3,Rebels Idol,12,UniBet,34.000,5.750,TOP3,600.000,8.000,5.66575543405787438325,-94.7875050006667555674100000000000000000000,5.060674756634217895719000,-86.1557914456795432906600000000000000000000,-83.9499090927383668201600000000000000000000,-73.1748618337591607707767296786389413988675,
VIC,Tatura,6,1600,Soft,7,2026-09-07,5195854,5469645,Open,BM 0-57,12,False,5312996,Rebels Idol,3,12,61.5,False,L.N.Mcneil,J.Duncan,False,3,,Australia,Tatura,6,2026-09-07 06:00:00+00:00,3,Rebels Idol,12,Surge ,34.000,5.000,TOP3,600.000,8.000,5.66575543405787438325,-94.7875050006667555674100000000000000000000,5.060674756634217895719000,-84.1992697065491085084100000000000000000000,-81.9933873536079320379100000000000000000000,-69.9933873536079320379100000000000000000000,
VIC,Tatura,6,1600,Soft,7,2026-09-07,5195854,5469645,Open,BM 0-57,12,False,5312996,Rebels Idol,3,12,61.5,False,L.N.Mcneil,J.Duncan,False,3,,Australia,Tatura,6,2026-09-07 06:00:00+00:00,3,Rebels Idol,12,Betr,34.000,6.000,TOP3,600.000,8.000,5.66575543405787438325,-94.7875050006667555674100000000000000000000,5.060674756634217895719000,-86.6992697065491085081600000000000000000000,-84.4933873536079320376600000000000000000000,-74.0767206869412653708266666666666666666675,
VIC,Tatura,3,1450,Soft,7,2026-09-07,5195854,5469647,Paying,Maiden,11,False,5313047,Welkin Star,6,13,59.5,False,M.Castle,Nl.Dickson,False,5,,,,,,,,,,,,,,,,,,,,,
NSW,Dubbo,5,1000,Good,4,2026-09-07,5196943,5468595,Open,BM 58,12,False,5313083,Notleanormean,12,16,57,False,D.Dillon,C.Greig,False,19,2,,,,,,,,,,,,,,,,,,,,
NSW,Grafton,4,1000,Good,4,2026-09-07,5194178,5468586,Interim,BM 58,9,False,5313232,Dizzy Dee,1,1,62.5,False,A.R.Mccolm,S.P.Everson,False,4,,,,,,,,,,,,,,,,,,,,,
VIC,Tatura,7,1980,Soft,7,2026-09-07,5195854,5469652,Open,BM 0-57,10,False,5313251,Just Landed,3,12,60.5,False,L.King,W.B.Brisbourne,False,13,15,Australia,Tatura,7,2026-09-07 06:30:00+00:00,3,Just Landed,10,Dabble,21.000,4.000,TOP3,600.000,8.000,3.49879983997866382184,-96.7811041472196292839072000000000000000000,3.067075610081344179224000,-85.1739612900767721414072000000000000000000,-81.6025327186482007126572000000000000000000,-67.5400327186482007126572000000000000000000,
VIC,Tatura,7,1980,Soft,7,2026-09-07,5195854,5469652,Open,BM 0-57,10,False,5313251,Just Landed,3,12,60.5,False,L.King,W.B.Brisbourne,False,13,15,Australia,Tatura,7,2026-09-07 06:30:00+00:00,3,Just Landed,10,Ladbrokes,23.000,4.800,TOP3,600.000,8.000,3.83217762368315775437,-96.4743965862114948659796000000000000000000,3.373783171089478597146000,-87.3711357166462774747296000000000000000000,-84.1102661514288861704796000000000000000000,-71.7404744847622195039587666666666666666675,
VIC,Tatura,7,1980,Soft,7,2026-09-07,5195854,5469652,Open,BM 0-57,10,False,5313251,Just Landed,3,12,60.5,False,L.King,W.B.Brisbourne,False,13,15,Australia,Tatura,7,2026-09-07 06:30:00+00:00,3,Just Landed,10,Sportsbet,23.000,5.500,TOP3,600.000,8.000,3.83217762368315775437,-96.4743965862114948659796000000000000000000,3.373783171089478597146000,-89.3597720802826411109796000000000000000000,-86.0989025150652498067296000000000000000000,-74.9418777216768200547502611570247933884300,
VIC,Tatura,7,1980,Soft,7,2026-09-07,5195854,5469652,Open,BM 0-57,10,False,5313251,Just Landed,3,12,60.5,False,L.King,W.B.Brisbourne,False,13,15,Australia,Tatura,7,2026-09-07 06:30:00+00:00,3,Just Landed,10,UniBet,23.000,4.750,TOP3,600.000,8.000,3.83217762368315775437,-96.4743965862114948659796000000000000000000,3.373783171089478597146000,-87.2066620324357511587296000000000000000000,-83.9457924672183598544796000000000000000000,-71.4804185059995232894055002770083102493075,
VIC,Tatura,7,1980,Soft,7,2026-09-07,5195854,5469652,Open,BM 0-57,10,False,5313251,Just Landed,3,12,60.5,False,L.King,W.B.Brisbourne,False,13,15,Australia,Tatura,7,2026-09-07 06:30:00+00:00,3,Just Landed,10,Surge ,23.000,4.000,TOP3,600.000,8.000,3.83217762368315775437,-96.4743965862114948659796000000000000000000,3.373783171089478597146000,-84.2461357166462774744796000000000000000000,-80.9852661514288861702296000000000000000000,-66.9227661514288861702296000000000000000000,
VIC,Tatura,7,1980,Soft,7,2026-09-07,5195854,5469652,Open,BM 0-57,10,False,5313251,Just Landed,3,12,60.5,False,L.King,W.B.Brisbourne,False,13,15,Australia,Tatura,7,2026-09-07 06:30:00+00:00,3,Just Landed,10,Betr,23.000,5.000,TOP3,600.000,8.000,3.83217762368315775437,-96.4743965862114948659796000000000000000000,3.373783171089478597146000,-87.9961357166462774744796000000000000000000,-84.7352661514288861702296000000000000000000,-72.7352661514288861702296000000000000000000,
NSW,Dubbo,7,1200,Good,4,2026-09-07,5196943,5468592,Open,BM 78,9,False,5314247,Slush Fund,11,8,55,True,,T.W.Smith,False,4,,,,,,,,,,,,,,,,,,,,,
WA,Lark Hill,6,950,Good,4,2026-09-07,5197375,5478877,Paying,Trial,6,True,5314719,Ellicazam,3,0,,False,A.Galati,R.H.A.Gulberti,False,1,,,,,,,,,,,,,,,,,,,,,
VIC,Tatura,6,1600,Soft,7,2026-09-07,5195854,5469645,Open,BM 0-57,12,False,5314936,Platinum Executive,14,11,54,False,B.A.Button,M.Ivill,False,6,,,,,,,,,,,,,,,,,,,,,
VIC,Tatura,7,1980,Soft,7,2026-09-07,5195854,5469652,Open,BM 0-57,10,False,5315329,North Terrace,13,13,60.5,False,Z.Spain,E.A.Cummings,False,3,5,Australia,Tatura,7,2026-09-07 06:30:00+00:00,13,North Terrace,10,Dabble,9.000,2.800,TOP3,19.500,8.000,46.29248197734294541710,-57.4109165808444902162680000000000000000000,37.899073120494335736354000,-47.2918689617968711682680000000000000000000,-38.9585356284635378350180000000000000000000,-21.7391478733614970186302448979591836734700,
VIC,Tatura,7,1980,Soft,7,2026-09-07,5195854,5469652,Open,BM 0-57,10,False,5315329,North Terrace,13,13,60.5,False,Z.Spain,E.A.Cummings,False,3,5,Australia,Tatura,7,2026-09-07 06:30:00+00:00,13,North Terrace,10,Ladbrokes,9.500,2.700,TOP3,19.500,8.000,48.86714727085478887745,-55.0422245108135942327460000000000000000000,40.267765190525231719876000,-43.0539204172463427714960000000000000000000,-35.1591835751410796132460000000000000000000,-17.6694716409847010124301563786008230452675,
VIC,Tatura,7,1980,Soft,7,2026-09-07,5195854,5469652,Open,BM 0-57,10,False,5315329,North Terrace,13,13,60.5,False,Z.Spain,E.A.Cummings,False,3,5,Australia,Tatura,7,2026-09-07 06:30:00+00:00,13,North Terrace,10,Sportsbet,9.500,2.800,TOP3,19.500,8.000,48.86714727085478887745,-55.0422245108135942327460000000000000000000,40.267765190525231719876000,-44.0459839093098348347460000000000000000000,-36.1512470672045716764960000000000000000000,-18.9318593121025308601082448979591836734700,
VIC,Tatura,7,1980,Soft,7,2026-09-07,5195854,5469652,Open,BM 0-57,10,False,5315329,North Terrace,13,13,60.5,False,Z.Spain,E.A.Cummings,False,3,5,Australia,Tatura,7,2026-09-07 06:30:00+00:00,13,North Terrace,10,UniBet,9.500,2.800,TOP3,19.500,8.000,48.86714727085478887745,-55.0422245108135942327460000000000000000000,40.267765190525231719876000,-44.0459839093098348347460000000000000000000,-36.1512470672045716764960000000000000000000,-18.9318593121025308601082448979591836734700,
VIC,Tatura,7,1980,Soft,7,2026-09-07,5195854,5469652,Open,BM 0-57,10,False,5315329,North Terrace,13,13,60.5,False,Z.Spain,E.A.Cummings,False,3,5,Australia,Tatura,7,2026-09-07 06:30:00+00:00,13,North Terrace,10,Surge ,9.000,2.700,TOP3,19.500,8.000,46.29248197734294541710,-57.4109165808444902162680000000000000000000,37.899073120494335736354000,-46.2998054697333791050180000000000000000000,-37.9664721364000457717680000000000000000000,-20.4767602022436671709521563786008230452675,
VIC,Tatura,7,1980,Soft,7,2026-09-07,5195854,5469652,Open,BM 0-57,10,False,5315329,North Terrace,13,13,60.5,False,Z.Spain,E.A.Cummings,False,3,5,Australia,Tatura,7,2026-09-07 06:30:00+00:00,13,North Terrace,10,Betr,9.000,2.650,TOP3,19.500,8.000,46.29248197734294541710,-57.4109165808444902162680000000000000000000,37.899073120494335736354000,-45.7756964550583266940180000000000000000000,-37.4423631217249933607680000000000000000000,-19.8204336094430424885541338554645781416875,
NSW,Dubbo,5,1000,Good,4,2026-09-07,5196943,5468595,Open,BM 58,12,False,5315703,Callie Cool,15,8,56,True,S.S.Llewellyn,C.Greig,False,14,3,,,,,,,,,,,,,,,,,,,,
VIC,Tatura,7,1980,Soft,7,2026-09-07,5195854,5469652,Open,BM 0-57,10,False,5316262,Pharoahs Daughter,8,11,59.5,True,N.Farley,W.B.Brisbourne,False,9,,,,,,,,,,,,,,,,,,,,,
NSW,Dubbo,3,1300,Good,4,2026-09-07,5196943,5468597,Paying,Maiden,11,False,5316511,Argyle Springs,8,5,55.5,False,B.A.Cray,A.W.Smith,False,8,,,,,,,,,,,,,,,,,,,,,
NSW,Grafton,3,2200,Good,4,2026-09-07,5194178,5468588,Paying,BM 58,6,False,5316606,Amelioration,5,2,57,True,T.Brooker,R.E.Beaton,False,17,5,,,,,,,,,,,,,,,,,,,,
VIC,Cranbourne-Trn,1,1000,,0,2026-09-07,5197805,5477680,FinalFields,Trial,8,True,5317150,Wymark,1,0,,False,,G.M.Bedggood,False,1,,,,,,,,,,,,,,,,,,,,,
VIC,Tatura,8,1000,Soft,7,2026-09-07,5195854,5469651,Open,BM 0-57,12,False,5317299,Lady Maestro,12,2,57,False,S.Field,A.B.Chibnall,False,1,,Australia,Tatura,8,2026-09-07 07:00:00+00:00,12,Lady Maestro,12,Dabble,6.500,2.400,TOP3,14.500,8.000,45.00693481276005547850,-58.5936199722607489597800000000000000000000,35.090152565880721220527000,-50.4205430491838258820300000000000000000000,-38.8820815107222874207800000000000000000000,-20.6529148440556207540716666666666666666675,
VIC,Tatura,8,1000,Soft,7,2026-09-07,5195854,5469651,Open,BM 0-57,12,False,5317299,Lady Maestro,12,2,57,False,S.Field,A.B.Chibnall,False,1,,Australia,Tatura,8,2026-09-07 07:00:00+00:00,12,Lady Maestro,12,Ladbrokes,7.000,2.150,TOP3,14.500,8.000,48.47434119278779472954,-55.4036061026352288488232000000000000000000,38.280166435506241331484000,-41.9484566009740992803232000000000000000000,-31.2341708866883849948232000000000000000000,-12.5754364356337608736790680367766360194700,
VIC,Tatura,8,1000,Soft,7,2026-09-07,5195854,5469651,Open,BM 0-57,12,False,5317299,Lady Maestro,12,2,57,False,S.Field,A.B.Chibnall,False,1,,Australia,Tatura,8,2026-09-07 07:00:00+00:00,12,Lady Maestro,12,Sportsbet,7.000,2.300,TOP3,14.500,8.000,48.47434119278779472954,-55.4036061026352288488232000000000000000000,38.280166435506241331484000,-44.2234818790327443765732000000000000000000,-33.5091961647470300910732000000000000000000,-15.0781942743878618491369996219281663516075,
VIC,Tatura,8,1000,Soft,7,2026-09-07,5195854,5469651,Open,BM 0-57,12,False,5317299,Lady Maestro,12,2,57,False,S.Field,A.B.Chibnall,False,1,,Australia,Tatura,8,2026-09-07 07:00:00+00:00,12,Lady Maestro,12,UniBet,7.000,2.350,TOP3,14.500,8.000,48.47434119278779472954,-55.4036061026352288488232000000000000000000,38.280166435506241331484000,-44.9172839141853808238232000000000000000000,-34.2029981998996665383232000000000000000000,-15.8689103773555289194531230421004979628800,
VIC,Tatura,8,1000,Soft,7,2026-09-07,5195854,5469651,Open,BM 0-57,12,False,5317299,Lady Maestro,12,2,57,False,S.Field,A.B.Chibnall,False,1,,Australia,Tatura,8,2026-09-07 07:00:00+00:00,12,Lady Maestro,12,Surge ,7.000,2.500,TOP3,14.500,8.000,48.47434119278779472954,-55.4036061026352288488232000000000000000000,38.280166435506241331484000,-46.8321775312066574198232000000000000000000,-36.1178918169209431343232000000000000000000,-18.1178918169209431343232000000000000000000,
VIC,Tatura,8,1000,Soft,7,2026-09-07,5195854,5469651,Open,BM 0-57,12,False,5317299,Lady Maestro,12,2,57,False,S.Field,A.B.Chibnall,False,1,,Australia,Tatura,8,2026-09-07 07:00:00+00:00,12,Lady Maestro,12,Betr,7.000,2.300,TOP3,14.500,8.000,48.47434119278779472954,-55.4036061026352288488232000000000000000000,38.280166435506241331484000,-44.2234818790327443765732000000000000000000,-33.5091961647470300910732000000000000000000,-15.0781942743878618491369996219281663516075,
NSW,Dubbo,5,1000,Good,4,2026-09-07,5196943,5468595,Open,BM 58,12,False,5318080,Orsum,8,12,59.5,False,A.Bullock,S.A.Torrens,False,6,22,Australia,Dubbo,5,2026-09-07 06:05:00+00:00,8,Orsum,12,Dabble,6.500,2.400,TOP3,19.500,10.000,33.45360824742268041237,-69.8917525773195876288670000000000000000000,25.515463917525773195876000,-61.7186756542426645511170000000000000000000,-50.1802141157811260898670000000000000000000,-31.9510474491144594231586666666666666666675,
NSW,Dubbo,5,1000,Good,4,2026-09-07,5196943,5468595,Open,BM 58,12,False,5318080,Orsum,8,12,59.5,False,A.Bullock,S.A.Torrens,False,6,22,Australia,Dubbo,5,2026-09-07 06:05:00+00:00,8,Orsum,12,Ladbrokes,7.500,2.400,TOP3,19.500,10.000,38.60824742268041237113,-65.2525773195876288659830000000000000000000,30.154639175257731958763000,-54.0025773195876288652330000000000000000000,-44.0025773195876288654830000000000000000000,-25.7734106529209621987746666666666666666675,
NSW,Dubbo,5,1000,Good,4,2026-09-07,5196943,5468595,Open,BM 58,12,False,5318080,Orsum,8,12,59.5,False,A.Bullock,S.A.Torrens,False,6,22,Australia,Dubbo,5,2026-09-07 06:05:00+00:00,8,Orsum,12,Sportsbet,7.500,2.300,TOP3,19.500,10.000,38.60824742268041237113,-65.2525773195876288659830000000000000000000,30.154639175257731958763000,-52.6438816674137158222330000000000000000000,-42.6438816674137158224830000000000000000000,-24.2128797770545475805467996219281663516075,
NSW,Dubbo,5,1000,Good,4,2026-09-07,5196943,5468595,Open,BM 58,12,False,5318080,Orsum,8,12,59.5,False,A.Bullock,S.A.Torrens,False,6,22,Australia,Dubbo,5,2026-09-07 06:05:00+00:00,8,Orsum,12,UniBet,7.500,2.450,TOP3,19.500,10.000,38.60824742268041237113,-65.2525773195876288659830000000000000000000,30.154639175257731958763000,-54.6403324216284451919830000000000000000000,-44.6403324216284451922330000000000000000000,-26.5228813595709691405822294877134527280300,
NSW,Dubbo,5,1000,Good,4,2026-09-07,5196943,5468595,Open,BM 58,12,False,5318080,Orsum,8,12,59.5,False,A.Bullock,S.A.Torrens,False,6,22,Australia,Dubbo,5,2026-09-07 06:05:00+00:00,8,Orsum,12,Surge ,7.500,2.600,TOP3,19.500,10.000,38.60824742268041237113,-65.2525773195876288659830000000000000000000,30.154639175257731958763000,-56.4064234734337827119830000000000000000000,-46.4064234734337827122330000000000000000000,-28.6549441834929543099460177514792899408300,
NSW,Dubbo,5,1000,Good,4,2026-09-07,5196943,5468595,Open,BM 58,12,False,5318080,Orsum,8,12,59.5,False,A.Bullock,S.A.Torrens,False,6,22,Australia,Dubbo,5,2026-09-07 06:05:00+00:00,8,Orsum,12,Betr,7.500,2.300,TOP3,19.500,10.000,38.60824742268041237113,-65.2525773195876288659830000000000000000000,30.154639175257731958763000,-52.6438816674137158222330000000000000000000,-42.6438816674137158224830000000000000000000,-24.2128797770545475805467996219281663516075,
NSW,Grafton,3,2200,Good,4,2026-09-07,5194178,5468588,Paying,BM 58,6,False,5319090,Sir Zino,4,3,59,False,S.Cummins,V.Mclennan,False,28,3,,,,,,,,,,,,,,,,,,,,
NSW,Grafton,4,1000,Good,4,2026-09-07,5194178,5468586,Interim,BM 58,9,False,5319525,Clan Doro,13,12,55,True,,V.Mclennan,False,25,30,,,,,,,,,,,,,,,,,,,,
NSW,Dubbo,6,2200,Good,4,2026-09-07,5196943,5468593,Open,BM 58,13,False,5319763,It Is To Be,2,6,60,False,K.Nestor,P.W.Murphy,False,13,24,Australia,Dubbo,6,2026-09-07 06:40:00+00:00,2,It Is To Be,13,Dabble,6.500,2.400,TOP3,250.000,10.000,2.59703881552621048419,-97.6626650660264105642290000000000000000000,1.980792316926770708283000,-89.4895881429494874864790000000000000000000,-77.9511266044879490252290000000000000000000,-59.7219599378212823585206666666666666666675,
NSW,Dubbo,6,2200,Good,4,2026-09-07,5196943,5468593,Open,BM 58,13,False,5319763,It Is To Be,2,6,60,False,K.Nestor,P.W.Murphy,False,13,24,Australia,Dubbo,6,2026-09-07 06:40:00+00:00,2,It Is To Be,13,Ladbrokes,7.500,2.400,TOP3,250.000,10.000,2.99719887955182072829,-97.3025210084033613445390000000000000000000,2.340936374549819927971000,-86.0525210084033613437890000000000000000000,-76.0525210084033613440390000000000000000000,-57.8233543417366946773306666666666666666675,
NSW,Dubbo,6,2200,Good,4,2026-09-07,5196943,5468593,Open,BM 58,13,False,5319763,It Is To Be,2,6,60,False,K.Nestor,P.W.Murphy,False,13,24,Australia,Dubbo,6,2026-09-07 06:40:00+00:00,2,It Is To Be,13,Sportsbet,7.500,2.250,TOP3,250.000,10.000,2.99719887955182072829,-97.3025210084033613445390000000000000000000,2.340936374549819927971000,-83.9691876750700280110390000000000000000000,-73.9691876750700280112890000000000000000000,-55.4506691565515094928075185185185185185200,
NSW,Dubbo,6,2200,Good,4,2026-09-07,5196943,5468593,Open,BM 58,13,False,5319763,It Is To Be,2,6,60,False,K.Nestor,P.W.Murphy,False,13,24,Australia,Dubbo,6,2026-09-07 06:40:00+00:00,2,It Is To Be,13,UniBet,7.500,2.450,TOP3,250.000,10.000,2.99719887955182072829,-97.3025210084033613445390000000000000000000,2.340936374549819927971000,-86.6902761104441776705390000000000000000000,-76.6902761104441776707890000000000000000000,-58.5728250483867016191382294877134527280300,
NSW,Dubbo,6,2200,Good,4,2026-09-07,5196943,5468593,Open,BM 58,13,False,5319763,It Is To Be,2,6,60,False,K.Nestor,P.W.Murphy,False,13,24,Australia,Dubbo,6,2026-09-07 06:40:00+00:00,2,It Is To Be,13,Surge ,7.500,2.600,TOP3,250.000,10.000,2.99719887955182072829,-97.3025210084033613445390000000000000000000,2.340936374549819927971000,-88.4563671622495151905390000000000000000000,-78.4563671622495151907890000000000000000000,-60.7048878723086867885020177514792899408300,
NSW,Dubbo,6,2200,Good,4,2026-09-07,5196943,5468593,Open,BM 58,13,False,5319763,It Is To Be,2,6,60,False,K.Nestor,P.W.Murphy,False,13,24,Australia,Dubbo,6,2026-09-07 06:40:00+00:00,2,It Is To Be,13,Betr,7.500,2.350,TOP3,250.000,10.000,2.99719887955182072829,-97.3025210084033613445390000000000000000000,2.340936374549819927971000,-85.3876273913820847480390000000000000000000,-75.3876273913820847482890000000000000000000,-57.0535395688379471294189230421004979628800,
VIC,Tatura,7,1980,Soft,7,2026-09-07,5195854,5469652,Open,BM 0-57,10,False,5321030,Call Me Rhonda,10,2,59,False,C.L.Jokic,J.J.Robinson,False,7,2,Australia,Tatura,7,2026-09-07 06:30:00+00:00,10,Call Me Rhonda,10,Dabble,5.000,2.000,TOP3,11.500,8.000,43.69527145359019264448,-59.8003502626970227670784000000000000000000,32.224168126094570928196000,-52.3003502626970227670784000000000000000000,-37.3003502626970227670784000000000000000000,-18.5503502626970227670784000000000000000000,
VIC,Tatura,7,1980,Soft,7,2026-09-07,5195854,5469652,Open,BM 0-57,10,False,5321030,Call Me Rhonda,10,2,59,False,C.L.Jokic,J.J.Robinson,False,7,2,Australia,Tatura,7,2026-09-07 06:30:00+00:00,10,Call Me Rhonda,10,Ladbrokes,5.500,2.000,TOP3,11.500,8.000,48.07355516637478108581,-55.7723292469352014010548000000000000000000,36.252189141856392294221000,-45.5450565196624741280548000000000000000000,-31.9086928832988377645548000000000000000000,-13.1586928832988377645548000000000000000000,
VIC,Tatura,7,1980,Soft,7,2026-09-07,5195854,5469652,Open,BM 0-57,10,False,5321030,Call Me Rhonda,10,2,59,False,C.L.Jokic,J.J.Robinson,False,7,2,Australia,Tatura,7,2026-09-07 06:30:00+00:00,10,Call Me Rhonda,10,Sportsbet,5.500,1.950,TOP3,11.500,8.000,48.07355516637478108581,-55.7723292469352014010548000000000000000000,36.252189141856392294221000,-44.5835180581240125898048000000000000000000,-30.9471544217603762263048000000000000000000,-12.2094818379339462460232418145956607495075,
VIC,Tatura,7,1980,Soft,7,2026-09-07,5195854,5469652,Open,BM 0-57,10,False,5321030,Call Me Rhonda,10,2,59,False,C.L.Jokic,J.J.Robinson,False,7,2,Australia,Tatura,7,2026-09-07 06:30:00+00:00,10,Call Me Rhonda,10,UniBet,5.500,2.000,TOP3,11.500,8.000,48.07355516637478108581,-55.7723292469352014010548000000000000000000,36.252189141856392294221000,-45.5450565196624741280548000000000000000000,-31.9086928832988377645548000000000000000000,-13.1586928832988377645548000000000000000000,
VIC,Tatura,7,1980,Soft,7,2026-09-07,5195854,5469652,Open,BM 0-57,10,False,5321030,Call Me Rhonda,10,2,59,False,C.L.Jokic,J.J.Robinson,False,7,2,Australia,Tatura,7,2026-09-07 06:30:00+00:00,10,Call Me Rhonda,10,Surge ,5.500,2.100,TOP3,11.500,8.000,48.07355516637478108581,-55.7723292469352014010548000000000000000000,36.252189141856392294221000,-47.3307708053767598420548000000000000000000,-33.6944071690131234785548000000000000000000,-14.9869241758158445669765687074829931972800,
VIC,Tatura,7,1980,Soft,7,2026-09-07,5195854,5469652,Open,BM 0-57,10,False,5321030,Call Me Rhonda,10,2,59,False,C.L.Jokic,J.J.Robinson,False,7,2,Australia,Tatura,7,2026-09-07 06:30:00+00:00,10,Call Me Rhonda,10,Betr,5.500,1.920,TOP3,11.500,8.000,48.07355516637478108581,-55.7723292469352014010548000000000000000000,36.252189141856392294221000,-43.9825565196624741283048000000000000000000,-30.3461928832988377648048000000000000000000,-11.6287449666321710981277166666666666666675,
NSW,Dubbo,6,2200,Good,4,2026-09-07,5196943,5468593,Open,BM 58,13,False,5321041,Lone Star Dream,5,3,58,False,S.S.Llewellyn,A.J.Kehoe,False,8,,Australia,Dubbo,6,2026-09-07 06:40:00+00:00,5,Lone Star Dream,13,Dabble,3.800,1.700,TOP3,16.500,10.000,23.10975609756097560976,-79.2012195121951219512160000000000000000000,15.365853658536585365854000,-74.5572566638979083287160000000000000000000,-54.8204145586347504342160000000000000000000,-36.6543245932368265587367612456747404844300,
NSW,Dubbo,6,2200,Good,4,2026-09-07,5196943,5468593,Open,BM 58,13,False,5321041,Lone Star Dream,5,3,58,False,S.S.Llewellyn,A.J.Kehoe,False,8,,Australia,Dubbo,6,2026-09-07 06:40:00+00:00,5,Lone Star Dream,13,Ladbrokes,4.000,1.700,TOP3,16.500,10.000,24.32926829268292682927,-78.1036585365853658536570000000000000000000,16.463414634146341463415000,-71.4860114777618364421570000000000000000000,-52.7360114777618364421570000000000000000000,-34.5699215123639125666777612456747404844300,
NSW,Dubbo,6,2200,Good,4,2026-09-07,5196943,5468593,Open,BM 58,13,False,5321041,Lone Star Dream,5,3,58,False,S.S.Llewellyn,A.J.Kehoe,False,8,,Australia,Dubbo,6,2026-09-07 06:40:00+00:00,5,Lone Star Dream,13,Sportsbet,4.000,1.670,TOP3,16.500,10.000,24.32926829268292682927,-78.1036585365853658536570000000000000000000,16.463414634146341463415000,-70.6934788958668029796570000000000000000000,-51.9434788958668029796570000000000000000000,-33.9256223933030681737698760443185485316800,
NSW,Dubbo,6,2200,Good,4,2026-09-07,5196943,5468593,Open,BM 58,13,False,5321041,Lone Star Dream,5,3,58,False,S.S.Llewellyn,A.J.Kehoe,False,8,,Australia,Dubbo,6,2026-09-07 06:40:00+00:00,5,Lone Star Dream,13,UniBet,4.000,1.650,TOP3,16.500,10.000,24.32926829268292682927,-78.1036585365853658536570000000000000000000,16.463414634146341463415000,-70.1491130820399113079070000000000000000000,-51.3991130820399113079070000000000000000000,-33.4927769938856413355178815426997245179075,
NSW,Dubbo,6,2200,Good,4,2026-09-07,5196943,5468593,Open,BM 58,13,False,5321041,Lone Star Dream,5,3,58,False,S.S.Llewellyn,A.J.Kehoe,False,8,,Australia,Dubbo,6,2026-09-07 06:40:00+00:00,5,Lone Star Dream,13,Surge ,4.000,1.700,TOP3,16.500,10.000,24.32926829268292682927,-78.1036585365853658536570000000000000000000,16.463414634146341463415000,-71.4860114777618364421570000000000000000000,-52.7360114777618364421570000000000000000000,-34.5699215123639125666777612456747404844300,
NSW,Dubbo,6,2200,Good,4,2026-09-07,5196943,5468593,Open,BM 58,13,False,5321041,Lone Star Dream,5,3,58,False,S.S.Llewellyn,A.J.Kehoe,False,8,,Australia,Dubbo,6,2026-09-07 06:40:00+00:00,5,Lone Star Dream,13,Betr,4.000,1.620,TOP3,16.500,10.000,24.32926829268292682927,-78.1036585365853658536570000000000000000000,16.463414634146341463415000,-69.3073622402890695571570000000000000000000,-50.5573622402890695571570000000000000000000,-32.8390266207188820857827430269775948788300,
NSW,Grafton,6,1200,Good,4,2026-09-07,5194178,5468587,Open,BM 58,8,False,5321527,Vendemmia,4,8,60,False,B.Looker,E.Ensby,False,3,,Australia,Grafton,6,2026-09-07 06:20:00+00:00,4,Vendemmia,8,Dabble,3.400,1.340,TOP3,6.000,10.000,57.45762711864406779661,-48.2881355932203389830510000000000000000000,36.610169491525423728814000,-36.4356333983125251108010000000000000000000,-14.3768098689007604050510000000000000000000,-0.1754287149689270346725749610158164401875,
NSW,Grafton,6,1200,Good,4,2026-09-07,5194178,5468587,Open,BM 58,8,False,5321527,Vendemmia,4,8,60,False,B.Looker,E.Ensby,False,3,,Australia,Grafton,6,2026-09-07 06:20:00+00:00,4,Vendemmia,8,Ladbrokes,3.700,1.500,TOP3,6.000,10.000,62.54237288135593220339,-43.7118644067796610169490000000000000000000,41.186440677966101694915000,-34.2524049473202015571990000000000000000000,-13.9821346770499312869490000000000000000000,2.6845319896167353796343333333333333333325,
NSW,Grafton,6,1200,Good,4,2026-09-07,5194178,5468587,Open,BM 58,8,False,5321527,Vendemmia,4,8,60,False,B.Looker,E.Ensby,False,3,,Australia,Grafton,6,2026-09-07 06:20:00+00:00,4,Vendemmia,8,Sportsbet,3.700,1.500,TOP3,6.000,10.000,62.54237288135593220339,-43.7118644067796610169490000000000000000000,41.186440677966101694915000,-34.2524049473202015571990000000000000000000,-13.9821346770499312869490000000000000000000,2.6845319896167353796343333333333333333325,
NSW,Grafton,6,1200,Good,4,2026-09-07,5194178,5468587,Open,BM 58,8,False,5321527,Vendemmia,4,8,60,False,B.Looker,E.Ensby,False,3,,Australia,Grafton,6,2026-09-07 06:20:00+00:00,4,Vendemmia,8,UniBet,3.700,1.380,TOP3,6.000,10.000,62.54237288135593220339,-43.7118644067796610169490000000000000000000,41.186440677966101694915000,-29.9045788603636798179490000000000000000000,-9.6343085900934095476990000000000000000000,5.3310348251554877426201556395715185885300,
NSW,Grafton,6,1200,Good,4,2026-09-07,5194178,5468587,Open,BM 58,8,False,5321527,Vendemmia,4,8,60,False,B.Looker,E.Ensby,False,3,,Australia,Grafton,6,2026-09-07 06:20:00+00:00,4,Vendemmia,8,Surge ,3.700,1.400,TOP3,6.000,10.000,62.54237288135593220339,-43.7118644067796610169490000000000000000000,41.186440677966101694915000,-30.6809763758916301291990000000000000000000,-10.4107061056213598589490000000000000000000,4.8954163433582319779234489795918367346925,
NSW,Grafton,6,1200,Good,4,2026-09-07,5194178,5468587,Open,BM 58,8,False,5321527,Vendemmia,4,8,60,False,B.Looker,E.Ensby,False,3,,Australia,Grafton,6,2026-09-07 06:20:00+00:00,4,Vendemmia,8,Betr,3.700,1.400,TOP3,6.000,10.000,62.54237288135593220339,-43.7118644067796610169490000000000000000000,41.186440677966101694915000,-30.6809763758916301291990000000000000000000,-10.4107061056213598589490000000000000000000,4.8954163433582319779234489795918367346925,
NSW,Grafton,6,1200,Good,4,2026-09-07,5194178,5468587,Open,BM 58,8,False,5322083,Autumngirl,7,2,58.5,True,B.Baker,A.Campton,False,8,17,,,,,,,,,,,,,,,,,,,,
NSW,Dubbo,1,1000,,0,2026-09-07,5197837,5477831,FinalFields,Trial,8,True,5322329,The Beast,7,0,,False,G.Johnston,J.M.Clement,False,1,,,,,,,,,,,,,,,,,,,,,
VIC,Tatura,4,1450,Soft,7,2026-09-07,5195854,5469649,Paying,BM 0-57,8,False,5322711,Of The View,5,6,61,False,J.Martin,P.B.Payne,False,5,,,,,,,,,,,,,,,,,,,,,
NSW,Dubbo,5,1000,Good,4,2026-09-07,5196943,5468595,Open,BM 58,12,False,5322931,Race To Arms,5,11,60.5,True,K.Nestor,P.J.Nestor,False,1,,,,,,,,,,,,,,,,,,,,,
VIC,Ballarat Synthetic,3,850,Synth,,2026-09-07,5197847,5478706,Paying,Trial,7,True,5322950,Message Bank,4,0,,False,B.P.Deeker-Fradd,M.R.Smerdon,False,1,4,,,,,,,,,,,,,,,,,,,,
WA,Lark Hill,4,950,Soft,5,2026-09-07,5197375,5478875,Paying,Trial,8,True,5323082,More Heroic,7,0,,False,S.F.Mcgruddy,R.I.Bayliss,False,5,,,,,,,,,,,,,,,,,,,,,
NSW,Dubbo,7,1200,Good,4,2026-09-07,5196943,5468592,Open,BM 78,9,False,5323261,Crusader Kings,1,9,59,False,A.Bullock,M.E.Jones,False,1,,Australia,Dubbo,7,2026-09-07 07:20:00+00:00,1,Crusader Kings,9,Dabble,1.900,1.120,TOP3,3.700,10.000,52.50000000000000000000,-52.7500000000000000000000000000000000000000,22.500000000000000000000000,-64.7330827067669172940000000000000000000000,-25.2593984962406015042500000000000000000000,-18.0846535982814178306122448979591836734700,
NSW,Dubbo,7,1200,Good,4,2026-09-07,5196943,5468592,Open,BM 78,9,False,5323261,Crusader Kings,1,9,59,False,A.Bullock,M.E.Jones,False,1,,Australia,Dubbo,7,2026-09-07 07:20:00+00:00,1,Crusader Kings,9,Ladbrokes,1.900,1.140,TOP3,3.700,10.000,52.50000000000000000000,-52.7500000000000000000000000000000000000000,22.500000000000000000000000,-65.9078947368421052635000000000000000000000,-26.4342105263157894737500000000000000000000,-18.3548014773776546631978301015697137580800,
NSW,Dubbo,7,1200,Good,4,2026-09-07,5196943,5468592,Open,BM 78,9,False,5323261,Crusader Kings,1,9,59,False,A.Bullock,M.E.Jones,False,1,,Australia,Dubbo,7,2026-09-07 07:20:00+00:00,1,Crusader Kings,9,Sportsbet,1.900,1.170,TOP3,3.700,10.000,52.50000000000000000000,-52.7500000000000000000000000000000000000000,22.500000000000000000000000,-67.5948043184885290157500000000000000000000,-28.1211201079622132260000000000000000000000,-18.8070723323759761010512272627657243041875,
NSW,Dubbo,7,1200,Good,4,2026-09-07,5196943,5468592,Open,BM 78,9,False,5323261,Crusader Kings,1,9,59,False,A.Bullock,M.E.Jones,False,1,,Australia,Dubbo,7,2026-09-07 07:20:00+00:00,1,Crusader Kings,9,UniBet,1.900,1.100,TOP3,3.700,10.000,52.50000000000000000000,-52.7500000000000000000000000000000000000000,22.500000000000000000000000,-63.5155502392344497612500000000000000000000,-24.0418660287081339715000000000000000000000,-17.8435189212701174426301652892561983471075,
NSW,Dubbo,7,1200,Good,4,2026-09-07,5196943,5468592,Open,BM 78,9,False,5323261,Crusader Kings,1,9,59,False,A.Bullock,M.E.Jones,False,1,,Australia,Dubbo,7,2026-09-07 07:20:00+00:00,1,Crusader Kings,9,Surge ,1.900,1.120,TOP3,3.700,10.000,52.50000000000000000000,-52.7500000000000000000000000000000000000000,22.500000000000000000000000,-64.7330827067669172940000000000000000000000,-25.2593984962406015042500000000000000000000,-18.0846535982814178306122448979591836734700,
NSW,Dubbo,7,1200,Good,4,2026-09-07,5196943,5468592,Open,BM 78,9,False,5323261,Crusader Kings,1,9,59,False,A.Bullock,M.E.Jones,False,1,,Australia,Dubbo,7,2026-09-07 07:20:00+00:00,1,Crusader Kings,9,Betr,1.900,1.060,TOP3,3.700,10.000,52.50000000000000000000,-52.7500000000000000000000000000000000000000,22.500000000000000000000000,-60.9426514399205561080000000000000000000000,-21.4689672293942403182500000000000000000000,-17.4639832493301605743932894268422926308300,
NSW,Grafton,6,1200,Good,4,2026-09-07,5194178,5468587,Open,BM 58,8,False,5323305,Doingiteasy,5,5,59.5,False,A.J.Mallyon,M.J.Dunn,False,1,,Australia,Grafton,6,2026-09-07 06:20:00+00:00,5,Doingiteasy,8,Dabble,6.000,2.000,TOP3,17.000,10.000,35.44378698224852071006,-68.1005917159763313609460000000000000000000,26.627218934911242603550000,-55.6005917159763313614460000000000000000000,-43.1005917159763313611960000000000000000000,-24.3505917159763313611960000000000000000000,
NSW,Grafton,6,1200,Good,4,2026-09-07,5194178,5468587,Open,BM 58,8,False,5323305,Doingiteasy,5,5,59.5,False,A.J.Mallyon,M.J.Dunn,False,1,,Australia,Grafton,6,2026-09-07 06:20:00+00:00,5,Doingiteasy,8,Ladbrokes,7.500,2.150,TOP3,17.000,10.000,44.31952662721893491124,-60.1124260355029585798840000000000000000000,34.615384615384615384615000,-45.2287051052704004398840000000000000000000,-35.2287051052704004401340000000000000000000,-16.5699706542157763189898680367766360194700,
NSW,Grafton,6,1200,Good,4,2026-09-07,5194178,5468587,Open,BM 58,8,False,5323305,Doingiteasy,5,5,59.5,False,A.J.Mallyon,M.J.Dunn,False,1,,Australia,Grafton,6,2026-09-07 06:20:00+00:00,5,Doingiteasy,8,Sportsbet,7.500,2.250,TOP3,17.000,10.000,44.31952662721893491124,-60.1124260355029585798840000000000000000000,34.615384615384615384615000,-46.7790927021696252463840000000000000000000,-36.7790927021696252466340000000000000000000,-18.2605741836511067281525185185185185185200,
NSW,Grafton,6,1200,Good,4,2026-09-07,5194178,5468587,Open,BM 58,8,False,5323305,Doingiteasy,5,5,59.5,False,A.J.Mallyon,M.J.Dunn,False,1,,Australia,Grafton,6,2026-09-07 06:20:00+00:00,5,Doingiteasy,8,UniBet,7.500,2.250,TOP3,17.000,10.000,44.31952662721893491124,-60.1124260355029585798840000000000000000000,34.615384615384615384615000,-46.7790927021696252463840000000000000000000,-36.7790927021696252466340000000000000000000,-18.2605741836511067281525185185185185185200,
NSW,Grafton,6,1200,Good,4,2026-09-07,5194178,5468587,Open,BM 58,8,False,5323305,Doingiteasy,5,5,59.5,False,A.J.Mallyon,M.J.Dunn,False,1,,Australia,Grafton,6,2026-09-07 06:20:00+00:00,5,Doingiteasy,8,Surge ,7.500,2.350,TOP3,17.000,10.000,44.31952662721893491124,-60.1124260355029585798840000000000000000000,34.615384615384615384615000,-48.1975324184816819833840000000000000000000,-38.1975324184816819836340000000000000000000,-19.8634445959375443647639230421004979628800,
NSW,Grafton,6,1200,Good,4,2026-09-07,5194178,5468587,Open,BM 58,8,False,5323305,Doingiteasy,5,5,59.5,False,A.J.Mallyon,M.J.Dunn,False,1,,Australia,Grafton,6,2026-09-07 06:20:00+00:00,5,Doingiteasy,8,Betr,7.500,2.100,TOP3,17.000,10.000,44.31952662721893491124,-60.1124260355029585798840000000000000000000,34.615384615384615384615000,-44.3981403212172442933840000000000000000000,-34.3981403212172442936340000000000000000000,-15.6906573280199653820557687074829931972800,
NSW,Dubbo,5,1000,Good,4,2026-09-07,5196943,5468595,Open,BM 58,12,False,5323458,Red Line Fever,16,3,55,False,S.S.Llewellyn,C.Greig,False,9,8,Australia,Dubbo,5,2026-09-07 06:05:00+00:00,16,Red Line Fever,12,Dabble,14.000,3.500,TOP3,250.000,10.000,5.59823929571828731493,-94.9615846338535414165630000000000000000000,4.681872749099639855942000,-84.2472989195678271303130000000000000000000,-78.8901560624249699875630000000000000000000,-63.5840336134453781506905510204081632653075,
NSW,Dubbo,5,1000,Good,4,2026-09-07,5196943,5468595,Open,BM 58,12,False,5323458,Red Line Fever,16,3,55,False,S.S.Llewellyn,C.Greig,False,9,8,Australia,Dubbo,5,2026-09-07 06:05:00+00:00,16,Red Line Fever,12,Ladbrokes,18.000,3.700,TOP3,250.000,10.000,7.19887955182072829132,-93.5210084033613445378120000000000000000000,6.122448979591836734694000,-81.5840714664244076015620000000000000000000,-77.4174047997577409345620000000000000000000,-62.6255859538848410076173323593864134404675,
NSW,Dubbo,5,1000,Good,4,2026-09-07,5196943,5468595,Open,BM 58,12,False,5323458,Red Line Fever,16,3,55,False,S.S.Llewellyn,C.Greig,False,9,8,Australia,Dubbo,5,2026-09-07 06:05:00+00:00,16,Red Line Fever,12,Sportsbet,18.000,4.200,TOP3,250.000,10.000,7.19887955182072829132,-93.5210084033613445378120000000000000000000,6.122448979591836734694000,-83.9971988795518207288120000000000000000000,-79.8305322128851540618120000000000000000000,-66.2250900360144057624174421768707482993200,
NSW,Dubbo,5,1000,Good,4,2026-09-07,5196943,5468595,Open,BM 58,12,False,5323458,Red Line Fever,16,3,55,False,S.S.Llewellyn,C.Greig,False,9,8,Australia,Dubbo,5,2026-09-07 06:05:00+00:00,16,Red Line Fever,12,UniBet,18.000,4.200,TOP3,250.000,10.000,7.19887955182072829132,-93.5210084033613445378120000000000000000000,6.122448979591836734694000,-83.9971988795518207288120000000000000000000,-79.8305322128851540618120000000000000000000,-66.2250900360144057624174421768707482993200,
NSW,Dubbo,5,1000,Good,4,2026-09-07,5196943,5468595,Open,BM 58,12,False,5323458,Red Line Fever,16,3,55,False,S.S.Llewellyn,C.Greig,False,9,8,Australia,Dubbo,5,2026-09-07 06:05:00+00:00,16,Red Line Fever,12,Surge ,17.000,3.900,TOP3,250.000,10.000,6.79871948779511804722,-93.8811524609843937575020000000000000000000,5.762304921968787515006000,-83.4739126419798688700020000000000000000000,-79.0621479360975159290020000000000000000000,-64.7623451747562930491864181459566074950700,
NSW,Dubbo,5,1000,Good,4,2026-09-07,5196943,5468595,Open,BM 58,12,False,5323458,Red Line Fever,16,3,55,False,S.S.Llewellyn,C.Greig,False,9,8,Australia,Dubbo,5,2026-09-07 06:05:00+00:00,16,Red Line Fever,12,Betr,17.000,4.000,TOP3,250.000,10.000,6.79871948779511804722,-93.8811524609843937575020000000000000000000,5.762304921968787515006000,-83.9546818727490996395020000000000000000000,-79.5429171668667466985020000000000000000000,-65.4804171668667466985020000000000000000000,
NSW,Dubbo,1,1600,Good,4,2026-09-07,5196943,5468596,Paying,BM 58,8,False,5323620,Puissance Power,3,11,59,True,,M.R.Mulholland,False,5,,,,,,,,,,,,,,,,,,,,,
NSW,Dubbo,5,1000,Good,4,2026-09-07,5196943,5468595,Open,BM 58,12,False,5323737,Sorrento Palace,6,1,60,False,J.Pracey-Holmes,B.R.E.Thompson,False,6,10,Australia,Dubbo,5,2026-09-07 06:05:00+00:00,6,Sorrento Palace,12,Dabble,5.500,2.150,TOP3,18.500,10.000,29.83695652173913043478,-73.1467391304347826086980000000000000000000,22.010869565217391304348000,-65.5357454729294971961980000000000000000000,-51.8993818365658608326980000000000000000000,-33.2406473855112367115538680367766360194700,
NSW,Dubbo,5,1000,Good,4,2026-09-07,5196943,5468595,Open,BM 58,12,False,5323737,Sorrento Palace,6,1,60,False,J.Pracey-Holmes,B.R.E.Thompson,False,6,10,Australia,Dubbo,5,2026-09-07 06:05:00+00:00,6,Sorrento Palace,12,Ladbrokes,6.500,2.200,TOP3,18.500,10.000,35.27173913043478260870,-68.2554347826086956521700000000000000000000,26.902173913043478260870000,-57.2414487686226816659200000000000000000000,-45.7029872301611432046700000000000000000000,-27.1079459078470936179241322314049586776875,
NSW,Dubbo,5,1000,Good,4,2026-09-07,5196943,5468595,Open,BM 58,12,False,5323737,Sorrento Palace,6,1,60,False,J.Pracey-Holmes,B.R.E.Thompson,False,6,10,Australia,Dubbo,5,2026-09-07 06:05:00+00:00,6,Sorrento Palace,12,Sportsbet,6.500,2.100,TOP3,18.500,10.000,35.27173913043478260870,-68.2554347826086956521700000000000000000000,26.902173913043478260870000,-55.6180721452460582886700000000000000000000,-44.0796106067845198274200000000000000000000,-25.3721276135872409158417687074829931972800,
NSW,Dubbo,5,1000,Good,4,2026-09-07,5196943,5468595,Open,BM 58,12,False,5323737,Sorrento Palace,6,1,60,False,J.Pracey-Holmes,B.R.E.Thompson,False,6,10,Australia,Dubbo,5,2026-09-07 06:05:00+00:00,6,Sorrento Palace,12,UniBet,6.500,2.250,TOP3,18.500,10.000,35.27173913043478260870,-68.2554347826086956521700000000000000000000,26.902173913043478260870000,-57.9990245261984392416700000000000000000000,-46.4605629877369007804200000000000000000000,-27.9420444692183822619385185185185185185200,
NSW,Dubbo,5,1000,Good,4,2026-09-07,5196943,5468595,Open,BM 58,12,False,5323737,Sorrento Palace,6,1,60,False,J.Pracey-Holmes,B.R.E.Thompson,False,6,10,Australia,Dubbo,5,2026-09-07 06:05:00+00:00,6,Sorrento Palace,12,Surge ,6.500,2.300,TOP3,18.500,10.000,35.27173913043478260870,-68.2554347826086956521700000000000000000000,26.902173913043478260870000,-58.7236622073578595314200000000000000000000,-47.1852006688963210701700000000000000000000,-28.7541987785371528282337996219281663516075,
NSW,Dubbo,5,1000,Good,4,2026-09-07,5196943,5468595,Open,BM 58,12,False,5323737,Sorrento Palace,6,1,60,False,J.Pracey-Holmes,B.R.E.Thompson,False,6,10,Australia,Dubbo,5,2026-09-07 06:05:00+00:00,6,Sorrento Palace,12,Betr,6.500,2.100,TOP3,18.500,10.000,35.27173913043478260870,-68.2554347826086956521700000000000000000000,26.902173913043478260870000,-55.6180721452460582886700000000000000000000,-44.0796106067845198274200000000000000000000,-25.3721276135872409158417687074829931972800,
NSW,Grafton,4,1000,Good,4,2026-09-07,5194178,5468586,Interim,BM 58,9,False,5323768,Land Speed,4,7,59,False,D.L.Turner,Stephen & Jordan Lee,False,3,2,,,,,,,,,,,,,,,,,,,,
NSW,Dubbo,2,1000,Good,4,2026-09-07,5196943,5468598,Paying,Maiden,11,False,5323916,Kneel Down,16,11,59,False,I.Neale,F.D.Bush,False,1,8,,,,,,,,,,,,,,,,,,,,
VIC,Southside Cranbourne,4,760,Synth,,2026-09-07,5197846,5479222,Paying,Trial,7,True,5324458,Ballistic Blue,6,0,,False,B.R.Kinninmont,N.M.Burke,False,1,6,,,,,,,,,,,,,,,,,,,,
WA,Lark Hill,4,950,Soft,5,2026-09-07,5197375,5478875,Paying,Trial,8,True,5324482,Return Of The Mach,4,0,,False,L.F.Fiore,A.G.Durrant,False,2,,,,,,,,,,,,,,,,,,,,,
VIC,Tatura,3,1450,Soft,7,2026-09-07,5195854,5469647,Paying,Maiden,11,False,5324666,Big Chev,1,7,59.5,False,L.Wood,B.T.Malanczyn,False,5,,,,,,,,,,,,,,,,,,,,,
VIC,Tatura,7,1980,Soft,7,2026-09-07,5195854,5469652,Open,BM 0-57,10,False,5324818,Queen Of Cordoba,9,17,59.5,True,W.Gordon,M.Jones,False,6,,,,,,,,,,,,,,,,,,,,,
WA,Lark Hill,14,950,Good,4,2026-09-07,5197375,5478892,Paying,Trial,9,True,5324843,Wardikcar,4,0,,False,A.Galati,S.C.Dickson,False,1,2,,,,,,,,,,,,,,,,,,,,
NSW,Dubbo,5,1000,Good,4,2026-09-07,5196943,5468595,Open,BM 58,12,False,5324923,Imastatement,10,18,59,True,I.Neale,B.Robb,False,2,,,,,,,,,,,,,,,,,,,,,
VIC,Tatura,5,1450,Soft,7,2026-09-07,5195854,5469646,Open,BM 0-57,7,False,5325094,Mr Butts Boats,1,12,63,True,N.Farley,N.A.Blackiston,False,9,,,,,,,,,,,,,,,,,,,,,
WA,Lark Hill,15,950,Good,4,2026-09-07,5197375,5478893,Paying,Trial,8,True,5325110,War Trail,8,0,,False,J.Noske,T.Triscari,False,1,,,,,,,,,,,,,,,,,,,,,
VIC,Southside Cranbourne,4,760,Synth,,2026-09-07,5197846,5479222,Paying,Trial,7,True,5325143,King Tut,1,0,,False,T.Stockdale,C.Maher,False,1,,,,,,,,,,,,,,,,,,,,,
NSW,Grafton,1,1700,Soft,5,2026-09-07,5194178,5468591,Paying,Maiden,7,False,5325158,So Sain,8,6,57,False,B.Looker,E.Ensby,False,5,6,,,,,,,,,,,,,,,,,,,,
NSW,Dubbo,2,1000,Good,4,2026-09-07,5196943,5468598,Paying,Maiden,11,False,5325314,Little Bubbles,15,15,57,True,,W.T.Wilkes,False,2,,,,,,,,,,,,,,,,,,,,,
VIC,Tatura,5,1450,Soft,7,2026-09-07,5195854,5469646,Open,BM 0-57,7,False,5325330,Kastun Star,9,10,61,False,Z.Spain,J.Warren,False,1,,Australia,Tatura,5,2026-09-07 05:30:00+00:00,9,Kastun Star,8,Dabble,4.000,1.500,TOP3,7.000,8.000,57.65895953757225433526,-46.9537572254335260115608000000000000000000,39.884393063583815028902000,-34.4537572254335260113108000000000000000000,-15.7037572254335260113108000000000000000000,0.9629094412331406552725333333333333333325,
VIC,Tatura,5,1450,Soft,7,2026-09-07,5195854,5469646,Open,BM 0-57,7,False,5325330,Kastun Star,9,10,61,False,Z.Spain,J.Warren,False,1,,Australia,Tatura,5,2026-09-07 05:30:00+00:00,9,Kastun Star,8,Ladbrokes,4.200,1.600,TOP3,7.000,8.000,60.54913294797687861272,-44.2947976878612716762976000000000000000000,42.543352601156069364162000,-33.1340834021469859622976000000000000000000,-15.2769405450041288192976000000000000000000,2.3011844549958711807024000000000000000000,
VIC,Tatura,5,1450,Soft,7,2026-09-07,5195854,5469646,Open,BM 0-57,7,False,5325330,Kastun Star,9,10,61,False,Z.Spain,J.Warren,False,1,,Australia,Tatura,5,2026-09-07 05:30:00+00:00,9,Kastun Star,8,Sportsbet,4.200,1.570,TOP3,7.000,8.000,60.54913294797687861272,-44.2947976878612716762976000000000000000000,42.543352601156069364162000,-32.2383827652043108030476000000000000000000,-14.3812399080614536600476000000000000000000,2.9622628709559506971232081463751064951925,
VIC,Tatura,5,1450,Soft,7,2026-09-07,5195854,5469646,Open,BM 0-57,7,False,5325330,Kastun Star,9,10,61,False,Z.Spain,J.Warren,False,1,,Australia,Tatura,5,2026-09-07 05:30:00+00:00,9,Kastun Star,8,UniBet,4.000,1.450,TOP3,7.000,8.000,57.65895953757225433526,-46.9537572254335260115608000000000000000000,39.884393063583815028902000,-32.7296192943990432528108000000000000000000,-13.9796192943990432528108000000000000000000,2.0726993738530376032638135552913198573125,
VIC,Tatura,5,1450,Soft,7,2026-09-07,5195854,5469646,Open,BM 0-57,7,False,5325330,Kastun Star,9,10,61,False,Z.Spain,J.Warren,False,1,,Australia,Tatura,5,2026-09-07 05:30:00+00:00,9,Kastun Star,8,Surge ,4.200,1.550,TOP3,7.000,8.000,60.54913294797687861272,-44.2947976878612716762976000000000000000000,42.543352601156069364162000,-31.6219866279534375752976000000000000000000,-13.7648437708105804322976000000000000000000,3.4047712135806786728293510926118626430800,
VIC,Tatura,5,1450,Soft,7,2026-09-07,5195854,5469646,Open,BM 0-57,7,False,5325330,Kastun Star,9,10,61,False,Z.Spain,J.Warren,False,1,,Australia,Tatura,5,2026-09-07 05:30:00+00:00,9,Kastun Star,8,Betr,4.200,1.500,TOP3,7.000,8.000,60.54913294797687861272,-44.2947976878612716762976000000000000000000,42.543352601156069364162000,-30.0090834021469859620476000000000000000000,-12.1519405450041288190476000000000000000000,4.5147261216625378475357333333333333333325,
VIC,Cranbourne-Trn,1,1000,,0,2026-09-07,5197805,5477680,FinalFields,Trial,8,True,5325387,Sepals,3,0,,False,,C.I.Brown,False,5,3,,,,,,,,,,,,,,,,,,,,
NSW,Dubbo,6,2200,Good,4,2026-09-07,5196943,5468593,Open,BM 58,13,False,5325411,Chrislyn,13,4,55,False,B.A.Cray,G.D.Lunn,False,6,,,,,,,,,,,,,,,,,,,,,
WA,Lark Hill,6,950,Good,4,2026-09-07,5197375,5478877,Paying,Trial,6,True,5325420,Bondis Future,5,0,,False,L.F.Fiore,A.G.Durrant,False,1,,,,,,,,,,,,,,,,,,,,,
NSW,Grafton,6,1200,Good,4,2026-09-07,5194178,5468587,Open,BM 58,8,False,5325606,Bellarata,8,15,58.5,False,J.L.Bayliss,M.J.Dunn,False,2,,Australia,Grafton,6,2026-09-07 06:20:00+00:00,8,Bellarata,8,Dabble,4.800,1.700,TOP3,13.500,10.000,35.74626865671641791045,-67.8283582089552238805950000000000000000000,25.522388059701492537313000,-54.9607111501316944685950000000000000000000,-39.3357111501316944688450000000000000000000,-21.1696211847337705933657612456747404844300,
NSW,Grafton,6,1200,Good,4,2026-09-07,5194178,5468587,Open,BM 58,8,False,5325606,Bellarata,8,15,58.5,False,J.L.Bayliss,M.J.Dunn,False,2,,Australia,Grafton,6,2026-09-07 06:20:00+00:00,8,Bellarata,8,Ladbrokes,6.000,1.800,TOP3,13.500,10.000,44.70149253731343283582,-59.7686567164179104477620000000000000000000,33.582089552238805970149000,-43.1019900497512437812620000000000000000000,-30.6019900497512437810120000000000000000000,-12.0834715312327252625305185185185185185200,
NSW,Grafton,6,1200,Good,4,2026-09-07,5194178,5468587,Open,BM 58,8,False,5325606,Bellarata,8,15,58.5,False,J.L.Bayliss,M.J.Dunn,False,2,,Australia,Grafton,6,2026-09-07 06:20:00+00:00,8,Bellarata,8,Sportsbet,5.500,1.800,TOP3,13.500,10.000,40.97014925373134328358,-63.1268656716417910447780000000000000000000,30.223880597014925373134000,-48.7329262777023971047780000000000000000000,-35.0965626413387607412780000000000000000000,-16.5780441228202422227965185185185185185200,
NSW,Grafton,6,1200,Good,4,2026-09-07,5194178,5468587,Open,BM 58,8,False,5325606,Bellarata,8,15,58.5,False,J.L.Bayliss,M.J.Dunn,False,2,,Australia,Grafton,6,2026-09-07 06:20:00+00:00,8,Bellarata,8,UniBet,5.500,1.800,TOP3,13.500,10.000,40.97014925373134328358,-63.1268656716417910447780000000000000000000,30.223880597014925373134000,-48.7329262777023971047780000000000000000000,-35.0965626413387607412780000000000000000000,-16.5780441228202422227965185185185185185200,
NSW,Grafton,6,1200,Good,4,2026-09-07,5194178,5468587,Open,BM 58,8,False,5325606,Bellarata,8,15,58.5,False,J.L.Bayliss,M.J.Dunn,False,2,,Australia,Grafton,6,2026-09-07 06:20:00+00:00,8,Bellarata,8,Surge ,5.500,1.850,TOP3,13.500,10.000,40.97014925373134328358,-63.1268656716417910447780000000000000000000,30.223880597014925373134000,-49.8590524038285232312780000000000000000000,-36.2226887674648868677780000000000000000000,-17.5959539245138277004993294375456537618700,
NSW,Grafton,6,1200,Good,4,2026-09-07,5194178,5468587,Open,BM 58,8,False,5325606,Bellarata,8,15,58.5,False,J.L.Bayliss,M.J.Dunn,False,2,,Australia,Grafton,6,2026-09-07 06:20:00+00:00,8,Bellarata,8,Betr,5.500,1.750,TOP3,13.500,10.000,40.97014925373134328358,-63.1268656716417910447780000000000000000000,30.223880597014925373134000,-47.5424500872262066290280000000000000000000,-33.9060864508625702655280000000000000000000,-15.5387395120870600614310612244897959183675,
NSW,Grafton,1,940,,0,2026-09-07,5197814,5477829,FinalFields,Trial,6,True,5325893,Amayas Secret,1,0,,False,,Stephen & Jordan Lee,False,1,5,,,,,,,,,,,,,,,,,,,,
NSW,Grafton,1,1700,Soft,5,2026-09-07,5194178,5468591,Paying,Maiden,7,False,5325920,Sweet September,9,3,57,True,,M.J.Dunn,False,4,,,,,,,,,,,,,,,,,,,,,
NSW,Grafton,6,1200,Good,4,2026-09-07,5194178,5468587,Open,BM 58,8,False,5326019,Thunderous,2,1,61,False,D.L.Turner,M.J.Wilson,False,4,18,Australia,Grafton,6,2026-09-07 06:20:00+00:00,2,Thunderous,8,Dabble,6.000,1.950,TOP3,19.000,10.000,31.69312169312169312169,-71.4761904761904761904790000000000000000000,23.809523809523809523810000,-58.0146520146520146527290000000000000000000,-45.5146520146520146524790000000000000000000,-26.7769794308255846721974418145956607495075,
NSW,Grafton,6,1200,Good,4,2026-09-07,5194178,5468587,Open,BM 58,8,False,5326019,Thunderous,2,1,61,False,D.L.Turner,M.J.Wilson,False,4,18,Australia,Grafton,6,2026-09-07 06:20:00+00:00,2,Thunderous,8,Ladbrokes,7.000,2.150,TOP3,19.000,10.000,36.98412698412698412698,-66.7142857142857142857180000000000000000000,28.571428571428571428571000,-53.2591362126245847172180000000000000000000,-42.5448504983388704317180000000000000000000,-23.8861160472842463105738680367766360194700,
NSW,Grafton,6,1200,Good,4,2026-09-07,5194178,5468587,Open,BM 58,8,False,5326019,Thunderous,2,1,61,False,D.L.Turner,M.J.Wilson,False,4,18,Australia,Grafton,6,2026-09-07 06:20:00+00:00,2,Thunderous,8,Sportsbet,7.500,2.300,TOP3,19.000,10.000,39.62962962962962962963,-64.3333333333333333333330000000000000000000,30.952380952380952380952000,-51.7246376811594202895830000000000000000000,-41.7246376811594202898330000000000000000000,-23.2936357908002520478967996219281663516075,
NSW,Grafton,6,1200,Good,4,2026-09-07,5194178,5468587,Open,BM 58,8,False,5326019,Thunderous,2,1,61,False,D.L.Turner,M.J.Wilson,False,4,18,Australia,Grafton,6,2026-09-07 06:20:00+00:00,2,Thunderous,8,UniBet,7.000,2.150,TOP3,19.000,10.000,36.98412698412698412698,-66.7142857142857142857180000000000000000000,28.571428571428571428571000,-53.2591362126245847172180000000000000000000,-42.5448504983388704317180000000000000000000,-23.8861160472842463105738680367766360194700,
NSW,Grafton,6,1200,Good,4,2026-09-07,5194178,5468587,Open,BM 58,8,False,5326019,Thunderous,2,1,61,False,D.L.Turner,M.J.Wilson,False,4,18,Australia,Grafton,6,2026-09-07 06:20:00+00:00,2,Thunderous,8,Surge ,7.000,2.150,TOP3,19.000,10.000,36.98412698412698412698,-66.7142857142857142857180000000000000000000,28.571428571428571428571000,-53.2591362126245847172180000000000000000000,-42.5448504983388704317180000000000000000000,-23.8861160472842463105738680367766360194700,
NSW,Grafton,6,1200,Good,4,2026-09-07,5194178,5468587,Open,BM 58,8,False,5326019,Thunderous,2,1,61,False,D.L.Turner,M.J.Wilson,False,4,18,Australia,Grafton,6,2026-09-07 06:20:00+00:00,2,Thunderous,8,Betr,7.000,2.000,TOP3,19.000,10.000,36.98412698412698412698,-66.7142857142857142857180000000000000000000,28.571428571428571428571000,-50.6428571428571428567180000000000000000000,-39.9285714285714285712180000000000000000000,-21.1785714285714285712180000000000000000000,
NSW,Dubbo,7,1200,Good,4,2026-09-07,5196943,5468592,Open,BM 78,9,False,5326095,Live To Rise,7,11,55,True,,S.A.Torrens,False,7,,,,,,,,,,,,,,,,,,,,,
NSW,Dubbo,7,1200,Good,4,2026-09-07,5196943,5468592,Open,BM 78,9,False,5326554,Wave Breaker,3,2,58.5,False,B.Nock,J.Drake,False,6,2,Australia,Dubbo,7,2026-09-07 07:20:00+00:00,3,Wave Breaker,9,Dabble,5.000,1.700,TOP3,15.000,10.000,33.48993288590604026846,-69.8590604026845637583860000000000000000000,24.161073825503355704698000,-55.7414133438610343468860000000000000000000,-40.7414133438610343468860000000000000000000,-22.5753233784631104714067612456747404844300,
NSW,Dubbo,7,1200,Good,4,2026-09-07,5196943,5468592,Open,BM 78,9,False,5326554,Wave Breaker,3,2,58.5,False,B.Nock,J.Drake,False,6,2,Australia,Dubbo,7,2026-09-07 07:20:00+00:00,3,Wave Breaker,9,Ladbrokes,6.000,1.800,TOP3,15.000,10.000,40.20134228187919463087,-63.8187919463087248322170000000000000000000,30.201342281879194630872000,-47.1521252796420581657170000000000000000000,-34.6521252796420581654670000000000000000000,-16.1336067611235396469855185185185185185200,
NSW,Dubbo,7,1200,Good,4,2026-09-07,5196943,5468592,Open,BM 78,9,False,5326554,Wave Breaker,3,2,58.5,False,B.Nock,J.Drake,False,6,2,Australia,Dubbo,7,2026-09-07 07:20:00+00:00,3,Wave Breaker,9,Sportsbet,6.000,1.730,TOP3,15.000,10.000,40.20134228187919463087,-63.8187919463087248322170000000000000000000,30.201342281879194630872000,-45.4661907902393606709670000000000000000000,-32.9661907902393606707170000000000000000000,-14.6728966607996867758168780447058037355075,
NSW,Dubbo,7,1200,Good,4,2026-09-07,5196943,5468592,Open,BM 78,9,False,5326554,Wave Breaker,3,2,58.5,False,B.Nock,J.Drake,False,6,2,Australia,Dubbo,7,2026-09-07 07:20:00+00:00,3,Wave Breaker,9,UniBet,6.000,1.800,TOP3,15.000,10.000,40.20134228187919463087,-63.8187919463087248322170000000000000000000,30.201342281879194630872000,-47.1521252796420581657170000000000000000000,-34.6521252796420581654670000000000000000000,-16.1336067611235396469855185185185185185200,
NSW,Dubbo,7,1200,Good,4,2026-09-07,5196943,5468592,Open,BM 78,9,False,5326554,Wave Breaker,3,2,58.5,False,B.Nock,J.Drake,False,6,2,Australia,Dubbo,7,2026-09-07 07:20:00+00:00,3,Wave Breaker,9,Surge ,6.000,1.900,TOP3,15.000,10.000,40.20134228187919463087,-63.8187919463087248322170000000000000000000,30.201342281879194630872000,-49.3451077357824090429670000000000000000000,-36.8451077357824090427170000000000000000000,-18.1470467939541541950861135734072022160675,
NSW,Dubbo,7,1200,Good,4,2026-09-07,5196943,5468592,Open,BM 78,9,False,5326554,Wave Breaker,3,2,58.5,False,B.Nock,J.Drake,False,6,2,Australia,Dubbo,7,2026-09-07 07:20:00+00:00,3,Wave Breaker,9,Betr,6.000,1.720,TOP3,15.000,10.000,40.20134228187919463087,-63.8187919463087248322170000000000000000000,30.201342281879194630872000,-45.2141407835180271579670000000000000000000,-32.7141407835180271577170000000000000000000,-14.4610309944428513870840903190914007571675,
VIC,Southside Cranbourne,1,1000,Synth,,2026-09-07,5197846,5479219,Paying,Trial,3,True,5326870,Jennis Meadow,1,0,,False,J.B.Stanley,C.Maher,False,1,18,,,,,,,,,,,,,,,,,,,,
VIC,Cranbourne-Trn,2,800,,0,2026-09-07,5197805,5477679,FinalFields,Trial,9,True,5326870,Jennis Meadow,6,0,,False,,C.Maher,False,1,18,,,,,,,,,,,,,,,,,,,,
NSW,Grafton,6,1200,Good,4,2026-09-07,5194178,5468587,Open,BM 58,8,False,5326910,Hayleys Rocket,3,14,60,False,A.R.Mccolm,J.D.Shelton,False,6,4,Australia,Grafton,6,2026-09-07 06:20:00+00:00,3,Hayleys Rocket,8,Dabble,2.800,1.240,TOP3,6.200,10.000,45.73770491803278688525,-58.8360655737704918032750000000000000000000,26.557377049180327868852000,-51.9236231774571277485250000000000000000000,-25.1379088917428420340250000000000000000000,-13.4313532205669835532016389177939646201875,
NSW,Grafton,6,1200,Good,4,2026-09-07,5194178,5468587,Open,BM 58,8,False,5326910,Hayleys Rocket,3,14,60,False,A.R.Mccolm,J.D.Shelton,False,6,4,Australia,Grafton,6,2026-09-07 06:20:00+00:00,3,Hayleys Rocket,8,Ladbrokes,2.800,1.350,TOP3,6.200,10.000,45.73770491803278688525,-58.8360655737704918032750000000000000000000,26.557377049180327868852000,-56.8519385896435076767750000000000000000000,-30.0662243039292219622750000000000000000000,-15.6629321228592631145116255144032921810700,
NSW,Grafton,6,1200,Good,4,2026-09-07,5194178,5468587,Open,BM 58,8,False,5326910,Hayleys Rocket,3,14,60,False,A.R.Mccolm,J.D.Shelton,False,6,4,Australia,Grafton,6,2026-09-07 06:20:00+00:00,3,Hayleys Rocket,8,Sportsbet,3.000,1.330,TOP3,6.200,10.000,49.01639344262295081967,-55.8852459016393442622970000000000000000000,29.508196721311475409836000,-49.4942684580303217055470000000000000000000,-24.4942684580303217057970000000000000000000,-10.5025221750295867857191974108202837921875,
NSW,Grafton,6,1200,Good,4,2026-09-07,5194178,5468587,Open,BM 58,8,False,5326910,Hayleys Rocket,3,14,60,False,A.R.Mccolm,J.D.Shelton,False,6,4,Australia,Grafton,6,2026-09-07 06:20:00+00:00,3,Hayleys Rocket,8,UniBet,3.000,1.300,TOP3,6.200,10.000,49.01639344262295081967,-55.8852459016393442622970000000000000000000,29.508196721311475409836000,-48.1929382093316519540470000000000000000000,-23.1929382093316519542970000000000000000000,-9.8793287418760306525529171597633136094675,
NSW,Grafton,6,1200,Good,4,2026-09-07,5194178,5468587,Open,BM 58,8,False,5326910,Hayleys Rocket,3,14,60,False,A.R.Mccolm,J.D.Shelton,False,6,4,Australia,Grafton,6,2026-09-07 06:20:00+00:00,3,Hayleys Rocket,8,Surge ,2.900,1.280,TOP3,6.200,10.000,47.37704918032786885246,-57.3606557377049180327860000000000000000000,28.032786885245901639344000,-50.4910436687394007907860000000000000000000,-24.6289747032221594117860000000000000000000,-11.8115918907221594117860000000000000000000,
NSW,Grafton,6,1200,Good,4,2026-09-07,5194178,5468587,Open,BM 58,8,False,5326910,Hayleys Rocket,3,14,60,False,A.R.Mccolm,J.D.Shelton,False,6,4,Australia,Grafton,6,2026-09-07 06:20:00+00:00,3,Hayleys Rocket,8,Betr,2.900,1.250,TOP3,6.200,10.000,47.37704918032786885246,-57.3606557377049180327860000000000000000000,28.032786885245901639344000,-49.0847936687394007907860000000000000000000,-23.2227247032221594117860000000000000000000,-11.2227247032221594117860000000000000000000,
NSW,Dubbo,1,1600,Good,4,2026-09-07,5196943,5468596,Paying,BM 58,8,False,5326981,Jenni La Rock,7,12,57,False,M.Weir,R.Northam,False,7,6,,,,,,,,,,,,,,,,,,,,
WA,Lark Hill,6,950,Good,4,2026-09-07,5197375,5478877,Paying,Trial,6,True,5327030,Just Gifted,8,0,,False,N.Faithfull,T.W.Crosby,False,1,,,,,,,,,,,,,,,,,,,,,
NSW,Dubbo,1,1000,,0,2026-09-07,5197837,5477831,FinalFields,Trial,8,True,5327233,Dual Award,2,0,,False,,D.J.Smith,False,1,,,,,,,,,,,,,,,,,,,,,
WA,Lark Hill,5,950,Soft,5,2026-09-07,5197375,5478876,Paying,Trial,6,True,5327239,Desert Waves,2,0,,False,H.J.Nottle,S.C.Dickson,False,1,,,,,,,,,,,,,,,,,,,,,
WA,Lark Hill,16,1400,Good,4,2026-09-07,5197375,5478532,Paying,Trial,5,True,5327380,Arcadia Park,1,0,,False,W.A.Pike,M.P.Grantham,False,1,,,,,,,,,,,,,,,,,,,,,
WA,Lark Hill,16,1400,Good,4,2026-09-07,5197375,5478532,Paying,Trial,5,True,5327527,Whats The Point,4,0,,True,,R.H.A.Gulberti,False,5,,,,,,,,,,,,,,,,,,,,,
NSW,Dubbo,6,2200,Good,4,2026-09-07,5196943,5468593,Open,BM 58,13,False,5327598,Godwits,1,2,62.5,False,L.Blanch,T.W.Smith,False,14,17,Australia,Dubbo,6,2026-09-07 06:40:00+00:00,1,Godwits,13,Dabble,7.000,2.450,TOP3,250.000,10.000,2.79711884753901560624,-97.4825930372148859543840000000000000000000,2.160864345738295318127000,-88.2989195678271308518840000000000000000000,-77.5846338535414165663840000000000000000000,-59.4671827914839405147332294877134527280300,
NSW,Dubbo,6,2200,Good,4,2026-09-07,5196943,5468593,Open,BM 58,13,False,5327598,Godwits,1,2,62.5,False,L.Blanch,T.W.Smith,False,14,17,Australia,Dubbo,6,2026-09-07 06:40:00+00:00,1,Godwits,13,Ladbrokes,8.500,2.600,TOP3,250.000,10.000,3.39735894357743097239,-96.9423769507803121248490000000000000000000,2.701080432172869147659000,-85.7432819281558777353490000000000000000000,-76.9197525163911718533490000000000000000000,-59.1682732264503434510620177514792899408300,
NSW,Dubbo,6,2200,Good,4,2026-09-07,5196943,5468593,Open,BM 58,13,False,5327598,Godwits,1,2,62.5,False,L.Blanch,T.W.Smith,False,14,17,Australia,Dubbo,6,2026-09-07 06:40:00+00:00,1,Godwits,13,Sportsbet,8.500,2.500,TOP3,250.000,10.000,3.39735894357743097239,-96.9423769507803121248490000000000000000000,2.701080432172869147659000,-84.5894357743097238888490000000000000000000,-75.7659063625450180068490000000000000000000,-57.7659063625450180068490000000000000000000,
NSW,Dubbo,6,2200,Good,4,2026-09-07,5196943,5468593,Open,BM 58,13,False,5327598,Godwits,1,2,62.5,False,L.Blanch,T.W.Smith,False,14,17,Australia,Dubbo,6,2026-09-07 06:40:00+00:00,1,Godwits,13,UniBet,8.000,2.600,TOP3,250.000,10.000,3.19727891156462585034,-97.1224489795918367346940000000000000000000,2.521008403361344537815000,-87.0262951334379905811940000000000000000000,-77.6512951334379905811940000000000000000000,-59.8998158434971621789070177514792899408300,
NSW,Dubbo,6,2200,Good,4,2026-09-07,5196943,5468593,Open,BM 58,13,False,5327598,Godwits,1,2,62.5,False,L.Blanch,T.W.Smith,False,14,17,Australia,Dubbo,6,2026-09-07 06:40:00+00:00,1,Godwits,13,Surge ,8.500,2.700,TOP3,250.000,10.000,3.39735894357743097239,-96.9423769507803121248490000000000000000000,2.701080432172869147659000,-86.8116579965319461110990000000000000000000,-77.9881285847672402290990000000000000000000,-60.4984166506108616282831563786008230452675,
NSW,Dubbo,6,2200,Good,4,2026-09-07,5196943,5468593,Open,BM 58,13,False,5327598,Godwits,1,2,62.5,False,L.Blanch,T.W.Smith,False,14,17,Australia,Dubbo,6,2026-09-07 06:40:00+00:00,1,Godwits,13,Betr,8.500,2.550,TOP3,250.000,10.000,3.39735894357743097239,-96.9423769507803121248490000000000000000000,2.701080432172869147659000,-85.1776710684273709473490000000000000000000,-76.3541416566626650653490000000000000000000,-58.4764023256361368069170507497116493656300,
VIC,Ballarat Synthetic,1,1100,Synth,,2026-09-07,5197847,5478702,Paying,Trial,5,True,5327752,Triomphe,4,0,,False,T.Atkinson,A.J.Tindale,False,19,11,,,,,,,,,,,,,,,,,,,,
NSW,Grafton,6,1200,Good,4,2026-09-07,5194178,5468587,Open,BM 58,8,False,5327771,Western Conqueror,15,16,58.5,True,,T.L.Bell,False,1,,,,,,,,,,,,,,,,,,,,,
NSW,Grafton,4,1000,Good,4,2026-09-07,5194178,5468586,Interim,BM 58,9,False,5327771,Western Conqueror,5,11,58.5,False,C.L.Williams,T.L.Bell,False,1,,,,,,,,,,,,,,,,,,,,,
VIC,Tatura,6,1600,Soft,7,2026-09-07,5195854,5469645,Open,BM 0-57,12,False,5327780,Frozen Tide,6,4,60,False,W.Gordon,S.R.Fliedner,False,5,2,Australia,Tatura,6,2026-09-07 06:00:00+00:00,6,Frozen Tide,12,Dabble,4.400,1.700,TOP3,7.400,8.000,59.97267759562841530055,-44.8251366120218579234940000000000000000000,42.732240437158469945355000,-34.7983986441074194214940000000000000000000,-17.7529440986528739667440000000000000000000,0.4131458667450499087352387543252595155700,
VIC,Tatura,6,1600,Soft,7,2026-09-07,5195854,5469645,Open,BM 0-57,12,False,5327780,Frozen Tide,6,4,60,False,W.Gordon,S.R.Fliedner,False,5,2,Australia,Tatura,6,2026-09-07 06:00:00+00:00,6,Frozen Tide,12,Ladbrokes,4.600,1.500,TOP3,7.400,8.000,62.70491803278688524590,-42.3114754098360655737720000000000000000000,45.245901639344262295082000,-24.9201710620099786175220000000000000000000,-8.6158232359230220955220000000000000000000,8.0508434307436445710613333333333333333325,
VIC,Tatura,6,1600,Soft,7,2026-09-07,5195854,5469645,Open,BM 0-57,12,False,5327780,Frozen Tide,6,4,60,False,W.Gordon,S.R.Fliedner,False,5,2,Australia,Tatura,6,2026-09-07 06:00:00+00:00,6,Frozen Tide,12,Sportsbet,4.600,1.570,TOP3,7.400,8.000,62.70491803278688524590,-42.3114754098360655737720000000000000000000,45.245901639344262295082000,-27.1494704250673034585220000000000000000000,-10.8451225989803469365220000000000000000000,6.4983801800370574206488081463751064951925,
VIC,Tatura,6,1600,Soft,7,2026-09-07,5195854,5469645,Open,BM 0-57,12,False,5327780,Frozen Tide,6,4,60,False,W.Gordon,S.R.Fliedner,False,5,2,Australia,Tatura,6,2026-09-07 06:00:00+00:00,6,Frozen Tide,12,UniBet,4.600,1.650,TOP3,7.400,8.000,62.70491803278688524590,-42.3114754098360655737720000000000000000000,45.245901639344262295082000,-29.4656256074645240720220000000000000000000,-13.1612777813775675500220000000000000000000,4.7450583067767024223671184573002754820925,
VIC,Tatura,6,1600,Soft,7,2026-09-07,5195854,5469645,Open,BM 0-57,12,False,5327780,Frozen Tide,6,4,60,False,W.Gordon,S.R.Fliedner,False,5,2,Australia,Tatura,6,2026-09-07 06:00:00+00:00,6,Frozen Tide,12,Surge ,4.600,1.750,TOP3,7.400,8.000,62.70491803278688524590,-42.3114754098360655737720000000000000000000,45.245901639344262295082000,-32.0630282048671214750220000000000000000000,-15.7586803787801649530220000000000000000000,2.6086665599953452510749387755102040816325,
VIC,Tatura,6,1600,Soft,7,2026-09-07,5195854,5469645,Open,BM 0-57,12,False,5327780,Frozen Tide,6,4,60,False,W.Gordon,S.R.Fliedner,False,5,2,Australia,Tatura,6,2026-09-07 06:00:00+00:00,6,Frozen Tide,12,Betr,4.600,1.600,TOP3,7.400,8.000,62.70491803278688524590,-42.3114754098360655737720000000000000000000,45.245901639344262295082000,-28.0451710620099786177720000000000000000000,-11.7408232359230220957720000000000000000000,5.8373017640769779042280000000000000000000,
WA,Lark Hill,3,950,Soft,5,2026-09-07,5197375,5478528,Paying,Trial,9,True,5327900,Timeless Gem,8,0,,False,J.A.Gray,S.J.Miller,False,1,5,,,,,,,,,,,,,,,,,,,,
NSW,Dubbo,1,1600,Good,4,2026-09-07,5196943,5468596,Paying,BM 58,8,False,5327910,Aphelion,8,9,56.5,True,,B.R.E.Thompson,False,4,,,,,,,,,,,,,,,,,,,,,
NSW,Dubbo,6,2200,Good,4,2026-09-07,5196943,5468593,Open,BM 58,13,False,5327938,Hot Miss,10,8,55,False,H.Hull,C.Greig,False,8,,,,,,,,,,,,,,,,,,,,,
WA,Lark Hill,3,950,Soft,5,2026-09-07,5197375,5478528,Paying,Trial,9,True,5328041,Elite Missile,7,0,,False,B.M.Parnham,S.J.Miller,False,1,,,,,,,,,,,,,,,,,,,,,
NSW,Dubbo,5,1000,Good,4,2026-09-07,5196943,5468595,Open,BM 58,12,False,5328054,The Contractor,4,15,61.5,False,A.Mclucas,D.J.Smith,False,1,,Australia,Dubbo,5,2026-09-07 06:05:00+00:00,4,The Contractor,12,Dabble,7.500,2.600,TOP3,36.000,10.000,20.86350974930362116992,-81.2228412256267409470720000000000000000000,16.295264623955431754875000,-72.3766873794728947930720000000000000000000,-62.3766873794728947933220000000000000000000,-44.6252080895320663910350177514792899408300,
NSW,Dubbo,5,1000,Good,4,2026-09-07,5196943,5468595,Open,BM 58,12,False,5328054,The Contractor,4,15,61.5,False,A.Mclucas,D.J.Smith,False,1,,Australia,Dubbo,5,2026-09-07 06:05:00+00:00,4,The Contractor,12,Ladbrokes,9.000,2.700,TOP3,36.000,10.000,25.04178272980501392758,-77.4623955431754874651780000000000000000000,20.055710306406685236769000,-66.3512844320643763539280000000000000000000,-58.0179510987310430206780000000000000000000,-40.5282391645746644198621563786008230452675,
NSW,Dubbo,5,1000,Good,4,2026-09-07,5196943,5468595,Open,BM 58,12,False,5328054,The Contractor,4,15,61.5,False,A.Mclucas,D.J.Smith,False,1,,Australia,Dubbo,5,2026-09-07 06:05:00+00:00,4,The Contractor,12,Sportsbet,8.500,2.500,TOP3,36.000,10.000,23.64902506963788300836,-78.7158774373259052924760000000000000000000,18.802228412256267409471000,-66.3629362608553170564760000000000000000000,-57.5394068490906111744760000000000000000000,-39.5394068490906111744760000000000000000000,
NSW,Dubbo,5,1000,Good,4,2026-09-07,5196943,5468595,Open,BM 58,12,False,5328054,The Contractor,4,15,61.5,False,A.Mclucas,D.J.Smith,False,1,,Australia,Dubbo,5,2026-09-07 06:05:00+00:00,4,The Contractor,12,UniBet,8.500,2.650,TOP3,36.000,10.000,23.64902506963788300836,-78.7158774373259052924760000000000000000000,18.802228412256267409471000,-68.0610494684024868677260000000000000000000,-59.2375200566377809857260000000000000000000,-41.6155905443558301135121338554645781416875,
NSW,Dubbo,5,1000,Good,4,2026-09-07,5196943,5468595,Open,BM 58,12,False,5328054,The Contractor,4,15,61.5,False,A.Mclucas,D.J.Smith,False,1,,Australia,Dubbo,5,2026-09-07 06:05:00+00:00,4,The Contractor,12,Surge ,9.000,2.700,TOP3,36.000,10.000,25.04178272980501392758,-77.4623955431754874651780000000000000000000,20.055710306406685236769000,-66.3512844320643763539280000000000000000000,-58.0179510987310430206780000000000000000000,-40.5282391645746644198621563786008230452675,
NSW,Dubbo,5,1000,Good,4,2026-09-07,5196943,5468595,Open,BM 58,12,False,5328054,The Contractor,4,15,61.5,False,A.Mclucas,D.J.Smith,False,1,,Australia,Dubbo,5,2026-09-07 06:05:00+00:00,4,The Contractor,12,Betr,9.000,2.600,TOP3,36.000,10.000,25.04178272980501392758,-77.4623955431754874651780000000000000000000,20.055710306406685236769000,-65.2829083636883079781780000000000000000000,-56.9495750303549746449280000000000000000000,-39.1980957404141462426410177514792899408300,
WA,Lark Hill,3,950,Soft,5,2026-09-07,5197375,5478528,Paying,Trial,9,True,5328075,Rolling Ruler,9,0,,True,T.K.Turner,B.V.Watkins,False,1,6,,,,,,,,,,,,,,,,,,,,
NSW,Grafton,5,1600,Good,4,2026-09-07,5194178,5468589,Open,BM 58,10,False,5328083,Shes A Dame,6,1,56,False,K.Matheson,S.J.Bennett,False,9,3,Australia,Grafton,5,2026-09-07 05:45:00+00:00,6,Shes A Dame,10,Dabble,7.500,2.400,TOP3,250.000,10.000,2.99719887955182072829,-97.3025210084033613445390000000000000000000,2.340936374549819927971000,-86.0525210084033613437890000000000000000000,-76.0525210084033613440390000000000000000000,-57.8233543417366946773306666666666666666675,
NSW,Grafton,5,1600,Good,4,2026-09-07,5194178,5468589,Open,BM 58,10,False,5328083,Shes A Dame,6,1,56,False,K.Matheson,S.J.Bennett,False,9,3,Australia,Grafton,5,2026-09-07 05:45:00+00:00,6,Shes A Dame,10,Ladbrokes,9.500,2.600,TOP3,250.000,10.000,3.79751900760304121649,-96.5822328931572629051590000000000000000000,3.061224489795918367347000,-83.5255527312139430681590000000000000000000,-75.6308158891086799099090000000000000000000,-57.8793365991678515076220177514792899408300,
NSW,Grafton,5,1600,Good,4,2026-09-07,5194178,5468589,Open,BM 58,10,False,5328083,Shes A Dame,6,1,56,False,K.Matheson,S.J.Bennett,False,9,3,Australia,Grafton,5,2026-09-07 05:45:00+00:00,6,Shes A Dame,10,Sportsbet,9.500,2.700,TOP3,250.000,10.000,3.79751900760304121649,-96.5822328931572629051590000000000000000000,3.061224489795918367347000,-84.5939287995900114439090000000000000000000,-76.6991919574847482856590000000000000000000,-59.2094800233283696848431563786008230452675,
NSW,Grafton,5,1600,Good,4,2026-09-07,5194178,5468589,Open,BM 58,10,False,5328083,Shes A Dame,6,1,56,False,K.Matheson,S.J.Bennett,False,9,3,Australia,Grafton,5,2026-09-07 05:45:00+00:00,6,Shes A Dame,10,UniBet,9.500,2.750,TOP3,250.000,10.000,3.79751900760304121649,-96.5822328931572629051590000000000000000000,3.061224489795918367347000,-85.0989793046405164946590000000000000000000,-77.2042424625352533364090000000000000000000,-59.8488705617088070554916446280991735537200,
NSW,Grafton,5,1600,Good,4,2026-09-07,5194178,5468589,Open,BM 58,10,False,5328083,Shes A Dame,6,1,56,False,K.Matheson,S.J.Bennett,False,9,3,Australia,Grafton,5,2026-09-07 05:45:00+00:00,6,Shes A Dame,10,Surge ,9.000,2.600,TOP3,250.000,10.000,3.59743897559023609444,-96.7623049219687875150040000000000000000000,2.881152460984393757503000,-84.5828177424816080280040000000000000000000,-76.2494844091482746947540000000000000000000,-58.4980051192074462924670177514792899408300,
NSW,Grafton,5,1600,Good,4,2026-09-07,5194178,5468589,Open,BM 58,10,False,5328083,Shes A Dame,6,1,56,False,K.Matheson,S.J.Bennett,False,9,3,Australia,Grafton,5,2026-09-07 05:45:00+00:00,6,Shes A Dame,10,Betr,10.000,2.700,TOP3,250.000,10.000,3.99759903961584633854,-96.4021608643457382953140000000000000000000,3.241296518607442977191000,-83.6243830865679605175640000000000000000000,-76.1243830865679605175640000000000000000000,-58.6346711524115819167481563786008230452675,
NSW,Dubbo,3,1300,Good,4,2026-09-07,5196943,5468597,Paying,Maiden,11,False,5328432,Long Time Lovers,13,6,55,False,A.Mclucas,D.J.Smith,False,6,17,,,,,,,,,,,,,,,,,,,,
NSW,Dubbo,6,2200,Good,4,2026-09-07,5196943,5468593,Open,BM 58,13,False,5328439,Questionable,7,12,55,False,C.Gallagher,R.Northam,False,4,,Australia,Dubbo,6,2026-09-07 06:40:00+00:00,7,Questionable,13,Dabble,3.800,1.700,TOP3,6.000,10.000,64.23728813559322033898,-42.1864406779661016949180000000000000000000,42.711864406779661016949000,-37.5424778296688880724180000000000000000000,-17.8056357244057301779180000000000000000000,0.3604542409921936975612387543252595155700,
NSW,Dubbo,6,2200,Good,4,2026-09-07,5196943,5468593,Open,BM 58,13,False,5328439,Questionable,7,12,55,False,C.Gallagher,R.Northam,False,4,,Australia,Dubbo,6,2026-09-07 06:40:00+00:00,7,Questionable,13,Ladbrokes,4.000,1.700,TOP3,6.000,10.000,67.62711864406779661017,-39.1355932203389830508470000000000000000000,45.762711864406779661017000,-32.5179461615154536393470000000000000000000,-13.7679461615154536393470000000000000000000,4.3981438038824702361322387543252595155700,
NSW,Dubbo,6,2200,Good,4,2026-09-07,5196943,5468593,Open,BM 58,13,False,5328439,Questionable,7,12,55,False,C.Gallagher,R.Northam,False,4,,Australia,Dubbo,6,2026-09-07 06:40:00+00:00,7,Questionable,13,Sportsbet,4.000,1.620,TOP3,6.000,10.000,67.62711864406779661017,-39.1355932203389830508470000000000000000000,45.762711864406779661017000,-30.3392969240426867543470000000000000000000,-11.5892969240426867543470000000000000000000,6.1290386955275007170272569730224051211700,
NSW,Dubbo,6,2200,Good,4,2026-09-07,5196943,5468593,Open,BM 58,13,False,5328439,Questionable,7,12,55,False,C.Gallagher,R.Northam,False,4,,Australia,Dubbo,6,2026-09-07 06:40:00+00:00,7,Questionable,13,UniBet,4.000,1.700,TOP3,6.000,10.000,67.62711864406779661017,-39.1355932203389830508470000000000000000000,45.762711864406779661017000,-32.5179461615154536393470000000000000000000,-13.7679461615154536393470000000000000000000,4.3981438038824702361322387543252595155700,
NSW,Dubbo,6,2200,Good,4,2026-09-07,5196943,5468593,Open,BM 58,13,False,5328439,Questionable,7,12,55,False,C.Gallagher,R.Northam,False,4,,Australia,Dubbo,6,2026-09-07 06:40:00+00:00,7,Questionable,13,Surge ,4.000,1.700,TOP3,6.000,10.000,67.62711864406779661017,-39.1355932203389830508470000000000000000000,45.762711864406779661017000,-32.5179461615154536393470000000000000000000,-13.7679461615154536393470000000000000000000,4.3981438038824702361322387543252595155700,
NSW,Dubbo,6,2200,Good,4,2026-09-07,5196943,5468593,Open,BM 58,13,False,5328439,Questionable,7,12,55,False,C.Gallagher,R.Northam,False,4,,Australia,Dubbo,6,2026-09-07 06:40:00+00:00,7,Questionable,13,Betr,4.000,1.620,TOP3,6.000,10.000,67.62711864406779661017,-39.1355932203389830508470000000000000000000,45.762711864406779661017000,-30.3392969240426867543470000000000000000000,-11.5892969240426867543470000000000000000000,6.1290386955275007170272569730224051211700,
NSW,Dubbo,1,1600,Good,4,2026-09-07,5196943,5468596,Paying,BM 58,8,False,5328724,Arwa Miss,6,4,57,False,K.Dunbar,M.C.Lynch,False,4,,,,,,,,,,,,,,,,,,,,,
WA,Lark Hill,3,950,Soft,5,2026-09-07,5197375,5478528,Paying,Trial,9,True,5328854,Santanova,4,0,,True,C.J.Parnham,M.L.Lane,False,1,,,,,,,,,,,,,,,,,,,,,
WA,Lark Hill,15,950,Good,4,2026-09-07,5197375,5478893,Paying,Trial,8,True,5328908,Short Straw,10,0,,False,L.F.Fiore,K.W.Warwick,False,1,,,,,,,,,,,,,,,,,,,,,
WA,Lark Hill,14,950,Good,4,2026-09-07,5197375,5478892,Paying,Trial,9,True,5328971,Fighting Scot,3,0,,False,H.J.Nottle,S.C.Dickson,False,1,,,,,,,,,,,,,,,,,,,,,
VIC,Tatura,6,1600,Soft,7,2026-09-07,5195854,5469645,Open,BM 0-57,12,False,5329050,Captain Barbossa,10,3,58.5,False,M.T.Aitken,John & Chris Ledger,False,7,5,Australia,Tatura,6,2026-09-07 06:00:00+00:00,10,Captain Barbossa,12,Dabble,26.000,4.400,TOP3,600.000,8.000,4.33224429923989865315,-96.0143352446992932391020000000000000000000,3.833844512601680224030000,-84.7381114684755170153520000000000000000000,-81.8534960838601323998520000000000000000000,-68.6820084805543472757734876033057851239675,
VIC,Tatura,6,1600,Soft,7,2026-09-07,5195854,5469645,Open,BM 0-57,12,False,5329050,Captain Barbossa,10,3,58.5,False,M.T.Aitken,John & Chris Ledger,False,7,5,Australia,Tatura,6,2026-09-07 06:00:00+00:00,10,Captain Barbossa,12,Ladbrokes,41.000,6.500,TOP3,600.000,8.000,6.83257767702360314709,-93.7140285371382851046772000000000000000000,6.134151220162688358448000,-85.8341035840426003019272000000000000000000,-84.0048352913596734726772000000000000000000,-74.2415216818922178515751289940828402366875,
VIC,Tatura,6,1600,Soft,7,2026-09-07,5195854,5469645,Open,BM 0-57,12,False,5329050,Captain Barbossa,10,3,58.5,False,M.T.Aitken,John & Chris Ledger,False,7,5,Australia,Tatura,6,2026-09-07 06:00:00+00:00,10,Captain Barbossa,12,Sportsbet,23.000,4.750,TOP3,600.000,8.000,3.83217762368315775437,-96.4743965862114948659796000000000000000000,3.373783171089478597146000,-87.2066620324357511587296000000000000000000,-83.9457924672183598544796000000000000000000,-71.4804185059995232894055002770083102493075,
VIC,Tatura,6,1600,Soft,7,2026-09-07,5195854,5469645,Open,BM 0-57,12,False,5329050,Captain Barbossa,10,3,58.5,False,M.T.Aitken,John & Chris Ledger,False,7,5,Australia,Tatura,6,2026-09-07 06:00:00+00:00,10,Captain Barbossa,12,UniBet,31.000,5.500,TOP3,600.000,8.000,5.16568875850113348446,-95.2475663421789571942968000000000000000000,4.600613415122016268836000,-86.4499123832346756697968000000000000000000,-84.0305575445249982502968000000000000000000,-72.8735327511365684983174611570247933884300,
VIC,Tatura,6,1600,Soft,7,2026-09-07,5195854,5469645,Open,BM 0-57,12,False,5329050,Captain Barbossa,10,3,58.5,False,M.T.Aitken,John & Chris Ledger,False,7,5,Australia,Tatura,6,2026-09-07 06:00:00+00:00,10,Captain Barbossa,12,Surge ,31.000,4.800,TOP3,600.000,8.000,5.16568875850113348446,-95.2475663421789571942968000000000000000000,4.600613415122016268836000,-84.4612760195983120335468000000000000000000,-82.0419211808886346140468000000000000000000,-69.6721295142219679475259666666666666666675,
VIC,Tatura,6,1600,Soft,7,2026-09-07,5195854,5469645,Open,BM 0-57,12,False,5329050,Captain Barbossa,10,3,58.5,False,M.T.Aitken,John & Chris Ledger,False,7,5,Australia,Tatura,6,2026-09-07 06:00:00+00:00,10,Captain Barbossa,12,Betr,34.000,6.000,TOP3,600.000,8.000,5.66575543405787438325,-94.7875050006667555674100000000000000000000,5.060674756634217895719000,-86.6992697065491085081600000000000000000000,-84.4933873536079320376600000000000000000000,-74.0767206869412653708266666666666666666675,
VIC,Tatura,7,1980,Soft,7,2026-09-07,5195854,5469652,Open,BM 0-57,10,False,5329061,Saxon Blood,4,9,60.5,False,W.J.Egan,N.A.Mcpherson,False,19,6,Australia,Tatura,7,2026-09-07 06:30:00+00:00,4,Saxon Blood,10,Dabble,4.000,1.700,TOP3,8.200,8.000,49.13793103448275862069,-54.7931034482758620689652000000000000000000,33.990147783251231527094000,-48.1754563894523326574652000000000000000000,-29.4254563894523326574652000000000000000000,-11.2593664240544087819859612456747404844300,
VIC,Tatura,7,1980,Soft,7,2026-09-07,5195854,5469652,Open,BM 0-57,10,False,5329061,Saxon Blood,4,9,60.5,False,W.J.Egan,N.A.Mcpherson,False,19,6,Australia,Tatura,7,2026-09-07 06:30:00+00:00,4,Saxon Blood,10,Ladbrokes,4.000,1.650,TOP3,8.200,8.000,49.13793103448275862069,-54.7931034482758620689652000000000000000000,33.990147783251231527094000,-46.8385579937304075232152000000000000000000,-28.0885579937304075232152000000000000000000,-10.1822219055761375508260815426997245179075,
VIC,Tatura,7,1980,Soft,7,2026-09-07,5195854,5469652,Open,BM 0-57,10,False,5329061,Saxon Blood,4,9,60.5,False,W.J.Egan,N.A.Mcpherson,False,19,6,Australia,Tatura,7,2026-09-07 06:30:00+00:00,4,Saxon Blood,10,Sportsbet,4.200,1.670,TOP3,8.200,8.000,51.60098522167487684729,-52.5270935960591133004932000000000000000000,36.256157635467980295567000,-43.3311996696262647124932000000000000000000,-25.4740568124834075694932000000000000000000,-7.4562003099196727636060760443185485316800,
VIC,Tatura,7,1980,Soft,7,2026-09-07,5195854,5469652,Open,BM 0-57,10,False,5329061,Saxon Blood,4,9,60.5,False,W.J.Egan,N.A.Mcpherson,False,19,6,Australia,Tatura,7,2026-09-07 06:30:00+00:00,4,Saxon Blood,10,UniBet,4.200,1.650,TOP3,8.200,8.000,51.60098522167487684729,-52.5270935960591133004932000000000000000000,36.256157635467980295567000,-42.7868338557993730407432000000000000000000,-24.9296909986565158977432000000000000000000,-7.0233549105022459253540815426997245179075,
VIC,Tatura,7,1980,Soft,7,2026-09-07,5195854,5469652,Open,BM 0-57,10,False,5329061,Saxon Blood,4,9,60.5,False,W.J.Egan,N.A.Mcpherson,False,19,6,Australia,Tatura,7,2026-09-07 06:30:00+00:00,4,Saxon Blood,10,Surge ,4.200,1.700,TOP3,8.200,8.000,51.60098522167487684729,-52.5270935960591133004932000000000000000000,36.256157635467980295567000,-44.1237322515212981749932000000000000000000,-26.2665893943784410319932000000000000000000,-8.1004994289805171565139612456747404844300,
VIC,Tatura,7,1980,Soft,7,2026-09-07,5195854,5469652,Open,BM 0-57,10,False,5329061,Saxon Blood,4,9,60.5,False,W.J.Egan,N.A.Mcpherson,False,19,6,Australia,Tatura,7,2026-09-07 06:30:00+00:00,4,Saxon Blood,10,Betr,4.200,1.650,TOP3,8.200,8.000,51.60098522167487684729,-52.5270935960591133004932000000000000000000,36.256157635467980295567000,-42.7868338557993730407432000000000000000000,-24.9296909986565158977432000000000000000000,-7.0233549105022459253540815426997245179075,
VIC,Tatura,3,1450,Soft,7,2026-09-07,5195854,5469647,Paying,Maiden,11,False,5329084,Alarming,12,4,59.5,False,B.Rawiller,V.L.Malady,False,2,3,,,,,,,,,,,,,,,,,,,,
NSW,Dubbo,7,1200,Good,4,2026-09-07,5196943,5468592,Open,BM 78,9,False,5329170,Crook,5,10,56.5,False,Z.A.Hunt,C.J.Lundholm,False,6,,Australia,Dubbo,7,2026-09-07 07:20:00+00:00,5,Crook,9,Dabble,4.200,1.450,TOP3,11.000,10.000,38.44036697247706422018,-65.4036697247706422018380000000000000000000,26.422018348623853211009000,-49.3938175080218737290880000000000000000000,-31.5366746508790165860880000000000000000000,-15.4843559826269357300133864447086801426875,
NSW,Dubbo,7,1200,Good,4,2026-09-07,5196943,5468592,Open,BM 78,9,False,5329170,Crook,5,10,56.5,False,Z.A.Hunt,C.J.Lundholm,False,6,,Australia,Dubbo,7,2026-09-07 07:20:00+00:00,5,Crook,9,Ladbrokes,4.800,1.600,TOP3,11.000,10.000,43.94495412844036697248,-60.4495412844036697247680000000000000000000,31.376146788990825688073000,-44.8245412844036697242680000000000000000000,-29.1995412844036697245180000000000000000000,-11.6214162844036697245180000000000000000000,
NSW,Dubbo,7,1200,Good,4,2026-09-07,5196943,5468592,Open,BM 78,9,False,5329170,Crook,5,10,56.5,False,Z.A.Hunt,C.J.Lundholm,False,6,,Australia,Dubbo,7,2026-09-07 07:20:00+00:00,5,Crook,9,Sportsbet,4.800,1.500,TOP3,11.000,10.000,43.94495412844036697248,-60.4495412844036697247680000000000000000000,31.376146788990825688073000,-41.6995412844036697240180000000000000000000,-26.0745412844036697242680000000000000000000,-9.4078746177370030576846666666666666666675,
NSW,Dubbo,7,1200,Good,4,2026-09-07,5196943,5468592,Open,BM 78,9,False,5329170,Crook,5,10,56.5,False,Z.A.Hunt,C.J.Lundholm,False,6,,Australia,Dubbo,7,2026-09-07 07:20:00+00:00,5,Crook,9,UniBet,4.800,1.500,TOP3,11.000,10.000,43.94495412844036697248,-60.4495412844036697247680000000000000000000,31.376146788990825688073000,-41.6995412844036697240180000000000000000000,-26.0745412844036697242680000000000000000000,-9.4078746177370030576846666666666666666675,
NSW,Dubbo,7,1200,Good,4,2026-09-07,5196943,5468592,Open,BM 78,9,False,5329170,Crook,5,10,56.5,False,Z.A.Hunt,C.J.Lundholm,False,6,,Australia,Dubbo,7,2026-09-07 07:20:00+00:00,5,Crook,9,Surge ,4.800,1.600,TOP3,11.000,10.000,43.94495412844036697248,-60.4495412844036697247680000000000000000000,31.376146788990825688073000,-44.8245412844036697242680000000000000000000,-29.1995412844036697245180000000000000000000,-11.6214162844036697245180000000000000000000,
NSW,Dubbo,7,1200,Good,4,2026-09-07,5196943,5468592,Open,BM 78,9,False,5329170,Crook,5,10,56.5,False,Z.A.Hunt,C.J.Lundholm,False,6,,Australia,Dubbo,7,2026-09-07 07:20:00+00:00,5,Crook,9,Betr,4.800,1.520,TOP3,11.000,10.000,43.94495412844036697248,-60.4495412844036697247680000000000000000000,31.376146788990825688073000,-42.3574360212457749872680000000000000000000,-26.7324360212457749875180000000000000000000,-9.8522421154286004723324044321329639889200,
WA,Lark Hill,5,950,Soft,5,2026-09-07,5197375,5478876,Paying,Trial,6,True,5329231,Bella Violetta,8,0,,True,A.P.Hearn,K.J.Reeves,False,11,,,,,,,,,,,,,,,,,,,,,
VIC,Tatura,3,1450,Soft,7,2026-09-07,5195854,5469647,Paying,Maiden,11,False,5329302,Kilfearagh,14,11,59.5,True,P.M.Moloney,R.D.Griffiths,False,2,,,,,,,,,,,,,,,,,,,,,
VIC,Tatura,2,1000,Soft,7,2026-09-07,5195854,5469650,Paying,Maiden,10,False,5329370,Kensington City,16,3,59.5,False,C.J.Parish,J.D.Fitzgerald,False,3,,,,,,,,,,,,,,,,,,,,,
VIC,Tatura,3,1450,Soft,7,2026-09-07,5195854,5469647,Paying,Maiden,11,False,5329750,Media Brief,9,1,57.5,False,J.Duffy,S.Sanderson,False,3,,,,,,,,,,,,,,,,,,,,,
VIC,Tatura,3,1450,Soft,7,2026-09-07,5195854,5469647,Paying,Maiden,11,False,5329788,Dawsons Gigi,13,14,57.5,False,C.J.Parish,J.R.Kyne,False,4,,,,,,,,,,,,,,,,,,,,,
VIC,Tatura,2,1000,Soft,7,2026-09-07,5195854,5469650,Paying,Maiden,10,False,5329834,Phenomenorm,13,5,59.5,False,B.Vale,S.N.Meyervale,False,3,,,,,,,,,,,,,,,,,,,,,
NSW,Grafton,5,1600,Good,4,2026-09-07,5194178,5468589,Open,BM 58,10,False,5329840,Sunset Trail,4,7,58,False,B.S.Lerena,Stephen & Jordan Lee,False,3,2,Australia,Grafton,5,2026-09-07 05:45:00+00:00,4,Sunset Trail,10,Dabble,4.600,1.750,TOP3,22.000,10.000,20.95890410958904109589,-81.1369863013698630136990000000000000000000,14.794520547945205479452000,-70.8885390964009189149490000000000000000000,-54.5841912703139623929490000000000000000000,-36.2168443315384521888520612244897959183675,
NSW,Grafton,5,1600,Good,4,2026-09-07,5194178,5468589,Open,BM 58,10,False,5329840,Sunset Trail,4,7,58,False,B.S.Lerena,Stephen & Jordan Lee,False,3,2,Australia,Grafton,5,2026-09-07 05:45:00+00:00,4,Sunset Trail,10,Ladbrokes,5.500,1.700,TOP3,22.000,10.000,25.06849315068493150685,-77.4383561643835616438350000000000000000000,18.493150684931506849315000,-60.5934363782873049593350000000000000000000,-46.9570727419236685958350000000000000000000,-28.7909827765257447203557612456747404844300,
NSW,Grafton,5,1600,Good,4,2026-09-07,5194178,5468589,Open,BM 58,10,False,5329840,Sunset Trail,4,7,58,False,B.S.Lerena,Stephen & Jordan Lee,False,3,2,Australia,Grafton,5,2026-09-07 05:45:00+00:00,4,Sunset Trail,10,Sportsbet,5.000,1.730,TOP3,22.000,10.000,22.78538812785388127854,-79.4931506849315068493140000000000000000000,16.438356164383561643836000,-66.1405495288621426875640000000000000000000,-51.1405495288621426875640000000000000000000,-32.8472553994224687926638780447058037355075,
NSW,Grafton,5,1600,Good,4,2026-09-07,5194178,5468589,Open,BM 58,10,False,5329840,Sunset Trail,4,7,58,False,B.S.Lerena,Stephen & Jordan Lee,False,3,2,Australia,Grafton,5,2026-09-07 05:45:00+00:00,4,Sunset Trail,10,UniBet,5.000,1.750,TOP3,22.000,10.000,22.78538812785388127854,-79.4931506849315068493140000000000000000000,16.438356164383561643836000,-66.6360078277886497065640000000000000000000,-51.6360078277886497065640000000000000000000,-33.2686608890131395024670612244897959183675,
NSW,Grafton,5,1600,Good,4,2026-09-07,5194178,5468589,Open,BM 58,10,False,5329840,Sunset Trail,4,7,58,False,B.S.Lerena,Stephen & Jordan Lee,False,3,2,Australia,Grafton,5,2026-09-07 05:45:00+00:00,4,Sunset Trail,10,Surge ,5.000,1.850,TOP3,22.000,10.000,22.78538812785388127854,-79.4931506849315068493140000000000000000000,16.438356164383561643836000,-68.9526101443909663088140000000000000000000,-53.9526101443909663088140000000000000000000,-35.3258753014399071415353294375456537618700,
NSW,Grafton,5,1600,Good,4,2026-09-07,5194178,5468589,Open,BM 58,10,False,5329840,Sunset Trail,4,7,58,False,B.S.Lerena,Stephen & Jordan Lee,False,3,2,Australia,Grafton,5,2026-09-07 05:45:00+00:00,4,Sunset Trail,10,Betr,5.000,1.750,TOP3,22.000,10.000,22.78538812785388127854,-79.4931506849315068493140000000000000000000,16.438356164383561643836000,-66.6360078277886497065640000000000000000000,-51.6360078277886497065640000000000000000000,-33.2686608890131395024670612244897959183675,
VIC,Tatura,5,1450,Soft,7,2026-09-07,5195854,5469646,Open,BM 0-57,7,False,5329845,Murgasty,3,11,62.5,False,S.R.Hateley,C.Weller,False,1,,Australia,Tatura,5,2026-09-07 05:30:00+00:00,3,Murgasty,8,Dabble,21.000,3.800,TOP3,620.000,8.000,3.38592076396954445735,-96.8849528971480190992380000000000000000000,2.968124919344431539553000,-84.2909679347420040622380000000000000000000,-80.7195393633134326334880000000000000000000,-66.1766030752247899743204099722991689750700,
VIC,Tatura,5,1450,Soft,7,2026-09-07,5195854,5469646,Open,BM 0-57,7,False,5329845,Murgasty,3,11,62.5,False,S.R.Hateley,C.Weller,False,1,,Australia,Tatura,5,2026-09-07 05:30:00+00:00,3,Murgasty,8,Ladbrokes,21.000,3.900,TOP3,620.000,8.000,3.38592076396954445735,-96.8849528971480190992380000000000000000000,2.968124919344431539553000,-84.7970408092359311872380000000000000000000,-81.2256122378073597584880000000000000000000,-66.9258094764661368786724181459566074950700,
VIC,Tatura,5,1450,Soft,7,2026-09-07,5195854,5469646,Open,BM 0-57,7,False,5329845,Murgasty,3,11,62.5,False,S.R.Hateley,C.Weller,False,1,,Australia,Tatura,5,2026-09-07 05:30:00+00:00,3,Murgasty,8,Sportsbet,23.000,5.000,TOP3,620.000,8.000,3.70854303781133049426,-96.5881404052135759452808000000000000000000,3.264937411278874693509000,-88.1098795356483585537808000000000000000000,-84.8490099704309672495308000000000000000000,-72.8490099704309672495308000000000000000000,
VIC,Tatura,5,1450,Soft,7,2026-09-07,5195854,5469646,Open,BM 0-57,7,False,5329845,Murgasty,3,11,62.5,False,S.R.Hateley,C.Weller,False,1,,Australia,Tatura,5,2026-09-07 05:30:00+00:00,3,Murgasty,8,UniBet,21.000,4.200,TOP3,620.000,8.000,3.38592076396954445735,-96.8849528971480190992380000000000000000000,2.968124919344431539553000,-86.1706671828623048137380000000000000000000,-82.5992386114337333849880000000000000000000,-68.9937964345629850855934421768707482993200,
VIC,Tatura,5,1450,Soft,7,2026-09-07,5195854,5469646,Open,BM 0-57,7,False,5329845,Murgasty,3,11,62.5,False,S.R.Hateley,C.Weller,False,1,,Australia,Tatura,5,2026-09-07 05:30:00+00:00,3,Murgasty,8,Surge ,21.000,3.800,TOP3,620.000,8.000,3.38592076396954445735,-96.8849528971480190992380000000000000000000,2.968124919344431539553000,-84.2909679347420040622380000000000000000000,-80.7195393633134326334880000000000000000000,-66.1766030752247899743204099722991689750700,
VIC,Tatura,5,1450,Soft,7,2026-09-07,5195854,5469646,Open,BM 0-57,7,False,5329845,Murgasty,3,11,62.5,False,S.R.Hateley,C.Weller,False,1,,Australia,Tatura,5,2026-09-07 05:30:00+00:00,3,Murgasty,8,Betr,21.000,4.200,TOP3,620.000,8.000,3.38592076396954445735,-96.8849528971480190992380000000000000000000,2.968124919344431539553000,-86.1706671828623048137380000000000000000000,-82.5992386114337333849880000000000000000000,-68.9937964345629850855934421768707482993200,
NSW,Grafton,1,1700,Soft,5,2026-09-07,5194178,5468591,Paying,Maiden,7,False,5329969,Airhawk,1,9,59,True,,E.Ensby,False,2,,,,,,,,,,,,,,,,,,,,,
VIC,Tatura,6,1600,Soft,7,2026-09-07,5195854,5469645,Open,BM 0-57,12,False,5330231,Torn,5,9,61,True,,W.B.Brisbourne,False,17,,,,,,,,,,,,,,,,,,,,,
NSW,Grafton,7,1400,Good,4,2026-09-07,5194178,5468585,Open,BM 64,11,False,5330671,Dance Dance Dance,11,16,57.5,False,K.Adams,D.Treacy,False,5,,Australia,Grafton,7,2026-09-07 06:55:00+00:00,11,Dance Dance Dance,11,Dabble,26.000,4.400,TOP3,900.000,10.000,2.88809867763084787199,-97.4007111901322369152090000000000000000000,2.500277808645405045005000,-86.1244874139084606914590000000000000000000,-83.2398720292930760759590000000000000000000,-70.0683844259872909518804876033057851239675,
NSW,Grafton,7,1400,Good,4,2026-09-07,5194178,5468585,Open,BM 64,11,False,5330671,Dance Dance Dance,11,16,57.5,False,K.Adams,D.Treacy,False,5,,Australia,Grafton,7,2026-09-07 06:55:00+00:00,11,Dance Dance Dance,11,Ladbrokes,35.000,6.500,TOP3,900.000,10.000,3.88820980108900988999,-96.5006111790198910990090000000000000000000,3.400377819757750861207000,-89.2478639262726383522590000000000000000000,-87.1050067834154954950090000000000000000000,-77.3416931739480398739069289940828402366875,
NSW,Grafton,7,1400,Good,4,2026-09-07,5194178,5468585,Open,BM 64,11,False,5330671,Dance Dance Dance,11,16,57.5,False,K.Adams,D.Treacy,False,5,,Australia,Grafton,7,2026-09-07 06:55:00+00:00,11,Dance Dance Dance,11,Sportsbet,35.000,8.250,TOP3,900.000,10.000,3.88820980108900988999,-96.5006111790198910990090000000000000000000,3.400377819757750861207000,-91.6954163738250859045090000000000000000000,-89.5525592309679430472590000000000000000000,-81.5635785147144995211570716253443526170800,
NSW,Grafton,7,1400,Good,4,2026-09-07,5194178,5468585,Open,BM 64,11,False,5330671,Dance Dance Dance,11,16,57.5,False,K.Adams,D.Treacy,False,5,,Australia,Grafton,7,2026-09-07 06:55:00+00:00,11,Dance Dance Dance,11,UniBet,34.000,6.250,TOP3,900.000,10.000,3.77708634292699188799,-96.6006222913657073008090000000000000000000,3.300366707411934659407000,-89.0123869972480602418090000000000000000000,-86.8065046443068837713090000000000000000000,-76.7265046443068837713090000000000000000000,
NSW,Grafton,7,1400,Good,4,2026-09-07,5194178,5468585,Open,BM 64,11,False,5330671,Dance Dance Dance,11,16,57.5,False,K.Adams,D.Treacy,False,5,,Australia,Grafton,7,2026-09-07 06:55:00+00:00,11,Dance Dance Dance,11,Surge ,34.000,5.500,TOP3,900.000,10.000,3.77708634292699188799,-96.6006222913657073008090000000000000000000,3.300366707411934659407000,-87.3760233608844238783090000000000000000000,-85.1701410079432474078090000000000000000000,-74.0131162145548176558296611570247933884300,
NSW,Grafton,7,1400,Good,4,2026-09-07,5194178,5468585,Open,BM 64,11,False,5330671,Dance Dance Dance,11,16,57.5,False,K.Adams,D.Treacy,False,5,,Australia,Grafton,7,2026-09-07 06:55:00+00:00,11,Dance Dance Dance,11,Betr,34.000,6.500,TOP3,900.000,10.000,3.77708634292699188799,-96.6006222913657073008090000000000000000000,3.300366707411934659407000,-89.4739254587865217805590000000000000000000,-87.2680431058453453100590000000000000000000,-77.5047294963778896889569289940828402366875,
NSW,Dubbo,4,1400,Good,4,2026-09-07,5196943,5468594,Open,BM 0-57,14,False,5330787,Billabong Rose,1,11,62.5,False,J.D.Frari,B.R.E.Thompson,False,3,13,,,,,,,,,,,,,,,,,,,,
NSW,Dubbo,4,1400,Good,4,2026-09-07,5196943,5468594,Open,BM 0-57,14,False,5330944,Miss Karis,7,19,61,False,J.Urquhart-Warren,B.Robb,False,9,21,,,,,,,,,,,,,,,,,,,,
NSW,Dubbo,6,2200,Good,4,2026-09-07,5196943,5468593,Open,BM 58,13,False,5330977,Major Lightning,6,14,55.5,False,J.Pracey-Holmes,J.R.Gask,False,7,9,Australia,Dubbo,6,2026-09-07 06:40:00+00:00,6,Major Lightning,13,Dabble,9.000,3.000,TOP3,250.000,10.000,3.59743897559023609444,-96.7623049219687875150040000000000000000000,2.881152460984393757503000,-88.4289715886354541817540000000000000000000,-80.0956382553021208485040000000000000000000,-63.4289715886354541819206666666666666666675,
NSW,Dubbo,6,2200,Good,4,2026-09-07,5196943,5468593,Open,BM 58,13,False,5330977,Major Lightning,6,14,55.5,False,J.Pracey-Holmes,J.R.Gask,False,7,9,Australia,Dubbo,6,2026-09-07 06:40:00+00:00,6,Major Lightning,13,Ladbrokes,11.000,3.100,TOP3,250.000,10.000,4.39775910364145658263,-96.0420168067226890756330000000000000000000,3.601440576230492196879000,-85.4848320559895512456330000000000000000000,-78.6666502378077330638830000000000000000000,-62.2774722981615311908512622268470343392300,
NSW,Dubbo,6,2200,Good,4,2026-09-07,5196943,5468593,Open,BM 58,13,False,5330977,Major Lightning,6,14,55.5,False,J.Pracey-Holmes,J.R.Gask,False,7,9,Australia,Dubbo,6,2026-09-07 06:40:00+00:00,6,Major Lightning,13,Sportsbet,11.000,3.000,TOP3,250.000,10.000,4.39775910364145658263,-96.0420168067226890756330000000000000000000,3.601440576230492196879000,-84.6783804430863254393830000000000000000000,-77.8601986249045072576330000000000000000000,-61.1935319582378405910496666666666666666675,
NSW,Dubbo,6,2200,Good,4,2026-09-07,5196943,5468593,Open,BM 58,13,False,5330977,Major Lightning,6,14,55.5,False,J.Pracey-Holmes,J.R.Gask,False,7,9,Australia,Dubbo,6,2026-09-07 06:40:00+00:00,6,Major Lightning,13,UniBet,12.000,3.600,TOP3,250.000,10.000,4.79791916766706682673,-95.6818727490996398559430000000000000000000,3.961584633853541416567000,-87.3485394157663065219430000000000000000000,-81.0985394157663065221930000000000000000000,-66.0522431194700102258226296296296296296300,
NSW,Dubbo,6,2200,Good,4,2026-09-07,5196943,5468593,Open,BM 58,13,False,5330977,Major Lightning,6,14,55.5,False,J.Pracey-Holmes,J.R.Gask,False,7,9,Australia,Dubbo,6,2026-09-07 06:40:00+00:00,6,Major Lightning,13,Surge ,11.000,3.300,TOP3,250.000,10.000,4.39775910364145658263,-96.0420168067226890756330000000000000000000,3.601440576230492196879000,-86.9511077158135981666330000000000000000000,-80.1329258976317799848830000000000000000000,-64.2927055119568488554959476584022038567500,
NSW,Dubbo,6,2200,Good,4,2026-09-07,5196943,5468593,Open,BM 58,13,False,5330977,Major Lightning,6,14,55.5,False,J.Pracey-Holmes,J.R.Gask,False,7,9,Australia,Dubbo,6,2026-09-07 06:40:00+00:00,6,Major Lightning,13,Betr,11.000,3.000,TOP3,250.000,10.000,4.39775910364145658263,-96.0420168067226890756330000000000000000000,3.601440576230492196879000,-84.6783804430863254393830000000000000000000,-77.8601986249045072576330000000000000000000,-61.1935319582378405910496666666666666666675,
VIC,Tatura,8,1000,Soft,7,2026-09-07,5195854,5469651,Open,BM 0-57,12,False,5331059,Deep Joy,14,6,54,False,C.J.Hill,L.J.Hunter,False,4,12,Australia,Tatura,8,2026-09-07 07:00:00+00:00,14,Deep Joy,12,Dabble,20.000,4.400,TOP3,600.000,8.000,3.33211094812641685558,-96.9344579277236964928664000000000000000000,2.913721829577276970263000,-87.3890033822691510381164000000000000000000,-83.6390033822691510381164000000000000000000,-70.4675157789633659140378876033057851239675,
VIC,Tatura,8,1000,Soft,7,2026-09-07,5195854,5469651,Open,BM 0-57,12,False,5331059,Deep Joy,14,6,54,False,C.J.Hill,L.J.Hunter,False,4,12,Australia,Tatura,8,2026-09-07 07:00:00+00:00,14,Deep Joy,12,Ladbrokes,20.000,4.600,TOP3,600.000,8.000,3.33211094812641685558,-96.9344579277236964928664000000000000000000,2.913721829577276970263000,-88.1301101016367399708664000000000000000000,-84.3801101016367399708664000000000000000000,-71.6201857160034696493578933837429111531200,
VIC,Tatura,8,1000,Soft,7,2026-09-07,5195854,5469651,Open,BM 0-57,12,False,5331059,Deep Joy,14,6,54,False,C.J.Hill,L.J.Hunter,False,4,12,Australia,Tatura,8,2026-09-07 07:00:00+00:00,14,Deep Joy,12,Sportsbet,20.000,4.500,TOP3,600.000,8.000,3.33211094812641685558,-96.9344579277236964928664000000000000000000,2.913721829577276970263000,-87.7677912610570298263664000000000000000000,-84.0177912610570298263664000000000000000000,-71.0548282980940668634960296296296296296300,
VIC,Tatura,8,1000,Soft,7,2026-09-07,5195854,5469651,Open,BM 0-57,12,False,5331059,Deep Joy,14,6,54,False,C.J.Hill,L.J.Hunter,False,4,12,Australia,Tatura,8,2026-09-07 07:00:00+00:00,14,Deep Joy,12,UniBet,20.000,4.750,TOP3,600.000,8.000,3.33211094812641685558,-96.9344579277236964928664000000000000000000,2.913721829577276970263000,-88.6449842435131701771164000000000000000000,-84.8949842435131701771164000000000000000000,-72.4296102822943336120423002770083102493075,
VIC,Tatura,8,1000,Soft,7,2026-09-07,5195854,5469651,Open,BM 0-57,12,False,5331059,Deep Joy,14,6,54,False,C.J.Hill,L.J.Hunter,False,4,12,Australia,Tatura,8,2026-09-07 07:00:00+00:00,14,Deep Joy,12,Surge ,20.000,4.200,TOP3,600.000,8.000,3.33211094812641685558,-96.9344579277236964928664000000000000000000,2.913721829577276970263000,-86.5773150705808393498664000000000000000000,-82.8273150705808393498664000000000000000000,-69.2218728937100910504718421768707482993200,
VIC,Tatura,8,1000,Soft,7,2026-09-07,5195854,5469651,Open,BM 0-57,12,False,5331059,Deep Joy,14,6,54,False,C.J.Hill,L.J.Hunter,False,4,12,Australia,Tatura,8,2026-09-07 07:00:00+00:00,14,Deep Joy,12,Betr,20.000,4.600,TOP3,600.000,8.000,3.33211094812641685558,-96.9344579277236964928664000000000000000000,2.913721829577276970263000,-88.1301101016367399708664000000000000000000,-84.3801101016367399708664000000000000000000,-71.6201857160034696493578933837429111531200,
NSW,Dubbo,1,1000,,0,2026-09-07,5197837,5477831,FinalFields,Trial,8,True,5331387,Muirisc,4,0,,False,,D.J.Smith,False,1,,,,,,,,,,,,,,,,,,,,,
NSW,Dubbo,1,1600,Good,4,2026-09-07,5196943,5468596,Paying,BM 58,8,False,5331433,Sammaan City,4,6,59,False,J.G.Stiff,M.R.Mulholland,False,3,,,,,,,,,,,,,,,,,,,,,
WA,Lark Hill,16,1400,Good,4,2026-09-07,5197375,5478532,Paying,Trial,5,True,5331702,Karsavina,3,0,,True,,R.H.A.Gulberti,False,5,9,,,,,,,,,,,,,,,,,,,,
NSW,Dubbo,1,1600,Good,4,2026-09-07,5196943,5468596,Paying,BM 58,8,False,5331728,Proper Twelve,2,5,59,False,C.Gallagher,B.Robb,False,5,4,,,,,,,,,,,,,,,,,,,,
VIC,Tatura,5,1450,Soft,7,2026-09-07,5195854,5469646,Open,BM 0-57,7,False,5331799,Swift Circle,6,2,62,True,T.M.Nugent,R.C.Archard,False,9,15,,,,,,,,,,,,,,,,,,,,
WA,Lark Hill,6,950,Good,4,2026-09-07,5197375,5478877,Paying,Trial,6,True,5331845,Zouconi,2,0,,False,J.J.Lyon,Grant & Alana Williams,False,1,7,,,,,,,,,,,,,,,,,,,,
NSW,Dubbo,4,1400,Good,4,2026-09-07,5196943,5468594,Open,BM 0-57,14,False,5332061,Deodee,9,4,59.5,False,A.Mclucas,D.J.Smith,False,6,13,,,,,,,,,,,,,,,,,,,,
WA,Lark Hill,6,950,Good,4,2026-09-07,5197375,5478877,Paying,Trial,6,True,5332505,Annie Warbucks,7,0,,True,,J.Rolfe,False,1,,,,,,,,,,,,,,,,,,,,,
NSW,Dubbo,6,2200,Good,4,2026-09-07,5196943,5468593,Open,BM 58,13,False,5332904,Vastly,4,5,58.5,False,D.M.De Oca,B.Robb,False,5,,Australia,Dubbo,6,2026-09-07 06:40:00+00:00,4,Vastly,13,Dabble,11.000,3.300,TOP3,600.000,10.000,1.83197199533255542590,-98.3512252042007001166900000000000000000000,1.500250041673612268711000,-89.2603161132916092076900000000000000000000,-82.4421342951097910259400000000000000000000,-66.6019139094348598965529476584022038567500,
NSW,Dubbo,6,2200,Good,4,2026-09-07,5196943,5468593,Open,BM 58,13,False,5332904,Vastly,4,5,58.5,False,D.M.De Oca,B.Robb,False,5,,Australia,Dubbo,6,2026-09-07 06:40:00+00:00,4,Vastly,13,Ladbrokes,14.000,3.600,TOP3,600.000,10.000,2.33205534255709284881,-97.9011501916986164360710000000000000000000,1.950325054175695949325000,-87.7821025726509973880710000000000000000000,-82.4249597155081402453210000000000000000000,-67.3786634192118439489506296296296296296300,
NSW,Dubbo,6,2200,Good,4,2026-09-07,5196943,5468593,Open,BM 58,13,False,5332904,Vastly,4,5,58.5,False,D.M.De Oca,B.Robb,False,5,,Australia,Dubbo,6,2026-09-07 06:40:00+00:00,4,Vastly,13,Sportsbet,14.000,3.500,TOP3,600.000,10.000,2.33205534255709284881,-97.9011501916986164360710000000000000000000,1.950325054175695949325000,-87.1868644774129021498210000000000000000000,-81.8297216202700450070710000000000000000000,-66.5235991712904531701985510204081632653075,
NSW,Dubbo,6,2200,Good,4,2026-09-07,5196943,5468593,Open,BM 58,13,False,5332904,Vastly,4,5,58.5,False,D.M.De Oca,B.Robb,False,5,,Australia,Dubbo,6,2026-09-07 06:40:00+00:00,4,Vastly,13,UniBet,14.000,3.900,TOP3,600.000,10.000,2.33205534255709284881,-97.9011501916986164360710000000000000000000,1.950325054175695949325000,-89.3846666752150999520710000000000000000000,-84.0275238180722428093210000000000000000000,-69.7277210567310199295054181459566074950700,
NSW,Dubbo,6,2200,Good,4,2026-09-07,5196943,5468593,Open,BM 58,13,False,5332904,Vastly,4,5,58.5,False,D.M.De Oca,B.Robb,False,5,,Australia,Dubbo,6,2026-09-07 06:40:00+00:00,4,Vastly,13,Surge ,14.000,3.700,TOP3,600.000,10.000,2.33205534255709284881,-97.9011501916986164360710000000000000000000,1.950325054175695949325000,-88.3451656357140604513210000000000000000000,-82.9880227785712033085710000000000000000000,-68.1962039326983033816263323593864134404675,
NSW,Dubbo,6,2200,Good,4,2026-09-07,5196943,5468593,Open,BM 58,13,False,5332904,Vastly,4,5,58.5,False,D.M.De Oca,B.Robb,False,5,,Australia,Dubbo,6,2026-09-07 06:40:00+00:00,4,Vastly,13,Betr,14.000,3.600,TOP3,600.000,10.000,2.33205534255709284881,-97.9011501916986164360710000000000000000000,1.950325054175695949325000,-87.7821025726509973880710000000000000000000,-82.4249597155081402453210000000000000000000,-67.3786634192118439489506296296296296296300,
NSW,Grafton,2,1200,Good,4,2026-09-07,5194178,5468590,Paying,Maiden,9,False,5333037,Qui Rouge,10,5,55,False,J.L.Bayliss,J.J.Hull,False,2,,,,,,,,,,,,,,,,,,,,,
WA,Lark Hill,15,950,Good,4,2026-09-07,5197375,5478893,Paying,Trial,8,True,5333260,Hard Heart,7,0,,False,B.M.Gaerth,C.B.Ellery,True,1,,,,,,,,,,,,,,,,,,,,,
VIC,Tatura,3,1450,Soft,7,2026-09-07,5195854,5469647,Paying,Maiden,11,False,5333500,Composite Action,7,2,57.5,False,A.Mccabe,Y.Ota,False,4,9,,,,,,,,,,,,,,,,,,,,
VIC,Cranbourne-Trn,1,1000,,0,2026-09-07,5197805,5477680,FinalFields,Trial,8,True,5333735,Astral Flame,8,0,,False,,E.Jusufovic,False,1,5,,,,,,,,,,,,,,,,,,,,
VIC,Tatura,5,1450,Soft,7,2026-09-07,5195854,5469646,Open,BM 0-57,7,False,5333998,Cosmic Charger,12,4,60,True,B.Allen,"Ben, Will & Jd Hayes",False,4,,,,,,,,,,,,,,,,,,,,,
WA,Lark Hill,16,1400,Good,4,2026-09-07,5197375,5478532,Paying,Trial,5,True,5334072,Infinite Storm,5,0,,False,K.C.Yuill,J.L.Byrne,True,1,,,,,,,,,,,,,,,,,,,,,
WA,Lark Hill,5,950,Soft,5,2026-09-07,5197375,5478876,Paying,Trial,6,True,5334596,Neap Tide,4,0,,False,J.Mcnaught,A.G.Durrant,False,1,,,,,,,,,,,,,,,,,,,,,
WA,Lark Hill,4,950,Soft,5,2026-09-07,5197375,5478875,Paying,Trial,8,True,5334598,Spank Appeal,5,0,,False,B.M.Parnham,D.L.Morton,False,3,,,,,,,,,,,,,,,,,,,,,
NSW,Grafton,3,2200,Good,4,2026-09-07,5194178,5468588,Paying,BM 58,6,False,5334604,Ayasaki,1,8,59,False,G.Spokes,E.Ensby,False,4,9,,,,,,,,,,,,,,,,,,,,
NSW,Dubbo,5,1000,Good,4,2026-09-07,5196943,5468595,Open,BM 58,12,False,5334614,Denman Force,1,7,62,False,J.D.Frari,B.R.E.Thompson,False,8,2,Australia,Dubbo,5,2026-09-07 06:05:00+00:00,1,Denman Force,12,Dabble,5.000,2.000,TOP3,18.000,10.000,27.87709497206703910615,-74.9106145251396648044650000000000000000000,20.111731843575418994413000,-67.4106145251396648044650000000000000000000,-52.4106145251396648044650000000000000000000,-33.6606145251396648044650000000000000000000,
NSW,Dubbo,5,1000,Good,4,2026-09-07,5196943,5468595,Open,BM 58,12,False,5334614,Denman Force,1,7,62,False,J.D.Frari,B.R.E.Thompson,False,8,2,Australia,Dubbo,5,2026-09-07 06:05:00+00:00,1,Denman Force,12,Ladbrokes,6.000,2.100,TOP3,18.000,10.000,33.46368715083798882682,-69.8826815642458100558620000000000000000000,25.139664804469273743017000,-59.1683958499600957703620000000000000000000,-46.6683958499600957701120000000000000000000,-27.9609128567628168585337687074829931972800,
NSW,Dubbo,5,1000,Good,4,2026-09-07,5196943,5468595,Open,BM 58,12,False,5334614,Denman Force,1,7,62,False,J.D.Frari,B.R.E.Thompson,False,8,2,Australia,Dubbo,5,2026-09-07 06:05:00+00:00,1,Denman Force,12,Sportsbet,6.000,1.950,TOP3,18.000,10.000,33.46368715083798882682,-69.8826815642458100558620000000000000000000,25.139664804469273743017000,-56.4211431027073485181120000000000000000000,-43.9211431027073485178620000000000000000000,-25.1834705188809185375804418145956607495075,
NSW,Dubbo,5,1000,Good,4,2026-09-07,5196943,5468595,Open,BM 58,12,False,5334614,Denman Force,1,7,62,False,J.D.Frari,B.R.E.Thompson,False,8,2,Australia,Dubbo,5,2026-09-07 06:05:00+00:00,1,Denman Force,12,UniBet,6.000,2.100,TOP3,18.000,10.000,33.46368715083798882682,-69.8826815642458100558620000000000000000000,25.139664804469273743017000,-59.1683958499600957703620000000000000000000,-46.6683958499600957701120000000000000000000,-27.9609128567628168585337687074829931972800,
NSW,Dubbo,5,1000,Good,4,2026-09-07,5196943,5468595,Open,BM 58,12,False,5334614,Denman Force,1,7,62,False,J.D.Frari,B.R.E.Thompson,False,8,2,Australia,Dubbo,5,2026-09-07 06:05:00+00:00,1,Denman Force,12,Surge ,6.000,2.200,TOP3,18.000,10.000,33.46368715083798882682,-69.8826815642458100558620000000000000000000,25.139664804469273743017000,-60.7917724733367191476120000000000000000000,-48.2917724733367191473620000000000000000000,-29.6967311510226695606161322314049586776875,
NSW,Dubbo,5,1000,Good,4,2026-09-07,5196943,5468595,Open,BM 58,12,False,5334614,Denman Force,1,7,62,False,J.D.Frari,B.R.E.Thompson,False,8,2,Australia,Dubbo,5,2026-09-07 06:05:00+00:00,1,Denman Force,12,Betr,6.000,2.000,TOP3,18.000,10.000,33.46368715083798882682,-69.8826815642458100558620000000000000000000,25.139664804469273743017000,-57.3826815642458100563620000000000000000000,-44.8826815642458100561120000000000000000000,-26.1326815642458100561120000000000000000000,
VIC,Tatura,6,1600,Soft,7,2026-09-07,5195854,5469645,Open,BM 0-57,12,False,5334988,Blackhill Boy,4,10,61,False,Z.E.Waller,T.W.Donaldson-Aitken,False,6,,Australia,Tatura,6,2026-09-07 06:00:00+00:00,4,Blackhill Boy,12,Dabble,41.000,6.000,TOP3,600.000,8.000,6.83257767702360314709,-93.7140285371382851046772000000000000000000,6.134151220162688358448000,-84.8725651225041387629272000000000000000000,-83.0432968298212119336772000000000000000000,-72.6266301631545452668438666666666666666675,
VIC,Tatura,6,1600,Soft,7,2026-09-07,5195854,5469645,Open,BM 0-57,12,False,5334988,Blackhill Boy,4,10,61,False,Z.E.Waller,T.W.Donaldson-Aitken,False,6,,Australia,Tatura,6,2026-09-07 06:00:00+00:00,4,Blackhill Boy,12,Ladbrokes,46.000,7.000,TOP3,600.000,8.000,7.66602213628483797840,-92.9472596346179490598720000000000000000000,6.900920122683024403254000,-85.4938434855496260793720000000000000000000,-83.8634087029409304268720000000000000000000,-74.6797352335531753249842448979591836734700,
VIC,Tatura,6,1600,Soft,7,2026-09-07,5195854,5469645,Open,BM 0-57,12,False,5334988,Blackhill Boy,4,10,61,False,Z.E.Waller,T.W.Donaldson-Aitken,False,6,,Australia,Tatura,6,2026-09-07 06:00:00+00:00,4,Blackhill Boy,12,Sportsbet,41.000,8.250,TOP3,600.000,8.000,6.83257767702360314709,-93.7140285371382851046772000000000000000000,6.134151220162688358448000,-88.2816560315950478541772000000000000000000,-86.4523877389121210249272000000000000000000,-78.4634070226586774988252716253443526170800,
VIC,Tatura,6,1600,Soft,7,2026-09-07,5195854,5469645,Open,BM 0-57,12,False,5334988,Blackhill Boy,4,10,61,False,Z.E.Waller,T.W.Donaldson-Aitken,False,6,,Australia,Tatura,6,2026-09-07 06:00:00+00:00,4,Blackhill Boy,12,UniBet,41.000,6.500,TOP3,600.000,8.000,6.83257767702360314709,-93.7140285371382851046772000000000000000000,6.134151220162688358448000,-85.8341035840426003019272000000000000000000,-84.0048352913596734726772000000000000000000,-74.2415216818922178515751289940828402366875,
VIC,Tatura,6,1600,Soft,7,2026-09-07,5195854,5469645,Open,BM 0-57,12,False,5334988,Blackhill Boy,4,10,61,False,Z.E.Waller,T.W.Donaldson-Aitken,False,6,,Australia,Tatura,6,2026-09-07 06:00:00+00:00,4,Blackhill Boy,12,Surge ,41.000,5.500,TOP3,600.000,8.000,6.83257767702360314709,-93.7140285371382851046772000000000000000000,6.134151220162688358448000,-83.7362014861405023996772000000000000000000,-81.9069331934575755704272000000000000000000,-70.7499084000691458184478611570247933884300,
VIC,Tatura,6,1600,Soft,7,2026-09-07,5195854,5469645,Open,BM 0-57,12,False,5334988,Blackhill Boy,4,10,61,False,Z.E.Waller,T.W.Donaldson-Aitken,False,6,,Australia,Tatura,6,2026-09-07 06:00:00+00:00,4,Blackhill Boy,12,Betr,41.000,6.500,TOP3,600.000,8.000,6.83257767702360314709,-93.7140285371382851046772000000000000000000,6.134151220162688358448000,-85.8341035840426003019272000000000000000000,-84.0048352913596734726772000000000000000000,-74.2415216818922178515751289940828402366875,
NSW,Grafton,5,1600,Good,4,2026-09-07,5194178,5468589,Open,BM 58,10,False,5335323,Evony,10,3,55,False,B.Baker,P.J.Cunningham,False,7,,Australia,Grafton,5,2026-09-07 05:45:00+00:00,10,Evony,10,Dabble,16.000,3.500,TOP3,600.000,10.000,2.66544424070678446408,-97.6011001833638939823280000000000000000000,2.250375062510418403067000,-85.5475287547924654105780000000000000000000,-80.8600287547924654105780000000000000000000,-65.5539063058128735737055510204081632653075,
NSW,Grafton,5,1600,Good,4,2026-09-07,5194178,5468589,Open,BM 58,10,False,5335323,Evony,10,3,55,False,B.Baker,P.J.Cunningham,False,7,,Australia,Grafton,5,2026-09-07 05:45:00+00:00,10,Evony,10,Ladbrokes,19.000,4.000,TOP3,600.000,10.000,3.16552758793132188698,-97.1510251708618103017180000000000000000000,2.700450075012502083681000,-86.2957620129670734592180000000000000000000,-82.3483935919144418804680000000000000000000,-68.2858935919144418804680000000000000000000,
NSW,Grafton,5,1600,Good,4,2026-09-07,5194178,5468589,Open,BM 58,10,False,5335323,Evony,10,3,55,False,B.Baker,P.J.Cunningham,False,7,,Australia,Grafton,5,2026-09-07 05:45:00+00:00,10,Evony,10,Sportsbet,20.000,4.500,TOP3,600.000,10.000,3.33222203700616769462,-97.0010001666944490748420000000000000000000,2.850475079179863310552000,-87.8343335000277824083420000000000000000000,-84.0843335000277824083420000000000000000000,-71.1213705370648194454716296296296296296300,
NSW,Grafton,5,1600,Good,4,2026-09-07,5194178,5468589,Open,BM 58,10,False,5335323,Evony,10,3,55,False,B.Baker,P.J.Cunningham,False,7,,Australia,Grafton,5,2026-09-07 05:45:00+00:00,10,Evony,10,UniBet,20.000,4.400,TOP3,600.000,10.000,3.33222203700616769462,-97.0010001666944490748420000000000000000000,2.850475079179863310552000,-87.4555456212399036200920000000000000000000,-83.7055456212399036200920000000000000000000,-70.5340580179341184960134876033057851239675,
NSW,Grafton,5,1600,Good,4,2026-09-07,5194178,5468589,Open,BM 58,10,False,5335323,Evony,10,3,55,False,B.Baker,P.J.Cunningham,False,7,,Australia,Grafton,5,2026-09-07 05:45:00+00:00,10,Evony,10,Surge ,20.000,3.800,TOP3,600.000,10.000,3.33222203700616769462,-97.0010001666944490748420000000000000000000,2.850475079179863310552000,-84.7641580614312911803420000000000000000000,-81.0141580614312911803420000000000000000000,-66.4712217733426485211744099722991689750700,
NSW,Grafton,5,1600,Good,4,2026-09-07,5194178,5468589,Open,BM 58,10,False,5335323,Evony,10,3,55,False,B.Baker,P.J.Cunningham,False,7,,Australia,Grafton,5,2026-09-07 05:45:00+00:00,10,Evony,10,Betr,20.000,4.200,TOP3,600.000,10.000,3.33222203700616769462,-97.0010001666944490748420000000000000000000,2.850475079179863310552000,-86.6438573095515919318420000000000000000000,-82.8938573095515919318420000000000000000000,-69.2884151326808436324474421768707482993200,
NSW,Dubbo,2,1000,Good,4,2026-09-07,5196943,5468598,Paying,Maiden,11,False,5335364,Cooly Rocks,3,7,57,False,H.E.Van Der Hoven,K.W.Hazelton,False,1,,,,,,,,,,,,,,,,,,,,,
NSW,Dubbo,5,1000,Good,4,2026-09-07,5196943,5468595,Open,BM 58,12,False,5335744,Sigsaly,18,9,55,True,,W.T.Wilkes,False,5,,,,,,,,,,,,,,,,,,,,,
VIC,Tatura,7,1980,Soft,7,2026-09-07,5195854,5469652,Open,BM 0-57,10,False,5336076,Ive Got The Power,11,3,59,False,C.J.Parish,T.G.Grace,False,11,4,,,,,,,,,,,,,,,,,,,,
NSW,Grafton,1,1700,Soft,5,2026-09-07,5194178,5468591,Paying,Maiden,7,False,5336669,Foxwedge Arrow,3,4,59,False,C.L.Williams,T.L.Bell,False,10,9,,,,,,,,,,,,,,,,,,,,
WA,Lark Hill,3,950,Soft,5,2026-09-07,5197375,5478528,Paying,Trial,9,True,5337011,Redback Flyer,3,0,,False,S.F.Mcgruddy,M.L.Lane,False,1,8,,,,,,,,,,,,,,,,,,,,
VIC,Cranbourne-Trn,2,800,,0,2026-09-07,5197805,5477679,FinalFields,Trial,9,True,5337355,La Fracas,3,0,,False,,Mick Price & Michael Kent (Jnr),False,1,7,,,,,,,,,,,,,,,,,,,,
NSW,Grafton,5,1600,Good,4,2026-09-07,5194178,5468589,Open,BM 58,10,False,5337903,Miss Midas Touch,8,5,55,True,G.Spokes,B.J.Dodson,False,5,,,,,,,,,,,,,,,,,,,,,
NSW,Grafton,2,1200,Good,4,2026-09-07,5194178,5468590,Paying,Maiden,9,False,5337921,Nutcracker Queen,3,10,57,False,S.Traecey,D.M.Traecey,True,1,,,,,,,,,,,,,,,,,,,,,
VIC,Ballarat Synthetic,3,850,Synth,,2026-09-07,5197847,5478706,Paying,Trial,7,True,5338909,Viperstrike,5,0,,False,C.Macredmond,M.R.Smerdon,False,5,,,,,,,,,,,,,,,,,,,,,
WA,Lark Hill,15,950,Good,4,2026-09-07,5197375,5478893,Paying,Trial,8,True,5339097,Sessions Never Ova,6,0,,False,C.T.Johnston-Porter,H.M.Taylor,True,1,,,,,,,,,,,,,,,,,,,,,
NSW,Dubbo,6,2200,Good,4,2026-09-07,5196943,5468593,Open,BM 58,13,False,5339120,Torpedo Ted,12,13,55,False,J.G.Stiff,Tara & Philippe Vigouroux,False,7,,Australia,Dubbo,6,2026-09-07 06:40:00+00:00,12,Torpedo Ted,13,Dabble,18.000,3.900,TOP3,600.000,10.000,2.99883313885647607935,-97.3010501750291715285850000000000000000000,2.550425070845140856809000,-86.4036142775932740930850000000000000000000,-82.2369476109266074260850000000000000000000,-67.9371448495853845462694181459566074950700,
NSW,Dubbo,6,2200,Good,4,2026-09-07,5196943,5468593,Open,BM 58,13,False,5339120,Torpedo Ted,12,13,55,False,J.G.Stiff,Tara & Philippe Vigouroux,False,7,,Australia,Dubbo,6,2026-09-07 06:40:00+00:00,12,Torpedo Ted,13,Ladbrokes,23.000,5.000,TOP3,600.000,10.000,3.83230538423070511752,-96.5509251541923653942320000000000000000000,3.300550091681946991165000,-88.0726642846271480027320000000000000000000,-84.8117947194097566984820000000000000000000,-72.8117947194097566984820000000000000000000,
NSW,Dubbo,6,2200,Good,4,2026-09-07,5196943,5468593,Open,BM 58,13,False,5339120,Torpedo Ted,12,13,55,False,J.G.Stiff,Tara & Philippe Vigouroux,False,7,,Australia,Dubbo,6,2026-09-07 06:40:00+00:00,12,Torpedo Ted,13,Sportsbet,23.000,5.000,TOP3,600.000,10.000,3.83230538423070511752,-96.5509251541923653942320000000000000000000,3.300550091681946991165000,-88.0726642846271480027320000000000000000000,-84.8117947194097566984820000000000000000000,-72.8117947194097566984820000000000000000000,
NSW,Dubbo,6,2200,Good,4,2026-09-07,5196943,5468593,Open,BM 58,13,False,5339120,Torpedo Ted,12,13,55,False,J.G.Stiff,Tara & Philippe Vigouroux,False,7,,Australia,Dubbo,6,2026-09-07 06:40:00+00:00,12,Torpedo Ted,13,UniBet,23.000,5.000,TOP3,600.000,10.000,3.83230538423070511752,-96.5509251541923653942320000000000000000000,3.300550091681946991165000,-88.0726642846271480027320000000000000000000,-84.8117947194097566984820000000000000000000,-72.8117947194097566984820000000000000000000,
NSW,Dubbo,6,2200,Good,4,2026-09-07,5196943,5468593,Open,BM 58,13,False,5339120,Torpedo Ted,12,13,55,False,J.G.Stiff,Tara & Philippe Vigouroux,False,7,,Australia,Dubbo,6,2026-09-07 06:40:00+00:00,12,Torpedo Ted,13,Surge ,23.000,4.400,TOP3,600.000,10.000,3.83230538423070511752,-96.5509251541923653942320000000000000000000,3.300550091681946991165000,-86.0272097391726025479820000000000000000000,-82.7663401739552112437320000000000000000000,-69.5948525706494261196534876033057851239675,
NSW,Dubbo,6,2200,Good,4,2026-09-07,5196943,5468593,Open,BM 58,13,False,5339120,Torpedo Ted,12,13,55,False,J.G.Stiff,Tara & Philippe Vigouroux,False,7,,Australia,Dubbo,6,2026-09-07 06:40:00+00:00,12,Torpedo Ted,13,Betr,23.000,5.000,TOP3,600.000,10.000,3.83230538423070511752,-96.5509251541923653942320000000000000000000,3.300550091681946991165000,-88.0726642846271480027320000000000000000000,-84.8117947194097566984820000000000000000000,-72.8117947194097566984820000000000000000000,
WA,Lark Hill,3,950,Soft,5,2026-09-07,5197375,5478528,Paying,Trial,9,True,5339907,Holler Nuff,1,0,,False,W.A.Pike,M.P.Grantham,False,1,,,,,,,,,,,,,,,,,,,,,
VIC,Tatura,2,1000,Soft,7,2026-09-07,5195854,5469650,Paying,Maiden,10,False,5339922,Amarillo Sky,1,8,59.5,False,B.Allen,M.Jenkins,False,1,,,,,,,,,,,,,,,,,,,,,
NSW,Dubbo,5,1000,Good,4,2026-09-07,5196943,5468595,Open,BM 58,12,False,5339933,Puffin,11,2,57.5,False,G.Johnston,M.C.Dobie,False,4,6,Australia,Dubbo,5,2026-09-07 06:05:00+00:00,11,Puffin,12,Dabble,2.350,1.300,TOP3,3.250,10.000,74.28571428571428571429,-33.1428571428571428571390000000000000000000,38.571428571428571428571000,-39.2803366845920037413890000000000000000000,-7.3654430675707271453890000000000000000000,5.9481663998848941563550828402366863905325,
NSW,Dubbo,5,1000,Good,4,2026-09-07,5196943,5468595,Open,BM 58,12,False,5339933,Puffin,11,2,57.5,False,G.Johnston,M.C.Dobie,False,4,6,Australia,Dubbo,5,2026-09-07 06:05:00+00:00,11,Puffin,12,Ladbrokes,2.350,1.300,TOP3,3.250,10.000,74.28571428571428571429,-33.1428571428571428571390000000000000000000,38.571428571428571428571000,-39.2803366845920037413890000000000000000000,-7.3654430675707271453890000000000000000000,5.9481663998848941563550828402366863905325,
NSW,Dubbo,5,1000,Good,4,2026-09-07,5196943,5468595,Open,BM 58,12,False,5339933,Puffin,11,2,57.5,False,G.Johnston,M.C.Dobie,False,4,6,Australia,Dubbo,5,2026-09-07 06:05:00+00:00,11,Puffin,12,Sportsbet,2.350,1.300,TOP3,3.250,10.000,74.28571428571428571429,-33.1428571428571428571390000000000000000000,38.571428571428571428571000,-39.2803366845920037413890000000000000000000,-7.3654430675707271453890000000000000000000,5.9481663998848941563550828402366863905325,
NSW,Dubbo,5,1000,Good,4,2026-09-07,5196943,5468595,Open,BM 58,12,False,5339933,Puffin,11,2,57.5,False,G.Johnston,M.C.Dobie,False,4,6,Australia,Dubbo,5,2026-09-07 06:05:00+00:00,11,Puffin,12,UniBet,2.350,1.280,TOP3,3.250,10.000,74.28571428571428571429,-33.1428571428571428571390000000000000000000,38.571428571428571428571000,-38.3788943768996960491390000000000000000000,-6.4640007598784194531390000000000000000000,6.3533820526215805468610000000000000000000,
NSW,Dubbo,5,1000,Good,4,2026-09-07,5196943,5468595,Open,BM 58,12,False,5339933,Puffin,11,2,57.5,False,G.Johnston,M.C.Dobie,False,4,6,Australia,Dubbo,5,2026-09-07 06:05:00+00:00,11,Puffin,12,Surge ,2.350,1.300,TOP3,3.250,10.000,74.28571428571428571429,-33.1428571428571428571390000000000000000000,38.571428571428571428571000,-39.2803366845920037413890000000000000000000,-7.3654430675707271453890000000000000000000,5.9481663998848941563550828402366863905325,
NSW,Dubbo,5,1000,Good,4,2026-09-07,5196943,5468595,Open,BM 58,12,False,5339933,Puffin,11,2,57.5,False,G.Johnston,M.C.Dobie,False,4,6,Australia,Dubbo,5,2026-09-07 06:05:00+00:00,11,Puffin,12,Betr,2.350,1.250,TOP3,3.250,10.000,74.28571428571428571429,-33.1428571428571428571390000000000000000000,38.571428571428571428571000,-36.9726443768996960491390000000000000000000,-5.0577507598784194531390000000000000000000,6.9422492401215805468610000000000000000000,
WA,Lark Hill,4,950,Soft,5,2026-09-07,5197375,5478875,Paying,Trial,8,True,5339937,Streamlined,1,0,,False,W.A.Pike,M.P.Grantham,False,1,,,,,,,,,,,,,,,,,,,,,
WA,Lark Hill,4,950,Soft,5,2026-09-07,5197375,5478875,Paying,Trial,8,True,5340270,Seindeel,2,0,,False,A.P.Hearn,M.L.Lane,False,1,,,,,,,,,,,,,,,,,,,,,
NSW,Dubbo,1,1600,Good,4,2026-09-07,5196943,5468596,Paying,BM 58,8,False,5340548,Grey Belief,12,10,55,False,G.Johnston,C.Greig,False,10,5,,,,,,,,,,,,,,,,,,,,
NSW,Grafton,3,2200,Good,4,2026-09-07,5194178,5468588,Paying,BM 58,6,False,5340633,Aurora Effect,6,5,57,False,B.Looker,S.R.Osland,False,11,9,,,,,,,,,,,,,,,,,,,,
VIC,Tatura,4,1450,Soft,7,2026-09-07,5195854,5469649,Paying,BM 0-57,8,False,5340841,Queen Amanjena,7,9,60.5,False,N.Farley,C.Conron,False,9,5,,,,,,,,,,,,,,,,,,,,
NSW,Dubbo,2,1000,Good,4,2026-09-07,5196943,5468598,Paying,Maiden,11,False,5340995,Shes Ourvalentine,7,10,57,False,S.S.Llewellyn,S.A.Torrens,False,1,,,,,,,,,,,,,,,,,,,,,
VIC,Cranbourne-Trn,2,800,,0,2026-09-07,5197805,5477679,FinalFields,Trial,9,True,5341053,Pallaton,4,0,,False,,G.M.Begg,False,1,13,,,,,,,,,,,,,,,,,,,,
VIC,Tatura,2,1000,Soft,7,2026-09-07,5195854,5469650,Paying,Maiden,10,False,5341055,Zukuro,17,10,57.5,True,A.Kelly,P.B.Payne,False,4,,,,,,,,,,,,,,,,,,,,,
VIC,Tatura,2,1000,Soft,7,2026-09-07,5195854,5469650,Paying,Maiden,10,False,5341140,Nano Bubbles,11,16,57.5,True,J.B.Stanley,S.Hasan,False,4,,,,,,,,,,,,,,,,,,,,,
NSW,Dubbo,4,1400,Good,4,2026-09-07,5196943,5468594,Open,BM 0-57,14,False,5341197,Rupestris,16,6,60,False,A.Bullock,T.W.Smith,False,7,,,,,,,,,,,,,,,,,,,,,
WA,Lark Hill,14,950,Good,4,2026-09-07,5197375,5478892,Paying,Trial,9,True,5341327,Three Virgos,1,0,,False,W.A.Pike,Grant & Alana Williams,False,1,,,,,,,,,,,,,,,,,,,,,
NSW,Dubbo,2,1000,Good,4,2026-09-07,5196943,5468598,Paying,Maiden,11,False,5341637,Fabulous One,4,5,57,False,D.Dillon,J.R.Gask,False,1,,,,,,,,,,,,,,,,,,,,,
VIC,Tatura,6,1600,Soft,7,2026-09-07,5195854,5469645,Open,BM 0-57,12,False,5341662,Dance Lady,11,7,58,True,L.King,S.Zahra,False,3,,,,,,,,,,,,,,,,,,,,,
NSW,Grafton,1,1700,Soft,5,2026-09-07,5194178,5468591,Paying,Maiden,7,False,5341900,Lady Tuatara,6,7,57,False,S.K.Rigley,Stephen & Jordan Lee,False,4,,,,,,,,,,,,,,,,,,,,,
WA,Lark Hill,15,950,Good,4,2026-09-07,5197375,5478893,Paying,Trial,8,True,5342105,Lady Skye,5,0,,True,J.D.Valas,B.P.Graham,True,1,,,,,,,,,,,,,,,,,,,,,
NSW,Grafton,3,2200,Good,4,2026-09-07,5194178,5468588,Paying,BM 58,6,False,5342167,Junostar,7,7,57,True,K.Matheson,D.Chujo,False,6,,,,,,,,,,,,,,,,,,,,,
VIC,Tatura,2,1000,Soft,7,2026-09-07,5195854,5469650,Paying,Maiden,10,False,5342577,Graybach,6,9,59.5,True,C.E.Hollowood,C.W.Mcdonald,True,1,,,,,,,,,,,,,,,,,,,,,
NSW,Grafton,2,1200,Good,4,2026-09-07,5194178,5468590,Paying,Maiden,9,False,5342621,Dark Mode,2,1,58.5,False,B.Thornton,T.J.Pollard,False,3,,,,,,,,,,,,,,,,,,,,,
NSW,Dubbo,2,1000,Good,4,2026-09-07,5196943,5468598,Paying,Maiden,11,False,5342657,Souline,8,12,57,True,,P.Theobald,False,5,4,,,,,,,,,,,,,,,,,,,,
VIC,Southside Cranbourne,1,1000,Synth,,2026-09-07,5197846,5479219,Paying,Trial,3,True,5342721,Kakkoii,3,0,,False,M.J.Dee,Trent Busuttin & Natalie Young,False,1,,,,,,,,,,,,,,,,,,,,,
NSW,Dubbo,3,1300,Good,4,2026-09-07,5196943,5468597,Paying,Maiden,11,False,5342799,Sir Skipalong,7,1,56,False,M.Weir,K.A.Kennedy,False,3,2,,,,,,,,,,,,,,,,,,,,
VIC,Tatura,3,1450,Soft,7,2026-09-07,5195854,5469647,Paying,Maiden,11,False,5342879,Deadly Devil,3,12,59.5,False,T.M.Nugent,O.M.Osborne,False,12,3,,,,,,,,,,,,,,,,,,,,
NSW,Dubbo,5,1000,Good,4,2026-09-07,5196943,5468595,Open,BM 58,12,False,5343063,May Be Bubbles,17,5,55,False,Z.A.Hunt,D.J.Smith,False,5,,Australia,Dubbo,5,2026-09-07 06:05:00+00:00,17,May Be Bubbles,12,Dabble,12.000,3.400,TOP3,600.000,10.000,1.99866644440740123354,-98.2012002000333388898140000000000000000000,1.650275045840973495583000,-88.6423766706215741835640000000000000000000,-82.3923766706215741838140000000000000000000,-66.8214424145662108620691903114186851211075,
NSW,Dubbo,5,1000,Good,4,2026-09-07,5196943,5468595,Open,BM 58,12,False,5343063,May Be Bubbles,17,5,55,False,Z.A.Hunt,D.J.Smith,False,5,,Australia,Dubbo,5,2026-09-07 06:05:00+00:00,17,May Be Bubbles,12,Ladbrokes,15.000,3.700,TOP3,600.000,10.000,2.49874979163193865644,-97.7511251875312552092040000000000000000000,2.100350058343057176196000,-87.4808549172609849394540000000000000000000,-82.4808549172609849392040000000000000000000,-67.6890360713880850122593323593864134404675,
NSW,Dubbo,5,1000,Good,4,2026-09-07,5196943,5468595,Open,BM 58,12,False,5343063,May Be Bubbles,17,5,55,False,Z.A.Hunt,D.J.Smith,False,5,,Australia,Dubbo,5,2026-09-07 06:05:00+00:00,17,May Be Bubbles,12,Sportsbet,15.000,3.600,TOP3,600.000,10.000,2.49874979163193865644,-97.7511251875312552092040000000000000000000,2.100350058343057176196000,-86.9177918541979218762040000000000000000000,-81.9177918541979218759540000000000000000000,-66.8714955579016255795836296296296296296300,
NSW,Dubbo,5,1000,Good,4,2026-09-07,5196943,5468595,Open,BM 58,12,False,5343063,May Be Bubbles,17,5,55,False,Z.A.Hunt,D.J.Smith,False,5,,Australia,Dubbo,5,2026-09-07 06:05:00+00:00,17,May Be Bubbles,12,UniBet,15.000,3.900,TOP3,600.000,10.000,2.49874979163193865644,-97.7511251875312552092040000000000000000000,2.100350058343057176196000,-88.5203559567620244402040000000000000000000,-83.5203559567620244399540000000000000000000,-69.2205531954208015601384181459566074950700,
NSW,Dubbo,5,1000,Good,4,2026-09-07,5196943,5468595,Open,BM 58,12,False,5343063,May Be Bubbles,17,5,55,False,Z.A.Hunt,D.J.Smith,False,5,,Australia,Dubbo,5,2026-09-07 06:05:00+00:00,17,May Be Bubbles,12,Surge ,15.000,3.800,TOP3,600.000,10.000,2.49874979163193865644,-97.7511251875312552092040000000000000000000,2.100350058343057176196000,-88.0142830822680973152040000000000000000000,-83.0142830822680973149540000000000000000000,-68.4713467941794546557864099722991689750700,
NSW,Dubbo,5,1000,Good,4,2026-09-07,5196943,5468595,Open,BM 58,12,False,5343063,May Be Bubbles,17,5,55,False,Z.A.Hunt,D.J.Smith,False,5,,Australia,Dubbo,5,2026-09-07 06:05:00+00:00,17,May Be Bubbles,12,Betr,15.000,3.700,TOP3,600.000,10.000,2.49874979163193865644,-97.7511251875312552092040000000000000000000,2.100350058343057176196000,-87.4808549172609849394540000000000000000000,-82.4808549172609849392040000000000000000000,-67.6890360713880850122593323593864134404675,
NSW,Dubbo,3,1300,Good,4,2026-09-07,5196943,5468597,Paying,Maiden,11,False,5343121,Denises Gal,12,2,55,False,I.Neale,K.W.Hazelton,False,7,,,,,,,,,,,,,,,,,,,,,
VIC,Tatura,6,1600,Soft,7,2026-09-07,5195854,5469645,Open,BM 0-57,12,False,5343155,Rogue Warrior,2,6,62,False,W.J.Egan,D.T.O'Brien,False,6,,Australia,Tatura,6,2026-09-07 06:00:00+00:00,2,Rogue Warrior,12,Dabble,2.050,1.240,TOP3,2.400,8.000,87.93103448275862068966,-19.1034482758620689655128000000000000000000,41.637931034482758620690000,-31.7903090154372066517628000000000000000000,4.7950568382213299332372000000000000000000,16.5016125093971884140605610822060353798125,
VIC,Tatura,6,1600,Soft,7,2026-09-07,5195854,5469645,Open,BM 0-57,12,False,5343155,Rogue Warrior,2,6,62,False,W.J.Egan,D.T.O'Brien,False,6,,Australia,Tatura,6,2026-09-07 06:00:00+00:00,2,Rogue Warrior,12,Ladbrokes,2.100,1.220,TOP3,2.400,8.000,90.08620689655172413793,-17.1206896551724137931044000000000000000000,43.620689655172413793103000,-27.0738512476782685943544000000000000000000,8.6404344666074456916456000000000000000000,19.7261641091766475189462584251545283525925,
VIC,Tatura,6,1600,Soft,7,2026-09-07,5195854,5469645,Open,BM 0-57,12,False,5343155,Rogue Warrior,2,6,62,False,W.J.Egan,D.T.O'Brien,False,6,,Australia,Tatura,6,2026-09-07 06:00:00+00:00,2,Rogue Warrior,12,Sportsbet,2.100,1.200,TOP3,2.400,8.000,90.08620689655172413793,-17.1206896551724137931044000000000000000000,43.620689655172413793103000,-26.0492610837438423653544000000000000000000,9.6650246305418719206456000000000000000000,20.0816912972085385874789333333333333333325,
VIC,Tatura,6,1600,Soft,7,2026-09-07,5195854,5469645,Open,BM 0-57,12,False,5343155,Rogue Warrior,2,6,62,False,W.J.Egan,D.T.O'Brien,False,6,,Australia,Tatura,6,2026-09-07 06:00:00+00:00,2,Rogue Warrior,12,UniBet,2.100,1.220,TOP3,2.400,8.000,90.08620689655172413793,-17.1206896551724137931044000000000000000000,43.620689655172413793103000,-27.0738512476782685943544000000000000000000,8.6404344666074456916456000000000000000000,19.7261641091766475189462584251545283525925,
VIC,Tatura,6,1600,Soft,7,2026-09-07,5195854,5469645,Open,BM 0-57,12,False,5343155,Rogue Warrior,2,6,62,False,W.J.Egan,D.T.O'Brien,False,6,,Australia,Tatura,6,2026-09-07 06:00:00+00:00,2,Rogue Warrior,12,Surge ,2.100,1.260,TOP3,2.400,8.000,90.08620689655172413793,-17.1206896551724137931044000000000000000000,43.620689655172413793103000,-29.0254515599343185558544000000000000000000,6.6888341543513957301456000000000000000000,18.9715250084708212783033853363567649281925,
VIC,Tatura,6,1600,Soft,7,2026-09-07,5195854,5469645,Open,BM 0-57,12,False,5343155,Rogue Warrior,2,6,62,False,W.J.Egan,D.T.O'Brien,False,6,,Australia,Tatura,6,2026-09-07 06:00:00+00:00,2,Rogue Warrior,12,Betr,2.100,1.150,TOP3,2.400,8.000,90.08620689655172413793,-17.1206896551724137931044000000000000000000,43.620689655172413793103000,-23.3318697793960162778544000000000000000000,12.3824159348896980081456000000000000000000,20.8890321919785448888360536862003780718325,
NSW,Dubbo,4,1400,Good,4,2026-09-07,5196943,5468594,Open,BM 0-57,14,False,5343371,Leica Queen,10,3,59,False,J.G.Stiff,P.H.Bloomfield,False,4,7,,,,,,,,,,,,,,,,,,,,
NSW,Dubbo,4,1400,Good,4,2026-09-07,5196943,5468594,Open,BM 0-57,14,False,5343393,Harriet,18,13,57.5,True,,L.R.Chandler,False,1,8,,,,,,,,,,,,,,,,,,,,
NSW,Grafton,4,1000,Good,4,2026-09-07,5194178,5468586,Interim,BM 58,9,False,5343499,Midwest Princess,9,13,55.5,False,G.Palmer,J.B.Reilly,False,10,2,,,,,,,,,,,,,,,,,,,,
VIC,Tatura,7,1980,Soft,7,2026-09-07,5195854,5469652,Open,BM 0-57,10,False,5343592,Lord Chapel,18,1,54,True,,R.A.Hockley,False,6,18,,,,,,,,,,,,,,,,,,,,
NSW,Grafton,6,1200,Good,4,2026-09-07,5194178,5468587,Open,BM 58,8,False,5343737,Warrior Bae,1,11,62,True,B.S.Lerena,M.J.Dunn,False,6,,,,,,,,,,,,,,,,,,,,,
WA,Lark Hill,13,950,Good,4,2026-09-07,5197375,5478891,Paying,Trial,10,True,5343744,Looming Star,2,0,,False,A.Galati,S.C.Dickson,True,1,,,,,,,,,,,,,,,,,,,,,
NSW,Dubbo,1,1000,,0,2026-09-07,5197837,5477831,FinalFields,Trial,8,True,5343817,Life Statement,3,0,,False,,W.T.Martyn,False,5,3,,,,,,,,,,,,,,,,,,,,
NSW,Grafton,6,1200,Good,4,2026-09-07,5194178,5468587,Open,BM 58,8,False,5343833,Excessor,6,10,59.5,True,,K.A.Lees,False,2,,,,,,,,,,,,,,,,,,,,,
VIC,Ballarat Synthetic,3,850,Synth,,2026-09-07,5197847,5478706,Paying,Trial,7,True,5343856,Cracked It,1,0,,False,L.Boyd,M.R.Smerdon,False,1,,,,,,,,,,,,,,,,,,,,,
VIC,Southside Cranbourne,2,1000,Synth,,2026-09-07,5197846,5479220,Paying,Trial,3,True,5343879,Shuwaib,2,0,,False,C.Hefel,Allan & Jason Williams,True,1,,,,,,,,,,,,,,,,,,,,,
VIC,Tatura,2,1000,Soft,7,2026-09-07,5195854,5469650,Paying,Maiden,10,False,5344154,Iron Stupa,7,11,59.5,False,W.Gordon,P.Kearney,False,1,,,,,,,,,,,,,,,,,,,,,
NSW,Grafton,1,1700,Soft,5,2026-09-07,5194178,5468591,Paying,Maiden,7,False,5344168,Play It Cool,4,2,59,False,A.R.Mccolm,D.L.Matts,False,10,,,,,,,,,,,,,,,,,,,,,
VIC,Tatura,5,1450,Soft,7,2026-09-07,5195854,5469646,Open,BM 0-57,7,False,5344444,Sir Loyne,5,3,62,False,L.King,W.B.Brisbourne,False,2,,Australia,Tatura,5,2026-09-07 05:30:00+00:00,5,Sir Loyne,8,Dabble,5.000,1.800,TOP3,10.000,8.000,50.30241935483870967742,-53.7217741935483870967736000000000000000000,37.096774193548387096774000,-42.0551075268817204297736000000000000000000,-27.0551075268817204297736000000000000000000,-8.5365890083632019112921185185185185185200,
VIC,Tatura,5,1450,Soft,7,2026-09-07,5195854,5469646,Open,BM 0-57,7,False,5344444,Sir Loyne,5,3,62,False,L.King,W.B.Brisbourne,False,2,,Australia,Tatura,5,2026-09-07 05:30:00+00:00,5,Sir Loyne,8,Ladbrokes,5.500,1.800,TOP3,10.000,8.000,55.34274193548387096774,-49.0846774193548387096792000000000000000000,41.733870967741935483871000,-34.6907380254154447696792000000000000000000,-21.0543743890518084061792000000000000000000,-2.5358558705332898876977185185185185185200,
VIC,Tatura,5,1450,Soft,7,2026-09-07,5195854,5469646,Open,BM 0-57,7,False,5344444,Sir Loyne,5,3,62,False,L.King,W.B.Brisbourne,False,2,,Australia,Tatura,5,2026-09-07 05:30:00+00:00,5,Sir Loyne,8,Sportsbet,5.500,1.750,TOP3,10.000,8.000,55.34274193548387096774,-49.0846774193548387096792000000000000000000,41.733870967741935483871000,-33.5002618349392542939292000000000000000000,-19.8638981985756179304292000000000000000000,-1.4965512598001077263322612244897959183675,
VIC,Tatura,5,1450,Soft,7,2026-09-07,5195854,5469646,Open,BM 0-57,7,False,5344444,Sir Loyne,5,3,62,False,L.King,W.B.Brisbourne,False,2,,Australia,Tatura,5,2026-09-07 05:30:00+00:00,5,Sir Loyne,8,UniBet,5.500,1.800,TOP3,10.000,8.000,55.34274193548387096774,-49.0846774193548387096792000000000000000000,41.733870967741935483871000,-34.6907380254154447696792000000000000000000,-21.0543743890518084061792000000000000000000,-2.5358558705332898876977185185185185185200,
VIC,Tatura,5,1450,Soft,7,2026-09-07,5195854,5469646,Open,BM 0-57,7,False,5344444,Sir Loyne,5,3,62,False,L.King,W.B.Brisbourne,False,2,,Australia,Tatura,5,2026-09-07 05:30:00+00:00,5,Sir Loyne,8,Surge ,5.500,1.850,TOP3,10.000,8.000,55.34274193548387096774,-49.0846774193548387096792000000000000000000,41.733870967741935483871000,-35.8168641515415708961792000000000000000000,-22.1805005151779345326792000000000000000000,-3.5537656722268753654005294375456537618700,
VIC,Tatura,5,1450,Soft,7,2026-09-07,5195854,5469646,Open,BM 0-57,7,False,5344444,Sir Loyne,5,3,62,False,L.King,W.B.Brisbourne,False,2,,Australia,Tatura,5,2026-09-07 05:30:00+00:00,5,Sir Loyne,8,Betr,5.500,1.720,TOP3,10.000,8.000,55.34274193548387096774,-49.0846774193548387096792000000000000000000,41.733870967741935483871000,-32.7527535292914137619292000000000000000000,-19.1163898929277773984292000000000000000000,-0.8632801038526016277962903190914007571675,
NSW,Grafton,7,1400,Good,4,2026-09-07,5194178,5468585,Open,BM 64,11,False,5344554,Valouri,14,6,55.5,True,D.L.Turner,M.J.Dunn,False,3,,,,,,,,,,,,,,,,,,,,,
NSW,Dubbo,3,1300,Good,4,2026-09-07,5196943,5468597,Paying,Maiden,11,False,5344724,Spicy Surprise,1,14,59,True,A.Farragher,Annabel & Rob Archibald,False,1,,,,,,,,,,,,,,,,,,,,,
NSW,Grafton,4,1000,Good,4,2026-09-07,5194178,5468586,Interim,BM 58,9,False,5344994,Prestige Pak,3,4,60,False,S.K.Rigley,Stephen & Jordan Lee,False,5,4,,,,,,,,,,,,,,,,,,,,
NSW,Grafton,1,940,,0,2026-09-07,5197814,5477829,FinalFields,Trial,6,True,5345455,Bingi,3,0,,False,,S.R.Osland,False,1,,,,,,,,,,,,,,,,,,,,,
NSW,Dubbo,1,1600,Good,4,2026-09-07,5196943,5468596,Paying,BM 58,8,False,5345624,Regalade,9,1,56.5,True,,B.Robb,False,9,,,,,,,,,,,,,,,,,,,,,
NSW,Dubbo,6,2200,Good,4,2026-09-07,5196943,5468593,Open,BM 58,13,False,5345624,Regalade,8,9,55,True,I.Neale,B.Robb,False,9,,,,,,,,,,,,,,,,,,,,,
VIC,Tatura,3,1450,Soft,7,2026-09-07,5195854,5469647,Paying,Maiden,11,False,5345652,Prestige Zerprise,5,5,59.5,False,B.Allen,M.Jenkins,False,5,6,,,,,,,,,,,,,,,,,,,,
NSW,Grafton,5,1600,Good,4,2026-09-07,5194178,5468589,Open,BM 58,10,False,5345755,Occupation,2,4,59,False,D.L.Turner,M.J.Dunn,False,5,,Australia,Grafton,5,2026-09-07 05:45:00+00:00,2,Occupation,10,Dabble,2.750,1.300,TOP3,6.600,10.000,42.15384615384615384615,-62.0615384615384615384650000000000000000000,24.230769230769230769231000,-58.9146853146853146847150000000000000000000,-31.6419580419580419577150000000000000000000,-18.3283485745024206559709171597633136094675,
NSW,Grafton,5,1600,Good,4,2026-09-07,5194178,5468589,Open,BM 58,10,False,5345755,Occupation,2,4,59,False,D.L.Turner,M.J.Dunn,False,5,,Australia,Grafton,5,2026-09-07 05:45:00+00:00,2,Occupation,10,Ladbrokes,2.800,1.350,TOP3,6.600,10.000,42.92307692307692307692,-61.3692307692307692307720000000000000000000,24.923076923076923076923000,-59.3851037851037851042720000000000000000000,-32.5993894993894993897720000000000000000000,-18.1960973183195405420086255144032921810700,
NSW,Grafton,5,1600,Good,4,2026-09-07,5194178,5468589,Open,BM 58,10,False,5345755,Occupation,2,4,59,False,D.L.Turner,M.J.Dunn,False,5,,Australia,Grafton,5,2026-09-07 05:45:00+00:00,2,Occupation,10,Sportsbet,2.800,1.300,TOP3,6.600,10.000,42.92307692307692307692,-61.3692307692307692307720000000000000000000,24.923076923076923076923000,-57.2483516483516483520220000000000000000000,-30.4626373626373626375220000000000000000000,-17.1490278951817413357779171597633136094675,
NSW,Grafton,5,1600,Good,4,2026-09-07,5194178,5468589,Open,BM 58,10,False,5345755,Occupation,2,4,59,False,D.L.Turner,M.J.Dunn,False,5,,Australia,Grafton,5,2026-09-07 05:45:00+00:00,2,Occupation,10,UniBet,2.900,1.300,TOP3,6.600,10.000,44.46153846153846153846,-59.9846153846153846153860000000000000000000,26.307692307692307692308000,-54.0164456233421750656360000000000000000000,-28.1543766578249336866360000000000000000000,-14.8407671903693123848919171597633136094675,
NSW,Grafton,5,1600,Good,4,2026-09-07,5194178,5468589,Open,BM 58,10,False,5345755,Occupation,2,4,59,False,D.L.Turner,M.J.Dunn,False,5,,Australia,Grafton,5,2026-09-07 05:45:00+00:00,2,Occupation,10,Surge ,2.800,1.300,TOP3,6.600,10.000,42.92307692307692307692,-61.3692307692307692307720000000000000000000,24.923076923076923076923000,-57.2483516483516483520220000000000000000000,-30.4626373626373626375220000000000000000000,-17.1490278951817413357779171597633136094675,
NSW,Grafton,5,1600,Good,4,2026-09-07,5194178,5468589,Open,BM 58,10,False,5345755,Occupation,2,4,59,False,D.L.Turner,M.J.Dunn,False,5,,Australia,Grafton,5,2026-09-07 05:45:00+00:00,2,Occupation,10,Betr,2.800,1.300,TOP3,6.600,10.000,42.92307692307692307692,-61.3692307692307692307720000000000000000000,24.923076923076923076923000,-57.2483516483516483520220000000000000000000,-30.4626373626373626375220000000000000000000,-17.1490278951817413357779171597633136094675,
VIC,Tatura,8,1000,Soft,7,2026-09-07,5195854,5469651,Open,BM 0-57,12,False,5345763,Ziggy Bama,2,12,63,True,C.B.Thompson,L.Smith,False,2,,,,,,,,,,,,,,,,,,,,,
NSW,Grafton,2,1200,Good,4,2026-09-07,5194178,5468590,Paying,Maiden,9,False,5345878,Bucket List,8,7,55,False,A.R.Mccolm,J.D.Shelton,False,5,,,,,,,,,,,,,,,,,,,,,
VIC,Ballarat Synthetic,3,850,Synth,,2026-09-07,5197847,5478706,Paying,Trial,7,True,5346088,Twister,2,0,,False,M.J.Lloyd,J.W.Edwards,False,1,,,,,,,,,,,,,,,,,,,,,
VIC,Tatura,8,1000,Soft,7,2026-09-07,5195854,5469651,Open,BM 0-57,12,False,5346114,Pacific Glamour,9,5,59,False,T.M.Nugent,N.G.Smyth,False,6,,Australia,Tatura,8,2026-09-07 07:00:00+00:00,9,Pacific Glamour,12,Dabble,3.000,1.450,TOP3,5.500,8.000,55.16605166051660516605,-49.2472324723247232472340000000000000000000,33.948339483394833948339000,-47.5230945412902404879840000000000000000000,-22.5230945412902404882340000000000000000000,-6.4707758730381596321593864447086801426875,
VIC,Tatura,8,1000,Soft,7,2026-09-07,5195854,5469651,Open,BM 0-57,12,False,5346114,Pacific Glamour,9,5,59,False,T.M.Nugent,N.G.Smyth,False,6,,Australia,Tatura,8,2026-09-07 07:00:00+00:00,9,Pacific Glamour,12,Ladbrokes,2.900,1.450,TOP3,5.500,8.000,53.32103321033210332103,-50.9446494464944649446524000000000000000000,32.250922509225092250923000,-50.9446494464944649439024000000000000000000,-25.0825804809772235649024000000000000000000,-9.0302618127251427088277864447086801426875,
VIC,Tatura,8,1000,Soft,7,2026-09-07,5195854,5469651,Open,BM 0-57,12,False,5346114,Pacific Glamour,9,5,59,False,T.M.Nugent,N.G.Smyth,False,6,,Australia,Tatura,8,2026-09-07 07:00:00+00:00,9,Pacific Glamour,12,Sportsbet,3.000,1.400,TOP3,5.500,8.000,55.16605166051660516605,-49.2472324723247232472340000000000000000000,33.948339483394833948339000,-45.6758039008961518184840000000000000000000,-20.6758039008961518187340000000000000000000,-5.3696814519165599818615510204081632653075,
VIC,Tatura,8,1000,Soft,7,2026-09-07,5195854,5469651,Open,BM 0-57,12,False,5346114,Pacific Glamour,9,5,59,False,T.M.Nugent,N.G.Smyth,False,6,,Australia,Tatura,8,2026-09-07 07:00:00+00:00,9,Pacific Glamour,12,UniBet,3.100,1.380,TOP3,5.500,8.000,57.01107011070110701107,-47.5498154981549815498156000000000000000000,35.645756457564575645756000,-41.5890861853920081973156000000000000000000,-17.3955377982952340038156000000000000000000,-2.4301943830463367134964443604284814114700,
VIC,Tatura,8,1000,Soft,7,2026-09-07,5195854,5469651,Open,BM 0-57,12,False,5346114,Pacific Glamour,9,5,59,False,T.M.Nugent,N.G.Smyth,False,6,,Australia,Tatura,8,2026-09-07 07:00:00+00:00,9,Pacific Glamour,12,Surge ,3.000,1.450,TOP3,5.500,8.000,55.16605166051660516605,-49.2472324723247232472340000000000000000000,33.948339483394833948339000,-47.5230945412902404879840000000000000000000,-22.5230945412902404882340000000000000000000,-6.4707758730381596321593864447086801426875,
VIC,Tatura,8,1000,Soft,7,2026-09-07,5195854,5469651,Open,BM 0-57,12,False,5346114,Pacific Glamour,9,5,59,False,T.M.Nugent,N.G.Smyth,False,6,,Australia,Tatura,8,2026-09-07 07:00:00+00:00,9,Pacific Glamour,12,Betr,3.000,1.420,TOP3,5.500,8.000,55.16605166051660516605,-49.2472324723247232472340000000000000000000,33.948339483394833948339000,-46.4303310638740190212340000000000000000000,-21.4303310638740190214840000000000000000000,-5.8084306472900079126374417774251140646700,
VIC,Tatura,4,1450,Soft,7,2026-09-07,5195854,5469649,Paying,BM 0-57,8,False,5346246,Licentious,4,5,62,True,H.Durnan,Leon & Troy Corstens & Will Larkin,False,5,,,,,,,,,,,,,,,,,,,,,
VIC,Tatura,2,1000,Soft,7,2026-09-07,5195854,5469650,Paying,Maiden,10,False,5346399,Bee Admired,9,17,57.5,True,V.L.Boeuf,C.J.Littlefield,False,1,,,,,,,,,,,,,,,,,,,,,
VIC,Southside Cranbourne,2,1000,Synth,,2026-09-07,5197846,5479220,Paying,Trial,3,True,5346454,Mount Sabyinyo,3,0,,False,M.J.Dee,Trent Busuttin & Natalie Young,False,1,,,,,,,,,,,,,,,,,,,,,
NSW,Dubbo,3,1300,Good,4,2026-09-07,5196943,5468597,Paying,Maiden,11,False,5346729,Supergrace,14,7,55,False,J.G.Stiff,S.A.Torrens,False,3,5,,,,,,,,,,,,,,,,,,,,
NSW,Grafton,5,1600,Good,4,2026-09-07,5194178,5468589,Open,BM 58,10,False,5346830,Artie Lady,9,11,55,True,,M.J.Dunn,False,4,,,,,,,,,,,,,,,,,,,,,
NSW,Grafton,2,1200,Good,4,2026-09-07,5194178,5468590,Paying,Maiden,9,False,5346848,Sarmat,1,9,59,False,S.Cummins,B.J.Dodson,False,1,,,,,,,,,,,,,,,,,,,,,
NSW,Dubbo,2,1000,Good,4,2026-09-07,5196943,5468598,Paying,Maiden,11,False,5346970,Mind Battlefield,6,1,57,False,J.D.Frari,M.D.Harrison,False,2,6,,,,,,,,,,,,,,,,,,,,
VIC,Tatura,5,1450,Soft,7,2026-09-07,5195854,5469646,Open,BM 0-57,7,False,5346972,Strongside,4,13,62.5,True,C.E.Hollowood,V.M.Madigan,False,1,,,,,,,,,,,,,,,,,,,,,
VIC,Tatura,3,1450,Soft,7,2026-09-07,5195854,5469647,Paying,Maiden,11,False,5346975,Masakari,4,3,59.5,False,M.T.Aitken,John & Chris Ledger,False,4,,,,,,,,,,,,,,,,,,,,,
VIC,Tatura,2,1000,Soft,7,2026-09-07,5195854,5469650,Paying,Maiden,10,False,5347002,Dimachaerus,5,14,59.5,True,D.G.Thornton,T.L.Fitzsimmons,False,1,,,,,,,,,,,,,,,,,,,,,
NSW,Dubbo,1,1600,Good,4,2026-09-07,5196943,5468596,Paying,BM 58,8,False,5347061,Spectacular Star,11,8,56.5,True,,B.R.E.Thompson,False,5,,,,,,,,,,,,,,,,,,,,,
NSW,Dubbo,3,1300,Good,4,2026-09-07,5196943,5468597,Paying,Maiden,11,False,5347061,Spectacular Star,17,17,55,True,,B.R.E.Thompson,False,5,,,,,,,,,,,,,,,,,,,,,
WA,Lark Hill,14,950,Good,4,2026-09-07,5197375,5478892,Paying,Trial,9,True,5347186,Kiora Kuini,10,0,,False,P.J.Carbery,B.A.Miller,True,1,,,,,,,,,,,,,,,,,,,,,
VIC,Tatura,3,1450,Soft,7,2026-09-07,5195854,5469647,Paying,Maiden,11,False,5347486,Pride Of Mandy,10,10,57.5,True,D.G.Thornton,C.I.Brown,False,7,,,,,,,,,,,,,,,,,,,,,
NSW,Dubbo,1,1000,,0,2026-09-07,5197837,5477831,FinalFields,Trial,8,True,5347588,Inyun,8,0,,False,,D.R.Mirfin,False,1,,,,,,,,,,,,,,,,,,,,,
WA,Lark Hill,15,950,Good,4,2026-09-07,5197375,5478893,Paying,Trial,8,True,5347661,Cachaca,3,0,,False,B.M.Parnham,M.L.Lane,False,1,,,,,,,,,,,,,,,,,,,,,
WA,Lark Hill,15,950,Good,4,2026-09-07,5197375,5478893,Paying,Trial,8,True,5347740,Tagolorian,4,0,,False,V.A.Corver,R.P.Hill,False,1,,,,,,,,,,,,,,,,,,,,,
VIC,Tatura,5,1450,Soft,7,2026-09-07,5195854,5469646,Open,BM 0-57,7,False,5347755,Ornos,10,1,61,False,W.J.Egan,D.T.O'Brien,False,1,,Australia,Tatura,5,2026-09-07 05:30:00+00:00,10,Ornos,8,Dabble,3.100,1.340,TOP3,5.400,8.000,58.08270676691729323308,-46.5639097744360902255664000000000000000000,36.315789473684210526316000,-38.9808572948982953288164000000000000000000,-14.7873089078015211353164000000000000000000,-0.5859277538696877649379749610158164401875,
VIC,Tatura,5,1450,Soft,7,2026-09-07,5195854,5469646,Open,BM 0-57,7,False,5347755,Ornos,10,1,61,False,W.J.Egan,D.T.O'Brien,False,1,,Australia,Tatura,5,2026-09-07 05:30:00+00:00,10,Ornos,8,Ladbrokes,3.100,1.400,TOP3,5.400,8.000,58.08270676691729323308,-46.5639097744360902255664000000000000000000,36.315789473684210526316000,-41.3795779772010671843164000000000000000000,-17.1860295901042929908164000000000000000000,-1.8799071411247011539439510204081632653075,
VIC,Tatura,5,1450,Soft,7,2026-09-07,5195854,5469646,Open,BM 0-57,7,False,5347755,Ornos,10,1,61,False,W.J.Egan,D.T.O'Brien,False,1,,Australia,Tatura,5,2026-09-07 05:30:00+00:00,10,Ornos,8,Sportsbet,3.100,1.330,TOP3,5.400,8.000,58.08270676691729323308,-46.5639097744360902255664000000000000000000,36.315789473684210526316000,-38.5600291050206160563164000000000000000000,-14.3664807179238418628164000000000000000000,-0.3747344349231069427385974108202837921875,
VIC,Tatura,5,1450,Soft,7,2026-09-07,5195854,5469646,Open,BM 0-57,7,False,5347755,Ornos,10,1,61,False,W.J.Egan,D.T.O'Brien,False,1,,Australia,Tatura,5,2026-09-07 05:30:00+00:00,10,Ornos,8,UniBet,3.200,1.340,TOP3,5.400,8.000,59.96240601503759398496,-44.8345864661654135338368000000000000000000,38.045112781954887218045000,-35.7394372124340702500868000000000000000000,-12.3019372124340702500868000000000000000000,1.8994439414977631202916250389841835598125,
VIC,Tatura,5,1450,Soft,7,2026-09-07,5195854,5469646,Open,BM 0-57,7,False,5347755,Ornos,10,1,61,False,W.J.Egan,D.T.O'Brien,False,1,,Australia,Tatura,5,2026-09-07 05:30:00+00:00,10,Ornos,8,Surge ,3.100,1.350,TOP3,5.400,8.000,58.08270676691729323308,-46.5639097744360902255664000000000000000000,36.315789473684210526316000,-39.3954509930740830570664000000000000000000,-15.2019026059773088635664000000000000000000,-0.7986104249073500158030255144032921810700,
VIC,Tatura,5,1450,Soft,7,2026-09-07,5195854,5469646,Open,BM 0-57,7,False,5347755,Ornos,10,1,61,False,W.J.Egan,D.T.O'Brien,False,1,,Australia,Tatura,5,2026-09-07 05:30:00+00:00,10,Ornos,8,Betr,3.100,1.300,TOP3,5.400,8.000,58.08270676691729323308,-46.5639097744360902255664000000000000000000,36.315789473684210526316000,-37.2586988563219463048164000000000000000000,-13.0651504692251721113164000000000000000000,0.2484589982304491904276828402366863905325,
VIC,Tatura,4,1450,Soft,7,2026-09-07,5195854,5469649,Paying,BM 0-57,8,False,5347766,Pomah,2,7,62.5,False,D.G.Thornton,D.T.O'Brien,False,2,,,,,,,,,,,,,,,,,,,,,
WA,Lark Hill,6,950,Good,4,2026-09-07,5197375,5478877,Paying,Trial,6,True,5347862,Wheely,1,0,,False,W.A.Pike,M.P.Grantham,False,1,,,,,,,,,,,,,,,,,,,,,
VIC,Tatura,5,1450,Soft,7,2026-09-07,5195854,5469646,Open,BM 0-57,7,False,5347906,Brazen Warrior,7,6,61.5,True,J.Martin,P.B.Payne,False,5,,,,,,,,,,,,,,,,,,,,,
VIC,Tatura,8,1000,Soft,7,2026-09-07,5195854,5469651,Open,BM 0-57,12,False,5348267,Divine Empress,6,15,60,True,Z.Spain,J.Warren,False,1,,,,,,,,,,,,,,,,,,,,,
VIC,Cranbourne-Trn,1,1000,,0,2026-09-07,5197805,5477680,FinalFields,Trial,8,True,5348312,Ferivia,7,0,,False,,Phillip & Tommy Stokes,False,1,,,,,,,,,,,,,,,,,,,,,
NSW,Grafton,1,1700,Soft,5,2026-09-07,5194178,5468591,Paying,Maiden,7,False,5348526,Latin Lights,7,1,57,False,A.J.Mallyon,M.J.Dunn,False,3,,,,,,,,,,,,,,,,,,,,,
WA,Lark Hill,5,950,Soft,5,2026-09-07,5197375,5478876,Paying,Trial,6,True,5348856,Billionaires Row,1,0,,False,L.F.Fiore,Grant & Alana Williams,False,1,,,,,,,,,,,,,,,,,,,,,
VIC,Tatura,6,1600,Soft,7,2026-09-07,5195854,5469645,Open,BM 0-57,12,False,5349033,Crown Of Russia,1,8,62.5,False,D.G.Thornton,D.T.O'Brien,False,1,,Australia,Tatura,6,2026-09-07 06:00:00+00:00,1,Crown Of Russia,12,Dabble,7.000,2.350,TOP3,15.500,8.000,45.33073929961089494163,-58.2957198443579766537004000000000000000000,35.797665369649805447471000,-47.8093976559081286287004000000000000000000,-37.0951119416224143432004000000000000000000,-18.7610241190782767243303230421004979628800,
VIC,Tatura,6,1600,Soft,7,2026-09-07,5195854,5469645,Open,BM 0-57,12,False,5349033,Crown Of Russia,1,8,62.5,False,D.G.Thornton,D.T.O'Brien,False,1,,Australia,Tatura,6,2026-09-07 06:00:00+00:00,1,Crown Of Russia,12,Ladbrokes,7.000,2.150,TOP3,15.500,8.000,45.33073929961089494163,-58.2957198443579766537004000000000000000000,35.797665369649805447471000,-44.8405703426968470852004000000000000000000,-34.1262846284111327997004000000000000000000,-15.4675501773565086785562680367766360194700,
VIC,Tatura,6,1600,Soft,7,2026-09-07,5195854,5469645,Open,BM 0-57,12,False,5349033,Crown Of Russia,1,8,62.5,False,D.G.Thornton,D.T.O'Brien,False,1,,Australia,Tatura,6,2026-09-07 06:00:00+00:00,1,Crown Of Russia,12,Sportsbet,7.500,2.100,TOP3,15.500,8.000,48.57328145265888456550,-55.3125810635538261997400000000000000000000,38.780804150453955901427000,-39.5982953492681119132400000000000000000000,-29.5982953492681119134900000000000000000000,-10.8908123560708330019117687074829931972800,
VIC,Tatura,6,1600,Soft,7,2026-09-07,5195854,5469645,Open,BM 0-57,12,False,5349033,Crown Of Russia,1,8,62.5,False,D.G.Thornton,D.T.O'Brien,False,1,,Australia,Tatura,6,2026-09-07 06:00:00+00:00,1,Crown Of Russia,12,UniBet,7.500,2.300,TOP3,15.500,8.000,48.57328145265888456550,-55.3125810635538261997400000000000000000000,38.780804150453955901427000,-42.7038854113799131559900000000000000000000,-32.7038854113799131562400000000000000000000,-14.2728835210207449143037996219281663516075,
VIC,Tatura,6,1600,Soft,7,2026-09-07,5195854,5469645,Open,BM 0-57,12,False,5349033,Crown Of Russia,1,8,62.5,False,D.G.Thornton,D.T.O'Brien,False,1,,Australia,Tatura,6,2026-09-07 06:00:00+00:00,1,Crown Of Russia,12,Surge ,7.000,2.350,TOP3,15.500,8.000,45.33073929961089494163,-58.2957198443579766537004000000000000000000,35.797665369649805447471000,-47.8093976559081286287004000000000000000000,-37.0951119416224143432004000000000000000000,-18.7610241190782767243303230421004979628800,
VIC,Tatura,6,1600,Soft,7,2026-09-07,5195854,5469645,Open,BM 0-57,12,False,5349033,Crown Of Russia,1,8,62.5,False,D.G.Thornton,D.T.O'Brien,False,1,,Australia,Tatura,6,2026-09-07 06:00:00+00:00,1,Crown Of Russia,12,Betr,7.500,2.150,TOP3,15.500,8.000,48.57328145265888456550,-55.3125810635538261997400000000000000000000,38.780804150453955901427000,-40.4288601333212680597400000000000000000000,-30.4288601333212680599900000000000000000000,-11.7701256822666439388458680367766360194700,
WA,Lark Hill,13,950,Good,4,2026-09-07,5197375,5478891,Paying,Trial,10,True,5349227,Angel Of Dreams,1,0,,False,Z.T.Johnston-Porter,R.H.A.Gulberti,True,1,,,,,,,,,,,,,,,,,,,,,
WA,Lark Hill,15,950,Good,4,2026-09-07,5197375,5478893,Paying,Trial,8,True,5349315,Pacific Frost,9,0,,False,J.R.Azzopardi,B.P.Fitz-Gerald,False,1,,,,,,,,,,,,,,,,,,,,,
WA,Lark Hill,13,950,Good,4,2026-09-07,5197375,5478891,Paying,Trial,10,True,5349436,Wahoochino,8,0,,False,C.T.Johnston-Porter,H.M.Taylor,False,1,,,,,,,,,,,,,,,,,,,,,
VIC,Southside Cranbourne,4,760,Synth,,2026-09-07,5197846,5479222,Paying,Trial,7,True,5349506,Flight Du Jour,3,0,,False,C.Hefel,L.M.Kennewell,True,1,,,,,,,,,,,,,,,,,,,,,
NSW,Dubbo,3,1300,Good,4,2026-09-07,5196943,5468597,Paying,Maiden,11,False,5349595,Spiritual Force,16,4,55,True,J.Pracey-Holmes,J.R.Gask,False,2,,,,,,,,,,,,,,,,,,,,,
WA,Lark Hill,14,950,Good,4,2026-09-07,5197375,5478892,Paying,Trial,9,True,5349664,Squad Goal,6,0,,False,J.Noske,T.F.N.Noske,True,1,,,,,,,,,,,,,,,,,,,,,
NSW,Dubbo,2,1000,Good,4,2026-09-07,5196943,5468598,Paying,Maiden,11,False,5349759,Knights Templar,2,9,59,False,K.Nestor,M.G.Cooper,True,1,,,,,,,,,,,,,,,,,,,,,
NSW,Dubbo,1,1600,Good,4,2026-09-07,5196943,5468596,Paying,BM 58,8,False,5349787,Media Spin,1,7,59,False,Z.A.Hunt,C.J.Lundholm,False,5,,,,,,,,,,,,,,,,,,,,,
WA,Lark Hill,13,950,Good,4,2026-09-07,5197375,5478891,Paying,Trial,10,True,5349960,Shes Da Val,3,0,,True,,S.C.Dickson,False,1,,,,,,,,,,,,,,,,,,,,,
NSW,Dubbo,3,1300,Good,4,2026-09-07,5196943,5468597,Paying,Maiden,11,False,5350115,Van Duke,6,12,57,True,K.Nestor,W.T.Wilkes,False,2,,,,,,,,,,,,,,,,,,,,,
VIC,Cranbourne-Trn,1,1000,,0,2026-09-07,5197805,5477680,FinalFields,Trial,8,True,5350665,Grand Omaha,5,0,,False,,M.Laurie,False,1,,,,,,,,,,,,,,,,,,,,,
WA,Lark Hill,14,950,Good,4,2026-09-07,5197375,5478892,Paying,Trial,9,True,5350772,Harveys Wish,5,0,,True,V.A.Corver,R.P.Hill,False,1,,,,,,,,,,,,,,,,,,,,,
NSW,Dubbo,3,1300,Good,4,2026-09-07,5196943,5468597,Paying,Maiden,11,False,5350782,Peerless Son,3,8,57.5,False,A.Bullock,R.Northam,False,4,,,,,,,,,,,,,,,,,,,,,
WA,Lark Hill,15,950,Good,4,2026-09-07,5197375,5478893,Paying,Trial,8,True,5351302,Broda,2,0,,True,,S.C.Dickson,True,1,,,,,,,,,,,,,,,,,,,,,
WA,Lark Hill,14,950,Good,4,2026-09-07,5197375,5478892,Paying,Trial,9,True,5351303,Poppys Roses,8,0,,False,C.T.Johnston-Porter,H.M.Taylor,False,1,7,,,,,,,,,,,,,,,,,,,,
WA,Lark Hill,13,950,Good,4,2026-09-07,5197375,5478891,Paying,Trial,10,True,5351478,Snippets Of Gold,4,0,,False,J.S.Whiting,G.C.Ballantyne,True,1,,,,,,,,,,,,,,,,,,,,,
NSW,Grafton,1,940,,0,2026-09-07,5197814,5477829,FinalFields,Trial,6,True,5351733,Our Smooth Nik,4,0,,False,J.Worley,K.H.King,False,1,,,,,,,,,,,,,,,,,,,,,
VIC,Tatura,7,1980,Soft,7,2026-09-07,5195854,5469652,Open,BM 0-57,10,False,5352120,Stole Him,5,4,60.5,True,R.J.Hurdle,J.Warren,False,3,,,,,,,,,,,,,,,,,,,,,
NSW,Dubbo,5,1000,Good,4,2026-09-07,5196943,5468595,Open,BM 58,12,False,5352307,Hard Choice,9,14,59,True,,B.R.E.Thompson,False,2,,,,,,,,,,,,,,,,,,,,,
VIC,Tatura,7,1980,Soft,7,2026-09-07,5195854,5469652,Open,BM 0-57,10,False,5352591,Lady Elsa,6,10,60,True,J.B.Stanley,C.J.Littlefield,False,4,,,,,,,,,,,,,,,,,,,,,
WA,Lark Hill,15,950,Good,4,2026-09-07,5197375,5478893,Paying,Trial,8,True,5352811,Chino City,1,0,,False,J.J.Lyon,Grant & Alana Williams,True,1,,,,,,,,,,,,,,,,,,,,,
VIC,Tatura,2,1000,Soft,7,2026-09-07,5195854,5469650,Paying,Maiden,10,False,5352920,Cries And Whispers,4,12,59.5,True,L.King,W.B.Brisbourne,False,4,,,,,,,,,,,,,,,,,,,,,
WA,Lark Hill,5,950,Soft,5,2026-09-07,5197375,5478876,Paying,Trial,6,True,5352976,Girls On Fire,3,0,,False,A.P.Hearn,M.L.Lane,False,1,,,,,,,,,,,,,,,,,,,,,
NSW,Dubbo,3,1300,Good,4,2026-09-07,5196943,5468597,Paying,Maiden,11,False,5352997,Eclair Coming,4,3,57,False,D.Dillon,B.R.E.Thompson,False,3,2,,,,,,,,,,,,,,,,,,,,
WA,Lark Hill,14,950,Good,4,2026-09-07,5197375,5478892,Paying,Trial,9,True,5353049,Von Rommel,2,0,,False,Z.T.Johnston-Porter,R.H.A.Gulberti,True,1,,,,,,,,,,,,,,,,,,,,,
WA,Lark Hill,6,950,Good,4,2026-09-07,5197375,5478877,Paying,Trial,6,True,5353286,Kanas Mtoto,4,0,,True,,S.C.Dickson,False,1,,,,,,,,,,,,,,,,,,,,,
WA,Lark Hill,13,950,Good,4,2026-09-07,5197375,5478891,Paying,Trial,10,True,5353887,Passionenuff,6,0,,False,S.F.Mcgruddy,R.I.Bayliss,False,1,,,,,,,,,,,,,,,,,,,,,
VIC,Tatura,2,1000,Soft,7,2026-09-07,5195854,5469650,Paying,Maiden,10,False,5353933,He Xiangu,18,6,57.5,True,,F.M.Watts,False,5,,,,,,,,,,,,,,,,,,,,,
NSW,Grafton,6,1200,Good,4,2026-09-07,5194178,5468587,Open,BM 58,8,False,5353940,Copenhagen Cat,12,6,55.5,False,S.K.Rigley,Stephen & Jordan Lee,False,3,,Australia,Grafton,6,2026-09-07 06:20:00+00:00,12,Copenhagen Cat,8,Dabble,9.000,2.500,TOP3,250.000,10.000,3.59743897559023609444,-96.7623049219687875150040000000000000000000,2.881152460984393757503000,-83.4289715886354541815040000000000000000000,-75.0956382553021208482540000000000000000000,-57.0956382553021208482540000000000000000000,
NSW,Grafton,6,1200,Good,4,2026-09-07,5194178,5468587,Open,BM 58,8,False,5353940,Copenhagen Cat,12,6,55.5,False,S.K.Rigley,Stephen & Jordan Lee,False,3,,Australia,Grafton,6,2026-09-07 06:20:00+00:00,12,Copenhagen Cat,8,Ladbrokes,12.000,2.800,TOP3,250.000,10.000,4.79791916766706682673,-95.6818727490996398559430000000000000000000,3.961584633853541416567000,-81.3961584633853541409430000000000000000000,-75.1461584633853541411930000000000000000000,-57.9267707082833133248052448979591836734700,
NSW,Grafton,6,1200,Good,4,2026-09-07,5194178,5468587,Open,BM 58,8,False,5353940,Copenhagen Cat,12,6,55.5,False,S.K.Rigley,Stephen & Jordan Lee,False,3,,Australia,Grafton,6,2026-09-07 06:20:00+00:00,12,Copenhagen Cat,8,Sportsbet,9.500,2.600,TOP3,250.000,10.000,3.79751900760304121649,-96.5822328931572629051590000000000000000000,3.061224489795918367347000,-83.5255527312139430681590000000000000000000,-75.6308158891086799099090000000000000000000,-57.8793365991678515076220177514792899408300,
NSW,Grafton,6,1200,Good,4,2026-09-07,5194178,5468587,Open,BM 58,8,False,5353940,Copenhagen Cat,12,6,55.5,False,S.K.Rigley,Stephen & Jordan Lee,False,3,,Australia,Grafton,6,2026-09-07 06:20:00+00:00,12,Copenhagen Cat,8,UniBet,11.000,2.500,TOP3,250.000,10.000,4.39775910364145658263,-96.0420168067226890756330000000000000000000,3.601440576230492196879000,-79.6783804430863254391330000000000000000000,-72.8601986249045072573830000000000000000000,-54.8601986249045072573830000000000000000000,
NSW,Grafton,6,1200,Good,4,2026-09-07,5194178,5468587,Open,BM 58,8,False,5353940,Copenhagen Cat,12,6,55.5,False,S.K.Rigley,Stephen & Jordan Lee,False,3,,Australia,Grafton,6,2026-09-07 06:20:00+00:00,12,Copenhagen Cat,8,Surge ,11.000,2.800,TOP3,250.000,10.000,4.39775910364145658263,-96.0420168067226890756330000000000000000000,3.601440576230492196879000,-82.8926661573720397246330000000000000000000,-76.0744843391902215428830000000000000000000,-58.8550965840881807264952448979591836734700,
NSW,Grafton,6,1200,Good,4,2026-09-07,5194178,5468587,Open,BM 58,8,False,5353940,Copenhagen Cat,12,6,55.5,False,S.K.Rigley,Stephen & Jordan Lee,False,3,,Australia,Grafton,6,2026-09-07 06:20:00+00:00,12,Copenhagen Cat,8,Betr,12.000,2.850,TOP3,250.000,10.000,4.79791916766706682673,-95.6818727490996398559430000000000000000000,3.961584633853541416567000,-81.8660832754154293291930000000000000000000,-75.6160832754154293294430000000000000000000,-58.5339041433748014439593896583564173591875,
WA,Lark Hill,13,950,Good,4,2026-09-07,5197375,5478891,Paying,Trial,10,True,5353992,Chouxfatwentychoux,9,0,,False,B.M.Gaerth,C.B.Ellery,True,1,,,,,,,,,,,,,,,,,,,,,
NSW,Grafton,5,1600,Good,4,2026-09-07,5194178,5468589,Open,BM 58,10,False,5354299,Predict The Future,5,8,57,False,G.Palmer,S.Mcguren,False,7,,Australia,Grafton,5,2026-09-07 05:45:00+00:00,5,Predict The Future,10,Dabble,8.500,2.600,TOP3,250.000,10.000,3.39735894357743097239,-96.9423769507803121248490000000000000000000,2.701080432172869147659000,-85.7432819281558777353490000000000000000000,-76.9197525163911718533490000000000000000000,-59.1682732264503434510620177514792899408300,
NSW,Grafton,5,1600,Good,4,2026-09-07,5194178,5468589,Open,BM 58,10,False,5354299,Predict The Future,5,8,57,False,G.Palmer,S.Mcguren,False,7,,Australia,Grafton,5,2026-09-07 05:45:00+00:00,5,Predict The Future,10,Ladbrokes,10.000,2.700,TOP3,250.000,10.000,3.99759903961584633854,-96.4021608643457382953140000000000000000000,3.241296518607442977191000,-83.6243830865679605175640000000000000000000,-76.1243830865679605175640000000000000000000,-58.6346711524115819167481563786008230452675,
NSW,Grafton,5,1600,Good,4,2026-09-07,5194178,5468589,Open,BM 58,10,False,5354299,Predict The Future,5,8,57,False,G.Palmer,S.Mcguren,False,7,,Australia,Grafton,5,2026-09-07 05:45:00+00:00,5,Predict The Future,10,Sportsbet,10.000,2.750,TOP3,250.000,10.000,3.99759903961584633854,-96.4021608643457382953140000000000000000000,3.241296518607442977191000,-84.1294335916184655683140000000000000000000,-76.6294335916184655683140000000000000000000,-59.2740616907920192873966446280991735537200,
NSW,Grafton,5,1600,Good,4,2026-09-07,5194178,5468589,Open,BM 58,10,False,5354299,Predict The Future,5,8,57,False,G.Palmer,S.Mcguren,False,7,,Australia,Grafton,5,2026-09-07 05:45:00+00:00,5,Predict The Future,10,UniBet,10.000,2.800,TOP3,250.000,10.000,3.99759903961584633854,-96.4021608643457382953140000000000000000000,3.241296518607442977191000,-84.6164465786314525808140000000000000000000,-77.1164465786314525808140000000000000000000,-59.8970588235294117644262448979591836734700,
NSW,Grafton,5,1600,Good,4,2026-09-07,5194178,5468589,Open,BM 58,10,False,5354299,Predict The Future,5,8,57,False,G.Palmer,S.Mcguren,False,7,,Australia,Grafton,5,2026-09-07 05:45:00+00:00,5,Predict The Future,10,Surge ,10.000,2.800,TOP3,250.000,10.000,3.99759903961584633854,-96.4021608643457382953140000000000000000000,3.241296518607442977191000,-84.6164465786314525808140000000000000000000,-77.1164465786314525808140000000000000000000,-59.8970588235294117644262448979591836734700,
NSW,Grafton,5,1600,Good,4,2026-09-07,5194178,5468589,Open,BM 58,10,False,5354299,Predict The Future,5,8,57,False,G.Palmer,S.Mcguren,False,7,,Australia,Grafton,5,2026-09-07 05:45:00+00:00,5,Predict The Future,10,Betr,10.000,2.700,TOP3,250.000,10.000,3.99759903961584633854,-96.4021608643457382953140000000000000000000,3.241296518607442977191000,-83.6243830865679605175640000000000000000000,-76.1243830865679605175640000000000000000000,-58.6346711524115819167481563786008230452675,
WA,Lark Hill,5,950,Soft,5,2026-09-07,5197375,5478876,Paying,Trial,6,True,5354324,Chino Bay,6,0,,False,B.M.Gaerth,S.J.Miller,False,1,5,,,,,,,,,,,,,,,,,,,,
VIC,Tatura,2,1000,Soft,7,2026-09-07,5195854,5469650,Paying,Maiden,10,False,5354421,Buckethead,2,13,59.5,False,P.M.Moloney,A.C.Peterson,True,1,,,,,,,,,,,,,,,,,,,,,
VIC,Tatura,2,1000,Soft,7,2026-09-07,5195854,5469650,Paying,Maiden,10,False,5354507,Meggie Noodles,10,7,57.5,True,A.Mccabe,L.J.Sullivan,True,1,,,,,,,,,,,,,,,,,,,,,
VIC,Cranbourne-Trn,1,1000,,0,2026-09-07,5197805,5477680,FinalFields,Trial,8,True,5354534,Regal Award,6,0,,False,,Phillip & Tommy Stokes,False,6,,,,,,,,,,,,,,,,,,,,,
NSW,Grafton,2,1200,Good,4,2026-09-07,5194178,5468590,Paying,Maiden,9,False,5354536,Chop Chop Go,9,8,55,False,T.Brooker,R.E.Beaton,False,1,,,,,,,,,,,,,,,,,,,,,
VIC,Tatura,5,1450,Soft,7,2026-09-07,5195854,5469646,Open,BM 0-57,7,False,5354587,Kokonda,2,5,62.5,False,J.Duffy,C.A.Weeding,False,2,,Australia,Tatura,5,2026-09-07 05:30:00+00:00,2,Kokonda,8,Dabble,4.200,1.550,TOP3,8.200,8.000,51.60098522167487684729,-52.5270935960591133004932000000000000000000,36.256157635467980295567000,-39.8542825361512791994932000000000000000000,-21.9971396790084220564932000000000000000000,-4.8275246946171629513662489073881373569200,
VIC,Tatura,5,1450,Soft,7,2026-09-07,5195854,5469646,Open,BM 0-57,7,False,5354587,Kokonda,2,5,62.5,False,J.Duffy,C.A.Weeding,False,2,,Australia,Tatura,5,2026-09-07 05:30:00+00:00,2,Kokonda,8,Ladbrokes,4.400,1.600,TOP3,8.200,8.000,54.06403940886699507389,-50.2610837438423645320212000000000000000000,38.522167487684729064039000,-37.4769928347514554415212000000000000000000,-20.4315382892969099867712000000000000000000,-2.8534132892969099867712000000000000000000,
VIC,Tatura,5,1450,Soft,7,2026-09-07,5195854,5469646,Open,BM 0-57,7,False,5354587,Kokonda,2,5,62.5,False,J.Duffy,C.A.Weeding,False,2,,Australia,Tatura,5,2026-09-07 05:30:00+00:00,2,Kokonda,8,Sportsbet,4.400,1.570,TOP3,8.200,8.000,54.06403940886699507389,-50.2610837438423645320212000000000000000000,38.522167487684729064039000,-36.5812921978087802822712000000000000000000,-19.5358376523542348275212000000000000000000,-2.1923348733368304703503918536248935048075,
VIC,Tatura,5,1450,Soft,7,2026-09-07,5195854,5469646,Open,BM 0-57,7,False,5354587,Kokonda,2,5,62.5,False,J.Duffy,C.A.Weeding,False,2,,Australia,Tatura,5,2026-09-07 05:30:00+00:00,2,Kokonda,8,UniBet,4.400,1.500,TOP3,8.200,8.000,54.06403940886699507389,-50.2610837438423645320212000000000000000000,38.522167487684729064039000,-34.3519928347514554412712000000000000000000,-17.3065382892969099865212000000000000000000,-0.6398716226302433199378666666666666666675,
VIC,Tatura,5,1450,Soft,7,2026-09-07,5195854,5469646,Open,BM 0-57,7,False,5354587,Kokonda,2,5,62.5,False,J.Duffy,C.A.Weeding,False,2,,Australia,Tatura,5,2026-09-07 05:30:00+00:00,2,Kokonda,8,Surge ,4.400,1.550,TOP3,8.200,8.000,54.06403940886699507389,-50.2610837438423645320212000000000000000000,38.522167487684729064039000,-35.9648960605579070545212000000000000000000,-18.9194415151033615997712000000000000000000,-1.7498265307121024946442489073881373569200,
VIC,Tatura,5,1450,Soft,7,2026-09-07,5195854,5469646,Open,BM 0-57,7,False,5354587,Kokonda,2,5,62.5,False,J.Duffy,C.A.Weeding,False,2,,Australia,Tatura,5,2026-09-07 05:30:00+00:00,2,Kokonda,8,Betr,4.400,1.520,TOP3,8.200,8.000,54.06403940886699507389,-50.2610837438423645320212000000000000000000,38.522167487684729064039000,-35.0098875715935607045212000000000000000000,-17.9644330261390152497712000000000000000000,-1.0842391203218407345856044321329639889200,
NSW,Grafton,4,1000,Good,4,2026-09-07,5194178,5468586,Interim,BM 58,9,False,5354676,Cheating Lilibet,6,5,57,False,M.Owen,K.M.Owen,False,4,,,,,,,,,,,,,,,,,,,,,
NSW,Grafton,7,1400,Good,4,2026-09-07,5194178,5468585,Open,BM 64,11,False,5354709,King Cobama,12,4,57,False,T.Brooker,R.E.Beaton,False,8,5,Australia,Grafton,7,2026-09-07 06:55:00+00:00,12,King Cobama,11,Dabble,4.200,1.800,TOP3,9.200,10.000,46.04395604395604395604,-58.5604395604395604395640000000000000000000,31.648351648351648351648000,-52.6080586080586080585640000000000000000000,-34.7509157509157509155640000000000000000000,-16.2323972323972323970825185185185185185200,
NSW,Grafton,7,1400,Good,4,2026-09-07,5194178,5468585,Open,BM 64,11,False,5354709,King Cobama,12,4,57,False,T.Brooker,R.E.Beaton,False,8,5,Australia,Grafton,7,2026-09-07 06:55:00+00:00,12,King Cobama,11,Ladbrokes,4.400,1.800,TOP3,9.200,10.000,48.24175824175824175824,-56.5824175824175824175840000000000000000000,33.626373626373626373626000,-49.0066600066600066600840000000000000000000,-31.9612054612054612053340000000000000000000,-13.4426869426869426868525185185185185185200,
NSW,Grafton,7,1400,Good,4,2026-09-07,5194178,5468585,Open,BM 64,11,False,5354709,King Cobama,12,4,57,False,T.Brooker,R.E.Beaton,False,8,5,Australia,Grafton,7,2026-09-07 06:55:00+00:00,12,King Cobama,11,Sportsbet,4.500,1.730,TOP3,9.200,10.000,49.34065934065934065934,-55.5934065934065934065940000000000000000000,34.615384615384615384615000,-45.5741387706705625778440000000000000000000,-28.9074721040038959113440000000000000000000,-10.6141779745642220164438780447058037355075,
NSW,Grafton,7,1400,Good,4,2026-09-07,5194178,5468585,Open,BM 64,11,False,5354709,King Cobama,12,4,57,False,T.Brooker,R.E.Beaton,False,8,5,Australia,Grafton,7,2026-09-07 06:55:00+00:00,12,King Cobama,11,UniBet,4.600,1.800,TOP3,9.200,10.000,50.43956043956043956044,-54.6043956043956043956040000000000000000000,35.604395604395604395604000,-45.5464245899028507726040000000000000000000,-29.2420767638158942506040000000000000000000,-10.7235582452973757321225185185185185185200,
NSW,Grafton,7,1400,Good,4,2026-09-07,5194178,5468585,Open,BM 64,11,False,5354709,King Cobama,12,4,57,False,T.Brooker,R.E.Beaton,False,8,5,Australia,Grafton,7,2026-09-07 06:55:00+00:00,12,King Cobama,11,Surge ,4.400,1.850,TOP3,9.200,10.000,48.24175824175824175824,-56.5824175824175824175840000000000000000000,33.626373626373626373626000,-50.1327861327861327865840000000000000000000,-33.0873315873315873318340000000000000000000,-14.4605967443805281645553294375456537618700,
NSW,Grafton,7,1400,Good,4,2026-09-07,5194178,5468585,Open,BM 64,11,False,5354709,King Cobama,12,4,57,False,T.Brooker,R.E.Beaton,False,8,5,Australia,Grafton,7,2026-09-07 06:55:00+00:00,12,King Cobama,11,Betr,4.400,1.720,TOP3,9.200,10.000,48.24175824175824175824,-56.5824175824175824175840000000000000000000,33.626373626373626373626000,-47.0686755105359756523340000000000000000000,-30.0232209650814301975840000000000000000000,-11.7701111760062544269510903190914007571675,
VIC,Southside Cranbourne,4,760,Synth,,2026-09-07,5197846,5479222,Paying,Trial,7,True,5354825,Le Notre,7,0,,False,I.M.Laveglia,R.J.Laming,False,1,,,,,,,,,,,,,,,,,,,,,
WA,Lark Hill,13,950,Good,4,2026-09-07,5197375,5478891,Paying,Trial,10,True,5355476,Unimando,11,0,,False,H.M.Watson,D.R.L.Taylor,False,1,,,,,,,,,,,,,,,,,,,,,
NSW,Dubbo,2,1000,Good,4,2026-09-07,5196943,5468598,Paying,Maiden,11,False,5355524,Tucklan,9,13,57,False,C.Gallagher,B.Robb,False,4,,,,,,,,,,,,,,,,,,,,,
WA,Lark Hill,4,950,Soft,5,2026-09-07,5197375,5478875,Paying,Trial,8,True,5355539,Galway Shawl,8,0,,False,J.S.Whiting,B.V.Watkins,False,1,4,,,,,,,,,,,,,,,,,,,,
WA,Lark Hill,16,1400,Good,4,2026-09-07,5197375,5478532,Paying,Trial,5,True,5355545,Tommy Thug,7,0,,False,J.D.Valas,P.G.Henwood,False,1,,,,,,,,,,,,,,,,,,,,,
VIC,Tatura,3,1450,Soft,7,2026-09-07,5195854,5469647,Paying,Maiden,11,False,5355863,Style Guide,11,9,57.5,False,S.R.Hateley,B.R.Cunningham,False,2,,,,,,,,,,,,,,,,,,,,,
WA,Lark Hill,13,950,Good,4,2026-09-07,5197375,5478891,Paying,Trial,10,True,5356039,Rockstar Queen,7,0,,False,W.A.Pike,J.F.Miller,False,1,,,,,,,,,,,,,,,,,,,,,
NSW,Dubbo,3,1300,Good,4,2026-09-07,5196943,5468597,Paying,Maiden,11,False,5356142,Songsky,5,13,57,False,H.E.Van Der Hoven,D.P.Lunn,True,1,,,,,,,,,,,,,,,,,,,,,
WA,Lark Hill,14,950,Good,4,2026-09-07,5197375,5478892,Paying,Trial,9,True,5356179,Trade Fever,7,0,,False,J.R.Azzopardi,J.N.Pateman,True,1,,,,,,,,,,,,,,,,,,,,,
VIC,Southside Cranbourne,4,760,Synth,,2026-09-07,5197846,5479222,Paying,Trial,7,True,5356342,Prestige Erick,4,0,,False,N.M.Mcmahon,M.Jenkins,False,1,,,,,,,,,,,,,,,,,,,,,
VIC,Tatura,2,1000,Soft,7,2026-09-07,5195854,5469650,Paying,Maiden,10,False,5356346,Adieu Grasse,15,4,59.5,False,R.J.Hurdle,R.C.Archard,False,2,,,,,,,,,,,,,,,,,,,,,
NSW,Dubbo,6,2200,Good,4,2026-09-07,5196943,5468593,Open,BM 58,13,False,5356464,Heapys Legacy,3,11,59,False,M.Weir,S.I.Singleton,False,8,7,Australia,Dubbo,6,2026-09-07 06:40:00+00:00,3,Heapys Legacy,13,Dabble,3.700,1.650,TOP3,12.500,10.000,29.75806451612903225806,-73.2177419354838709677460000000000000000000,19.596774193548387096774000,-68.3037370214789569624960000000000000000000,-48.0334667512086866922460000000000000000000,-30.1271306630544167198568815426997245179075,
NSW,Dubbo,6,2200,Good,4,2026-09-07,5196943,5468593,Open,BM 58,13,False,5356464,Heapys Legacy,3,11,59,False,M.Weir,S.I.Singleton,False,8,7,Australia,Dubbo,6,2026-09-07 06:40:00+00:00,3,Heapys Legacy,13,Ladbrokes,3.900,1.650,TOP3,12.500,10.000,31.37096774193548387097,-71.7661290322580645161270000000000000000000,21.048387096774193548387000,-64.7731220392510715093770000000000000000000,-45.5423528084818407398770000000000000000000,-27.6360167203275707674878815426997245179075,
NSW,Dubbo,6,2200,Good,4,2026-09-07,5196943,5468593,Open,BM 58,13,False,5356464,Heapys Legacy,3,11,59,False,M.Weir,S.I.Singleton,False,8,7,Australia,Dubbo,6,2026-09-07 06:40:00+00:00,3,Heapys Legacy,13,Sportsbet,3.800,1.530,TOP3,12.500,10.000,30.56451612903225806452,-72.4919354838709677419320000000000000000000,20.322580645161290322581000,-62.9460118512600286289320000000000000000000,-43.2091697459968707344320000000000000000000,-26.2285212774591288403007684224016403947200,
NSW,Dubbo,6,2200,Good,4,2026-09-07,5196943,5468593,Open,BM 58,13,False,5356464,Heapys Legacy,3,11,59,False,M.Weir,S.I.Singleton,False,8,7,Australia,Dubbo,6,2026-09-07 06:40:00+00:00,3,Heapys Legacy,13,UniBet,3.900,1.600,TOP3,12.500,10.000,31.37096774193548387097,-71.7661290322580645161270000000000000000000,21.048387096774193548387000,-63.3526674937965260551270000000000000000000,-44.1218982630272952856270000000000000000000,-26.5437732630272952856270000000000000000000,
NSW,Dubbo,6,2200,Good,4,2026-09-07,5196943,5468593,Open,BM 58,13,False,5356464,Heapys Legacy,3,11,59,False,M.Weir,S.I.Singleton,False,8,7,Australia,Dubbo,6,2026-09-07 06:40:00+00:00,3,Heapys Legacy,13,Surge ,3.900,1.650,TOP3,12.500,10.000,31.37096774193548387097,-71.7661290322580645161270000000000000000000,21.048387096774193548387000,-64.7731220392510715093770000000000000000000,-45.5423528084818407398770000000000000000000,-27.6360167203275707674878815426997245179075,
NSW,Dubbo,6,2200,Good,4,2026-09-07,5196943,5468593,Open,BM 58,13,False,5356464,Heapys Legacy,3,11,59,False,M.Weir,S.I.Singleton,False,8,7,Australia,Dubbo,6,2026-09-07 06:40:00+00:00,3,Heapys Legacy,13,Betr,3.900,1.600,TOP3,12.500,10.000,31.37096774193548387097,-71.7661290322580645161270000000000000000000,21.048387096774193548387000,-63.3526674937965260551270000000000000000000,-44.1218982630272952856270000000000000000000,-26.5437732630272952856270000000000000000000,
NSW,Dubbo,3,1300,Good,4,2026-09-07,5196943,5468597,Paying,Maiden,11,False,5356767,Kojak,2,15,58.5,False,L.Blanch,T.W.Smith,False,7,,,,,,,,,,,,,,,,,,,,,
NSW,Grafton,3,2200,Good,4,2026-09-07,5194178,5468588,Paying,BM 58,6,False,5356779,Mahuika Maroi,8,4,57,False,V.E.Soulsby,E.Ensby,False,4,,,,,,,,,,,,,,,,,,,,,
VIC,Cranbourne-Trn,1,1000,,0,2026-09-07,5197805,5477680,FinalFields,Trial,8,True,5356985,Deakin,4,0,,False,,Phillip & Tommy Stokes,False,2,,,,,,,,,,,,,,,,,,,,,
NSW,Dubbo,3,1300,Good,4,2026-09-07,5196943,5468597,Paying,Maiden,11,False,5357131,Lost Flowers,15,16,55,True,I.Neale,S.A.Torrens,False,3,,,,,,,,,,,,,,,,,,,,,
NSW,Grafton,5,1600,Good,4,2026-09-07,5194178,5468589,Open,BM 58,10,False,5357375,Kharif,1,2,59.5,False,B.Thornton,D.M.Maher,False,8,3,Australia,Grafton,5,2026-09-07 05:45:00+00:00,1,Kharif,10,Dabble,4.600,1.700,TOP3,250.000,10.000,1.83673469387755102041,-98.3469387755102040816310000000000000000000,1.296518607442977190876000,-86.8379873688605877141310000000000000000000,-70.5336395427736311921310000000000000000000,-52.3675495773757073166517612456747404844300,
NSW,Grafton,5,1600,Good,4,2026-09-07,5194178,5468589,Open,BM 58,10,False,5357375,Kharif,1,2,59.5,False,B.Thornton,D.M.Maher,False,8,3,Australia,Grafton,5,2026-09-07 05:45:00+00:00,1,Kharif,10,Ladbrokes,4.500,1.700,TOP3,250.000,10.000,1.79671868747498999600,-98.3829531812725090036000000000000000000000,1.260504201680672268908000,-87.5986394557823129251000000000000000000000,-70.9319727891156462586000000000000000000000,-52.7658828237177223831207612456747404844300,
NSW,Grafton,5,1600,Good,4,2026-09-07,5194178,5468589,Open,BM 58,10,False,5357375,Kharif,1,2,59.5,False,B.Thornton,D.M.Maher,False,8,3,Australia,Grafton,5,2026-09-07 05:45:00+00:00,1,Kharif,10,Sportsbet,4.800,1.700,TOP3,250.000,10.000,1.91676670668267306923,-98.2749099639855942376930000000000000000000,1.368547418967587034814000,-85.4072629051620648256930000000000000000000,-69.7822629051620648259430000000000000000000,-51.6161729397641409504637612456747404844300,
NSW,Grafton,5,1600,Good,4,2026-09-07,5194178,5468589,Open,BM 58,10,False,5357375,Kharif,1,2,59.5,False,B.Thornton,D.M.Maher,False,8,3,Australia,Grafton,5,2026-09-07 05:45:00+00:00,1,Kharif,10,UniBet,4.800,1.700,TOP3,250.000,10.000,1.91676670668267306923,-98.2749099639855942376930000000000000000000,1.368547418967587034814000,-85.4072629051620648256930000000000000000000,-69.7822629051620648259430000000000000000000,-51.6161729397641409504637612456747404844300,
NSW,Grafton,5,1600,Good,4,2026-09-07,5194178,5468589,Open,BM 58,10,False,5357375,Kharif,1,2,59.5,False,B.Thornton,D.M.Maher,False,8,3,Australia,Grafton,5,2026-09-07 05:45:00+00:00,1,Kharif,10,Surge ,4.800,1.750,TOP3,250.000,10.000,1.91676670668267306923,-98.2749099639855942376930000000000000000000,1.368547418967587034814000,-86.6677671068427370944430000000000000000000,-71.0427671068427370946930000000000000000000,-52.6754201680672268905960612244897959183675,
NSW,Grafton,5,1600,Good,4,2026-09-07,5194178,5468589,Open,BM 58,10,False,5357375,Kharif,1,2,59.5,False,B.Thornton,D.M.Maher,False,8,3,Australia,Grafton,5,2026-09-07 05:45:00+00:00,1,Kharif,10,Betr,4.800,1.700,TOP3,250.000,10.000,1.91676670668267306923,-98.2749099639855942376930000000000000000000,1.368547418967587034814000,-85.4072629051620648256930000000000000000000,-69.7822629051620648259430000000000000000000,-51.6161729397641409504637612456747404844300,
WA,Lark Hill,5,950,Soft,5,2026-09-07,5197375,5478876,Paying,Trial,6,True,5357781,Valanne Dawn,7,0,,False,J.A.Gray,C.G.Willis,False,15,,,,,,,,,,,,,,,,,,,,,
VIC,Southside Cranbourne,2,1000,Synth,,2026-09-07,5197846,5479220,Paying,Trial,3,True,5357883,Bundedo,1,0,,False,J.B.Stanley,D.Q.Julius,True,1,,,,,,,,,,,,,,,,,,,,,
VIC,Tatura,7,1980,Soft,7,2026-09-07,5195854,5469652,Open,BM 0-57,10,False,5357885,Belladramatic,12,14,58.5,False,J.C.Maskiell,L.Howley,False,2,7,Australia,Tatura,7,2026-09-07 06:30:00+00:00,12,Belladramatic,10,Dabble,19.000,3.900,TOP3,250.000,8.000,7.59843149807938540333,-93.0094430217669654289364000000000000000000,6.626120358514724711908000,-81.6734106331029978169364000000000000000000,-77.7260422120503662381864000000000000000000,-63.4262394507091433583708181459566074950700,
VIC,Tatura,7,1980,Soft,7,2026-09-07,5195854,5469652,Open,BM 0-57,10,False,5357885,Belladramatic,12,14,58.5,False,J.C.Maskiell,L.Howley,False,2,7,Australia,Tatura,7,2026-09-07 06:30:00+00:00,12,Belladramatic,10,Ladbrokes,19.000,4.200,TOP3,250.000,8.000,7.59843149807938540333,-93.0094430217669654289364000000000000000000,6.626120358514724711908000,-83.0470370067293714434364000000000000000000,-79.0996685856767398646864000000000000000000,-65.4942264088059915652918421768707482993200,
VIC,Tatura,7,1980,Soft,7,2026-09-07,5195854,5469652,Open,BM 0-57,10,False,5357885,Belladramatic,12,14,58.5,False,J.C.Maskiell,L.Howley,False,2,7,Australia,Tatura,7,2026-09-07 06:30:00+00:00,12,Belladramatic,10,Sportsbet,19.000,4.500,TOP3,250.000,8.000,7.59843149807938540333,-93.0094430217669654289364000000000000000000,6.626120358514724711908000,-84.2375131972055619199364000000000000000000,-80.2901447761529303411864000000000000000000,-67.3271818131899673783160296296296296296300,
VIC,Tatura,7,1980,Soft,7,2026-09-07,5195854,5469652,Open,BM 0-57,10,False,5357885,Belladramatic,12,14,58.5,False,J.C.Maskiell,L.Howley,False,2,7,Australia,Tatura,7,2026-09-07 06:30:00+00:00,12,Belladramatic,10,UniBet,20.000,4.400,TOP3,250.000,8.000,7.99855953905249679898,-92.6413252240717029449384000000000000000000,6.994238156209987195903000,-83.0958706786171574901884000000000000000000,-79.3458706786171574901884000000000000000000,-66.1743830753113723661098876033057851239675,
VIC,Tatura,7,1980,Soft,7,2026-09-07,5195854,5469652,Open,BM 0-57,10,False,5357885,Belladramatic,12,14,58.5,False,J.C.Maskiell,L.Howley,False,2,7,Australia,Tatura,7,2026-09-07 06:30:00+00:00,12,Belladramatic,10,Surge ,19.000,3.900,TOP3,250.000,8.000,7.59843149807938540333,-93.0094430217669654289364000000000000000000,6.626120358514724711908000,-81.6734106331029978169364000000000000000000,-77.7260422120503662381864000000000000000000,-63.4262394507091433583708181459566074950700,
VIC,Tatura,7,1980,Soft,7,2026-09-07,5195854,5469652,Open,BM 0-57,10,False,5357885,Belladramatic,12,14,58.5,False,J.C.Maskiell,L.Howley,False,2,7,Australia,Tatura,7,2026-09-07 06:30:00+00:00,12,Belladramatic,10,Betr,19.000,4.400,TOP3,250.000,8.000,7.59843149807938540333,-93.0094430217669654289364000000000000000000,6.626120358514724711908000,-83.8587253184176831316864000000000000000000,-79.9113568973650515529364000000000000000000,-66.7398692940592664288578876033057851239675,
VIC,Tatura,6,1600,Soft,7,2026-09-07,5195854,5469645,Open,BM 0-57,12,False,5358070,Tyndrum Gold,9,2,59.5,False,C.A.Taylor,N.J.Hobson,False,19,3,Australia,Tatura,6,2026-09-07 06:00:00+00:00,9,Tyndrum Gold,12,Dabble,23.000,4.200,TOP3,600.000,8.000,3.83217762368315775437,-96.4743965862114948659796000000000000000000,3.373783171089478597146000,-85.1389928595034203314796000000000000000000,-81.8781232942860290272296000000000000000000,-68.2726811174152807278350421768707482993200,
VIC,Tatura,6,1600,Soft,7,2026-09-07,5195854,5469645,Open,BM 0-57,12,False,5358070,Tyndrum Gold,9,2,59.5,False,C.A.Taylor,N.J.Hobson,False,19,3,Australia,Tatura,6,2026-09-07 06:00:00+00:00,9,Tyndrum Gold,12,Ladbrokes,27.000,5.000,TOP3,600.000,8.000,4.49893319109214561942,-95.8609814641952260301336000000000000000000,3.987198293105747432991000,-86.4165370197507815861336000000000000000000,-83.6387592419730038081336000000000000000000,-71.6387592419730038081336000000000000000000,
VIC,Tatura,6,1600,Soft,7,2026-09-07,5195854,5469645,Open,BM 0-57,12,False,5358070,Tyndrum Gold,9,2,59.5,False,C.A.Taylor,N.J.Hobson,False,19,3,Australia,Tatura,6,2026-09-07 06:00:00+00:00,9,Tyndrum Gold,12,Sportsbet,26.000,5.500,TOP3,600.000,8.000,4.33224429923989865315,-96.0143352446992932391020000000000000000000,3.833844512601680224030000,-88.1472023775664261066020000000000000000000,-85.2625869929510414911020000000000000000000,-74.1055621995626117391226611570247933884300,
VIC,Tatura,6,1600,Soft,7,2026-09-07,5195854,5469645,Open,BM 0-57,12,False,5358070,Tyndrum Gold,9,2,59.5,False,C.A.Taylor,N.J.Hobson,False,19,3,Australia,Tatura,6,2026-09-07 06:00:00+00:00,9,Tyndrum Gold,12,UniBet,26.000,4.800,TOP3,600.000,8.000,4.33224429923989865315,-96.0143352446992932391020000000000000000000,3.833844512601680224030000,-86.1585660139300624703520000000000000000000,-83.2739506293146778548520000000000000000000,-70.9041589626480111883311666666666666666675,
VIC,Tatura,6,1600,Soft,7,2026-09-07,5195854,5469645,Open,BM 0-57,12,False,5358070,Tyndrum Gold,9,2,59.5,False,C.A.Taylor,N.J.Hobson,False,19,3,Australia,Tatura,6,2026-09-07 06:00:00+00:00,9,Tyndrum Gold,12,Surge ,26.000,4.400,TOP3,600.000,8.000,4.33224429923989865315,-96.0143352446992932391020000000000000000000,3.833844512601680224030000,-84.7381114684755170153520000000000000000000,-81.8534960838601323998520000000000000000000,-68.6820084805543472757734876033057851239675,
VIC,Tatura,6,1600,Soft,7,2026-09-07,5195854,5469645,Open,BM 0-57,12,False,5358070,Tyndrum Gold,9,2,59.5,False,C.A.Taylor,N.J.Hobson,False,19,3,Australia,Tatura,6,2026-09-07 06:00:00+00:00,9,Tyndrum Gold,12,Betr,26.000,5.000,TOP3,600.000,8.000,4.33224429923989865315,-96.0143352446992932391020000000000000000000,3.833844512601680224030000,-86.7835660139300624701020000000000000000000,-83.8989506293146778546020000000000000000000,-71.8989506293146778546020000000000000000000,
NSW,Grafton,5,1600,Good,4,2026-09-07,5194178,5468589,Open,BM 58,10,False,5358261,Vostokova,7,12,56,False,A.R.Mccolm,M.J.Wilson,False,5,,Australia,Grafton,5,2026-09-07 05:45:00+00:00,7,Vostokova,10,Dabble,4.600,1.750,TOP3,250.000,10.000,1.83673469387755102041,-98.3469387755102040816310000000000000000000,1.296518607442977190876000,-88.0984915705412599828810000000000000000000,-71.7941437444543034608810000000000000000000,-53.4267968056787932567840612244897959183675,
NSW,Grafton,5,1600,Good,4,2026-09-07,5194178,5468589,Open,BM 58,10,False,5358261,Vostokova,7,12,56,False,A.R.Mccolm,M.J.Wilson,False,5,,Australia,Grafton,5,2026-09-07 05:45:00+00:00,7,Vostokova,10,Ladbrokes,6.000,2.000,TOP3,250.000,10.000,2.39695878351340536214,-97.8427370948379351740740000000000000000000,1.800720288115246098439000,-85.3427370948379351745740000000000000000000,-72.8427370948379351743240000000000000000000,-54.0927370948379351743240000000000000000000,
NSW,Grafton,5,1600,Good,4,2026-09-07,5194178,5468589,Open,BM 58,10,False,5358261,Vostokova,7,12,56,False,A.R.Mccolm,M.J.Wilson,False,5,,Australia,Grafton,5,2026-09-07 05:45:00+00:00,7,Vostokova,10,Sportsbet,5.500,1.910,TOP3,250.000,10.000,2.19687875150060024010,-98.0228091236494597839100000000000000000000,1.620648259303721488595000,-86.0285206895704497886600000000000000000000,-72.3921570532068134251600000000000000000000,-53.6837883133148148505471261752693182752675,
NSW,Grafton,5,1600,Good,4,2026-09-07,5194178,5468589,Open,BM 58,10,False,5358261,Vostokova,7,12,56,False,A.R.Mccolm,M.J.Wilson,False,5,,Australia,Grafton,5,2026-09-07 05:45:00+00:00,7,Vostokova,10,UniBet,5.500,1.950,TOP3,250.000,10.000,2.19687875150060024010,-98.0228091236494597839100000000000000000000,1.620648259303721488595000,-86.8339979348382709726600000000000000000000,-73.1976342984746346091600000000000000000000,-54.4599617146482046288784418145956607495075,
NSW,Grafton,5,1600,Good,4,2026-09-07,5194178,5468589,Open,BM 58,10,False,5358261,Vostokova,7,12,56,False,A.R.Mccolm,M.J.Wilson,False,5,,Australia,Grafton,5,2026-09-07 05:45:00+00:00,7,Vostokova,10,Surge ,5.500,2.000,TOP3,250.000,10.000,2.19687875150060024010,-98.0228091236494597839100000000000000000000,1.620648259303721488595000,-87.7955363963767325109100000000000000000000,-74.1591727600130961474100000000000000000000,-55.4091727600130961474100000000000000000000,
NSW,Grafton,5,1600,Good,4,2026-09-07,5194178,5468589,Open,BM 58,10,False,5358261,Vostokova,7,12,56,False,A.R.Mccolm,M.J.Wilson,False,5,,Australia,Grafton,5,2026-09-07 05:45:00+00:00,7,Vostokova,10,Betr,5.000,1.750,TOP3,250.000,10.000,1.99679871948779511805,-98.2028811524609843937550000000000000000000,1.440576230492196878752000,-85.3457382953181272510050000000000000000000,-70.3457382953181272510050000000000000000000,-51.9783913565426170469080612244897959183675,
VIC,Tatura,3,1450,Soft,7,2026-09-07,5195854,5469647,Paying,Maiden,11,False,5358349,Frosted Amber,8,8,57.5,True,L.King,W.B.Brisbourne,False,5,,,,,,,,,,,,,,,,,,,,,
NSW,Grafton,1,1700,Soft,5,2026-09-07,5194178,5468591,Paying,Maiden,7,False,5358551,Fabulous Fiano,2,8,59,False,B.S.Lerena,Stephen & Jordan Lee,False,5,,,,,,,,,,,,,,,,,,,,,
VIC,Tatura,7,1980,Soft,7,2026-09-07,5195854,5469652,Open,BM 0-57,10,False,5358577,Bertrand,2,6,61.5,False,D.G.Thornton,Tony & Calvin Mcevoy,False,2,,Australia,Tatura,7,2026-09-07 06:30:00+00:00,2,Bertrand,10,Dabble,5.500,2.150,TOP3,11.500,8.000,48.07355516637478108581,-55.7723292469352014010548000000000000000000,36.252189141856392294221000,-48.1613355894299159885548000000000000000000,-34.5249719530662796250548000000000000000000,-15.8662375020116555039106680367766360194700,
VIC,Tatura,7,1980,Soft,7,2026-09-07,5195854,5469652,Open,BM 0-57,10,False,5358577,Bertrand,2,6,61.5,False,D.G.Thornton,Tony & Calvin Mcevoy,False,2,,Australia,Tatura,7,2026-09-07 06:30:00+00:00,2,Bertrand,10,Ladbrokes,6.000,2.100,TOP3,11.500,8.000,52.45183887915936952715,-51.7443082311733800350220000000000000000000,40.280210157618213660245000,-41.0300225168876657495220000000000000000000,-28.5300225168876657492720000000000000000000,-9.8225395236903868376937687074829931972800,
VIC,Tatura,7,1980,Soft,7,2026-09-07,5195854,5469652,Open,BM 0-57,10,False,5358577,Bertrand,2,6,61.5,False,D.G.Thornton,Tony & Calvin Mcevoy,False,2,,Australia,Tatura,7,2026-09-07 06:30:00+00:00,2,Bertrand,10,Sportsbet,6.000,2.050,TOP3,11.500,8.000,52.45183887915936952715,-51.7443082311733800350220000000000000000000,40.280210157618213660245000,-40.1589423775148434505220000000000000000000,-27.6589423775148434502720000000000000000000,-8.9200964524702271504593884592504461630000,
VIC,Tatura,7,1980,Soft,7,2026-09-07,5195854,5469652,Open,BM 0-57,10,False,5358577,Bertrand,2,6,61.5,False,D.G.Thornton,Tony & Calvin Mcevoy,False,2,,Australia,Tatura,7,2026-09-07 06:30:00+00:00,2,Bertrand,10,UniBet,6.000,2.100,TOP3,11.500,8.000,52.45183887915936952715,-51.7443082311733800350220000000000000000000,40.280210157618213660245000,-41.0300225168876657495220000000000000000000,-28.5300225168876657492720000000000000000000,-9.8225395236903868376937687074829931972800,
VIC,Tatura,7,1980,Soft,7,2026-09-07,5195854,5469652,Open,BM 0-57,10,False,5358577,Bertrand,2,6,61.5,False,D.G.Thornton,Tony & Calvin Mcevoy,False,2,,Australia,Tatura,7,2026-09-07 06:30:00+00:00,2,Bertrand,10,Surge ,6.000,2.150,TOP3,11.500,8.000,52.45183887915936952715,-51.7443082311733800350220000000000000000000,40.280210157618213660245000,-41.8605873009408218960220000000000000000000,-29.3605873009408218957720000000000000000000,-10.7018528498861977746278680367766360194700,
VIC,Tatura,7,1980,Soft,7,2026-09-07,5195854,5469652,Open,BM 0-57,10,False,5358577,Bertrand,2,6,61.5,False,D.G.Thornton,Tony & Calvin Mcevoy,False,2,,Australia,Tatura,7,2026-09-07 06:30:00+00:00,2,Bertrand,10,Betr,6.000,2.000,TOP3,11.500,8.000,52.45183887915936952715,-51.7443082311733800350220000000000000000000,40.280210157618213660245000,-39.2443082311733800355220000000000000000000,-26.7443082311733800352720000000000000000000,-7.9943082311733800352720000000000000000000,
VIC,Tatura,1,1000,Soft,7,2026-09-07,5195854,5469648,Paying,Maiden,11,False,5358624,Meet The Prince,15,3,58,False,W.Gordon,P.Kearney,False,1,,,,,,,,,,,,,,,,,,,,,
VIC,Tatura,1,1000,Soft,7,2026-09-07,5195854,5469648,Paying,Maiden,11,False,5358697,Next Saturday,3,5,58,False,J.B.Stanley,P.Kearney,True,1,,,,,,,,,,,,,,,,,,,,,
WA,Lark Hill,8,950,Good,4,2026-09-07,5197375,5478886,Paying,Trial,9,True,5358726,Mississippi Blue,1,0,,False,J.K.Tsang,M.P.Grantham,True,1,,,,,,,,,,,,,,,,,,,,,
WA,Lark Hill,7,950,Good,4,2026-09-07,5197375,5478885,Paying,Trial,11,True,5358775,Izzi,2,0,,False,W.A.Pike,Grant & Alana Williams,True,1,,,,,,,,,,,,,,,,,,,,,
VIC,Tatura,1,1000,Soft,7,2026-09-07,5195854,5469648,Paying,Maiden,11,False,5358784,Red Mink,10,1,56,False,C.L.Jokic,T.L.Fitzsimmons,True,1,,,,,,,,,,,,,,,,,,,,,
NSW,Grafton,6,1200,Good,4,2026-09-07,5194178,5468587,Open,BM 58,8,False,5358788,Pineto Lad,14,13,55,True,,O.K.Glue,False,2,,,,,,,,,,,,,,,,,,,,,
WA,Lark Hill,9,950,Good,4,2026-09-07,5197375,5478887,Paying,Trial,10,True,5358809,Lemurian,6,0,,False,J.K.Tsang,S.R.Casey,True,1,,,,,,,,,,,,,,,,,,,,,
NSW,Grafton,5,1600,Good,4,2026-09-07,5194178,5468589,Open,BM 58,10,False,5359106,Star Of Winston,3,6,58,False,M.Owen,J.B.Reilly,False,5,4,Australia,Grafton,5,2026-09-07 05:45:00+00:00,3,Star Of Winston,10,Dabble,12.000,3.100,TOP3,250.000,10.000,4.79791916766706682673,-95.6818727490996398559430000000000000000000,3.961584633853541416567000,-83.9883243620028656619430000000000000000000,-77.7383243620028656621930000000000000000000,-61.3491464223566637891612622268470343392300,
NSW,Grafton,5,1600,Good,4,2026-09-07,5194178,5468589,Open,BM 58,10,False,5359106,Star Of Winston,3,6,58,False,M.Owen,J.B.Reilly,False,5,4,Australia,Grafton,5,2026-09-07 05:45:00+00:00,3,Star Of Winston,10,Ladbrokes,16.000,3.600,TOP3,250.000,10.000,6.39855942376950780312,-94.2412965186074429771920000000000000000000,5.402160864345738295318000,-82.7829631852741096436920000000000000000000,-78.0954631852741096436920000000000000000000,-63.0491668889778133473216296296296296296300,
NSW,Grafton,5,1600,Good,4,2026-09-07,5194178,5468589,Open,BM 58,10,False,5359106,Star Of Winston,3,6,58,False,M.Owen,J.B.Reilly,False,5,4,Australia,Grafton,5,2026-09-07 05:45:00+00:00,3,Star Of Winston,10,Sportsbet,15.000,3.600,TOP3,250.000,10.000,5.99839935974389755902,-94.6014405762304921968820000000000000000000,5.042016806722689075630000,-83.7681072428971588638820000000000000000000,-78.7681072428971588636320000000000000000000,-63.7218109466008625672616296296296296296300,
NSW,Grafton,5,1600,Good,4,2026-09-07,5194178,5468589,Open,BM 58,10,False,5359106,Star Of Winston,3,6,58,False,M.Owen,J.B.Reilly,False,5,4,Australia,Grafton,5,2026-09-07 05:45:00+00:00,3,Star Of Winston,10,UniBet,15.000,3.750,TOP3,250.000,10.000,5.99839935974389755902,-94.6014405762304921968820000000000000000000,5.042016806722689075630000,-84.6014405762304921971320000000000000000000,-79.6014405762304921968820000000000000000000,-64.9347739095638255300986666666666666666675,
NSW,Grafton,5,1600,Good,4,2026-09-07,5194178,5468589,Open,BM 58,10,False,5359106,Star Of Winston,3,6,58,False,M.Owen,J.B.Reilly,False,5,4,Australia,Grafton,5,2026-09-07 05:45:00+00:00,3,Star Of Winston,10,Surge ,15.000,3.600,TOP3,250.000,10.000,5.99839935974389755902,-94.6014405762304921968820000000000000000000,5.042016806722689075630000,-83.7681072428971588638820000000000000000000,-78.7681072428971588636320000000000000000000,-63.7218109466008625672616296296296296296300,
NSW,Grafton,5,1600,Good,4,2026-09-07,5194178,5468589,Open,BM 58,10,False,5359106,Star Of Winston,3,6,58,False,M.Owen,J.B.Reilly,False,5,4,Australia,Grafton,5,2026-09-07 05:45:00+00:00,3,Star Of Winston,10,Betr,15.000,3.500,TOP3,250.000,10.000,5.99839935974389755902,-94.6014405762304921968820000000000000000000,5.042016806722689075630000,-83.1728691476590636256320000000000000000000,-78.1728691476590636253820000000000000000000,-62.8667466986794717885095510204081632653075,
NSW,Dubbo,2,1000,Good,4,2026-09-07,5196943,5468598,Paying,Maiden,11,False,5359326,Charmed Star,13,4,57,False,J.Thompson,S.A.Torrens,False,2,,,,,,,,,,,,,,,,,,,,,
WA,Lark Hill,10,950,Good,4,2026-09-07,5197375,5478888,Paying,Trial,10,True,5359465,Mark The Sky,5,0,,False,J.Mcnaught,D.L.Morton,False,1,,,,,,,,,,,,,,,,,,,,,
WA,Lark Hill,8,950,Good,4,2026-09-07,5197375,5478886,Paying,Trial,9,True,5359576,Hooked Ona Feeling,10,0,,True,,M.J.D.Hall,True,1,,,,,,,,,,,,,,,,,,,,,
NSW,Grafton,2,1200,Good,4,2026-09-07,5194178,5468590,Paying,Maiden,9,False,5359878,Prestige Exotic,7,6,56,False,B.S.Lerena,Stephen & Jordan Lee,False,2,,,,,,,,,,,,,,,,,,,,,
VIC,Ballarat Synthetic,5,850,Synth,,2026-09-07,5197847,5479148,Paying,Trial,6,True,5359904,Pierrocious,2,0,,False,C.Macredmond,A.Cosgriff,True,1,,,,,,,,,,,,,,,,,,,,,
WA,Lark Hill,7,950,Good,4,2026-09-07,5197375,5478885,Paying,Trial,11,True,5360046,Autumn Sally,5,0,,False,B.M.Parnham,M.L.Lane,False,1,,,,,,,,,,,,,,,,,,,,,
NSW,Grafton,4,1000,Good,4,2026-09-07,5194178,5468586,Interim,BM 58,9,False,5360103,Miss Trump,10,3,55,False,B.Looker,P.G.Snowden,False,2,,,,,,,,,,,,,,,,,,,,,
WA,Lark Hill,7,950,Good,4,2026-09-07,5197375,5478885,Paying,Trial,11,True,5360178,Lunaris,1,0,,False,J.K.Tsang,M.P.Grantham,True,1,,,,,,,,,,,,,,,,,,,,,
VIC,Ballarat Synthetic,1,1100,Synth,,2026-09-07,5197847,5478702,Paying,Trial,5,True,5360306,Burrow,6,0,,False,R.J.Hurdle,D.O'Sullivan,False,3,,,,,,,,,,,,,,,,,,,,,
VIC,Cranbourne-Trn,7,1000,,0,2026-09-07,5197805,5478767,FinalFields,Trial,7,True,5360309,Poetic Passage,5,0,,False,,Trent Busuttin & Natalie Young,True,1,,,,,,,,,,,,,,,,,,,,,
VIC,Southside Cranbourne,3,1000,Synth,,2026-09-07,5197846,5479221,Paying,Trial,6,True,5360309,Poetic Passage,5,0,,False,J.B.Stanley,Trent Busuttin & Natalie Young,True,1,,,,,,,,,,,,,,,,,,,,,
VIC,Cranbourne-Trn,6,1000,,0,2026-09-07,5197805,5478766,FinalFields,Trial,8,True,5360316,Tartan Gold,6,0,,False,,J.Warren,True,1,,,,,,,,,,,,,,,,,,,,,
VIC,Tatura,2,1000,Soft,7,2026-09-07,5195854,5469650,Paying,Maiden,10,False,5360331,Connector,3,1,59.5,False,A.G.Kennedy,John & Chris Ledger,True,1,,,,,,,,,,,,,,,,,,,,,
WA,Lark Hill,8,950,Good,4,2026-09-07,5197375,5478886,Paying,Trial,9,True,5360423,Earthshine,5,0,,False,V.A.Corver,R.P.Hill,True,1,,,,,,,,,,,,,,,,,,,,,
VIC,Cranbourne-Trn,5,800,,0,2026-09-07,5197805,5478770,FinalFields,Trial,10,True,5360467,Sisterly,3,0,,False,,G.M.Begg,True,1,,,,,,,,,,,,,,,,,,,,,
VIC,Cranbourne-Trn,4,800,,0,2026-09-07,5197805,5478769,FinalFields,Trial,10,True,5360471,Nishioka,7,0,,False,,R.D.Griffiths,True,1,,,,,,,,,,,,,,,,,,,,,
VIC,Tatura,1,1000,Soft,7,2026-09-07,5195854,5469648,Paying,Maiden,11,False,5360531,Prestige Hellbent,4,13,58,False,P.M.Moloney,M.Laurie,True,1,,,,,,,,,,,,,,,,,,,,,
VIC,Cranbourne-Trn,7,1000,,0,2026-09-07,5197805,5478767,FinalFields,Trial,7,True,5360532,Floral King,7,0,,False,,P.B.Payne,True,1,,,,,,,,,,,,,,,,,,,,,
WA,Lark Hill,9,950,Good,4,2026-09-07,5197375,5478887,Paying,Trial,10,True,5360694,Wave Point,9,0,,False,J.Noske,R.W.Price,True,1,,,,,,,,,,,,,,,,,,,,,
NSW,Grafton,2,1200,Good,4,2026-09-07,5194178,5468590,Paying,Maiden,9,False,5360948,King Conquer,4,3,56.5,False,A.J.Mallyon,M.J.Dunn,True,1,,,,,,,,,,,,,,,,,,,,,
VIC,Tatura,1,1000,Soft,7,2026-09-07,5195854,5469648,Paying,Maiden,11,False,5361013,Hillcrest Joy,7,6,56,False,A.Mccabe,M.Laurie,True,1,,,,,,,,,,,,,,,,,,,,,
VIC,Ballarat Synthetic,5,850,Synth,,2026-09-07,5197847,5479148,Paying,Trial,6,True,5361018,White Sapphire,5,0,,False,B.P.Deeker-Fradd,H.Dwyer,True,1,,,,,,,,,,,,,,,,,,,,,
WA,Lark Hill,11,950,Good,4,2026-09-07,5197375,5478889,Paying,Trial,10,True,5361033,Brotherly Love,1,0,,False,J.K.Tsang,M.P.Grantham,True,1,,,,,,,,,,,,,,,,,,,,,
WA,Lark Hill,12,950,Good,4,2026-09-07,5197375,5478890,Paying,Trial,10,True,5361040,Treasured Legacy,1,0,,False,W.A.Pike,M.P.Grantham,False,1,,,,,,,,,,,,,,,,,,,,,
NSW,Dubbo,2,1000,Good,4,2026-09-07,5196943,5468598,Paying,Maiden,11,False,5361060,Mi Piace,5,14,57,True,W.Costin,A.Stewart,True,1,,,,,,,,,,,,,,,,,,,,,
WA,Lark Hill,11,950,Good,4,2026-09-07,5197375,5478889,Paying,Trial,10,True,5361065,All The Rage,7,0,,False,T.W.Dyson,S.V.Vahala,False,1,,,,,,,,,,,,,,,,,,,,,
NSW,Grafton,7,1400,Good,4,2026-09-07,5194178,5468585,Open,BM 64,11,False,5361263,Spicy Wings,10,12,58,False,A.J.Mallyon,M.J.Dunn,False,2,,Australia,Grafton,7,2026-09-07 06:55:00+00:00,10,Spicy Wings,11,Dabble,4.600,1.900,TOP3,10.500,10.000,44.13461538461538461538,-60.2788461538461538461580000000000000000000,31.153846153846153846154000,-53.4138575954937511004080000000000000000000,-37.1095097694067945784080000000000000000000,-18.4114488275785397307771135734072022160675,
NSW,Grafton,7,1400,Good,4,2026-09-07,5194178,5468585,Open,BM 64,11,False,5361263,Spicy Wings,10,12,58,False,A.J.Mallyon,M.J.Dunn,False,2,,Australia,Grafton,7,2026-09-07 06:55:00+00:00,10,Spicy Wings,11,Ladbrokes,4.800,1.900,TOP3,10.500,10.000,46.05769230769230769231,-58.5480769230769230769210000000000000000000,32.884615384615384615385000,-50.3243927125506072866710000000000000000000,-34.6993927125506072869210000000000000000000,-16.0013317707223524392901135734072022160675,
NSW,Grafton,7,1400,Good,4,2026-09-07,5194178,5468585,Open,BM 64,11,False,5361263,Spicy Wings,10,12,58,False,A.J.Mallyon,M.J.Dunn,False,2,,Australia,Grafton,7,2026-09-07 06:55:00+00:00,10,Spicy Wings,11,Sportsbet,5.000,1.800,TOP3,10.500,10.000,47.98076923076923076923,-56.8173076923076923076930000000000000000000,34.615384615384615384615000,-45.1506410256410256406930000000000000000000,-30.1506410256410256406930000000000000000000,-11.6321225071225071222115185185185185185200,
NSW,Grafton,7,1400,Good,4,2026-09-07,5194178,5468585,Open,BM 64,11,False,5361263,Spicy Wings,10,12,58,False,A.J.Mallyon,M.J.Dunn,False,2,,Australia,Grafton,7,2026-09-07 06:55:00+00:00,10,Spicy Wings,11,UniBet,5.000,1.950,TOP3,10.500,10.000,47.98076923076923076923,-56.8173076923076923076930000000000000000000,34.615384615384615384615000,-48.3557692307692307694430000000000000000000,-33.3557692307692307694430000000000000000000,-14.6180966469428007891614418145956607495075,
NSW,Grafton,7,1400,Good,4,2026-09-07,5194178,5468585,Open,BM 64,11,False,5361263,Spicy Wings,10,12,58,False,A.J.Mallyon,M.J.Dunn,False,2,,Australia,Grafton,7,2026-09-07 06:55:00+00:00,10,Spicy Wings,11,Surge ,5.000,2.000,TOP3,10.500,10.000,47.98076923076923076923,-56.8173076923076923076930000000000000000000,34.615384615384615384615000,-49.3173076923076923076930000000000000000000,-34.3173076923076923076930000000000000000000,-15.5673076923076923076930000000000000000000,
NSW,Grafton,7,1400,Good,4,2026-09-07,5194178,5468585,Open,BM 64,11,False,5361263,Spicy Wings,10,12,58,False,A.J.Mallyon,M.J.Dunn,False,2,,Australia,Grafton,7,2026-09-07 06:55:00+00:00,10,Spicy Wings,11,Betr,5.000,1.850,TOP3,10.500,10.000,47.98076923076923076923,-56.8173076923076923076930000000000000000000,34.615384615384615384615000,-46.2767671517671517671930000000000000000000,-31.2767671517671517671930000000000000000000,-12.6500323088160925999143294375456537618700,
VIC,Ballarat Synthetic,2,1100,Synth,,2026-09-07,5197847,5478704,Paying,Trial,4,True,5361371,Boundless Moon,0,0,,True,,D.O'Sullivan,True,1,,,,,,,,,,,,,,,,,,,,,
NSW,Dubbo,2,1000,Good,4,2026-09-07,5196943,5468598,Paying,Maiden,11,False,5361442,Its Our Turn,17,17,56.5,True,A.Mccabe,A.F.Ryan,False,2,,,,,,,,,,,,,,,,,,,,,
VIC,Cranbourne-Trn,6,1000,,0,2026-09-07,5197805,5478766,FinalFields,Trial,8,True,5361445,Kan Corner Quickly,1,0,,False,,Mick Price & Michael Kent (Jnr),True,1,,,,,,,,,,,,,,,,,,,,,
VIC,Cranbourne-Trn,4,800,,0,2026-09-07,5197805,5478769,FinalFields,Trial,10,True,5361451,Shy Miss,5,0,,False,,Peter G Moody & Katherine Coleman,True,1,,,,,,,,,,,,,,,,,,,,,
WA,Lark Hill,9,950,Good,4,2026-09-07,5197375,5478887,Paying,Trial,10,True,5361527,Talkisstillcheap,11,0,,False,L.F.Fiore,B.P.Fiore,True,1,,,,,,,,,,,,,,,,,,,,,
WA,Lark Hill,1,400,Soft,5,2026-09-07,5197375,5478771,Paying,Trial,5,True,5361570,Flamboyant Glow,1,0,,False,A.Galati,R.H.A.Gulberti,True,1,,,,,,,,,,,,,,,,,,,,,
VIC,Cranbourne-Trn,5,800,,0,2026-09-07,5197805,5478770,FinalFields,Trial,10,True,5361683,Pandie Pandie,6,0,,False,,Peter G Moody & Katherine Coleman,True,1,,,,,,,,,,,,,,,,,,,,,
WA,Lark Hill,10,950,Good,4,2026-09-07,5197375,5478888,Paying,Trial,10,True,5361824,Angel Express,7,0,,False,W.A.Pike,J.F.Miller,True,1,,,,,,,,,,,,,,,,,,,,,
VIC,Tatura,1,1000,Soft,7,2026-09-07,5195854,5469648,Paying,Maiden,11,False,5361851,Home And A Bay,1,15,58,True,B.Allen,Leon & Troy Corstens & Will Larkin,True,1,,,,,,,,,,,,,,,,,,,,,
VIC,Tatura,1,1000,Soft,7,2026-09-07,5195854,5469648,Paying,Maiden,11,False,5361859,Piekna,9,8,56,True,T.M.Nugent,S.Zahra,True,1,,,,,,,,,,,,,,,,,,,,,
VIC,Tatura,2,1000,Soft,7,2026-09-07,5195854,5469650,Paying,Maiden,10,False,5361900,Tallingas Petite,12,15,57.5,False,C.J.Hill,A.Smith,False,2,,,,,,,,,,,,,,,,,,,,,
WA,Lark Hill,12,950,Good,4,2026-09-07,5197375,5478890,Paying,Trial,10,True,5361934,Meritable Service,5,0,,False,V.A.Corver,R.P.Hill,True,1,,,,,,,,,,,,,,,,,,,,,
VIC,Tatura,1,1000,Soft,7,2026-09-07,5195854,5469648,Paying,Maiden,11,False,5362195,Velvet Morning,12,10,56,False,L.King,W.B.Brisbourne,True,1,,,,,,,,,,,,,,,,,,,,,
VIC,Tatura,2,1000,Soft,7,2026-09-07,5195854,5469650,Paying,Maiden,10,False,5362303,Ottalaus,8,2,59.5,False,J.Beriman,Shane Nichols & Hayden Black,False,4,,,,,,,,,,,,,,,,,,,,,
VIC,Tatura,6,1600,Soft,7,2026-09-07,5195854,5469645,Open,BM 0-57,12,False,5362343,Tiger Fox,8,5,59.5,False,J.Beriman,Shane Nichols & Hayden Black,False,6,4,Australia,Tatura,6,2026-09-07 06:00:00+00:00,8,Tiger Fox,12,Dabble,11.000,3.100,TOP3,28.000,8.000,39.36246418338108882521,-63.7865329512893982808068000000000000000000,32.951289398280802292264000,-53.2293482005562604508068000000000000000000,-46.4111663823744422690568000000000000000000,-30.0219884427282403960250622268470343392300,
VIC,Tatura,6,1600,Soft,7,2026-09-07,5195854,5469645,Open,BM 0-57,12,False,5362343,Tiger Fox,8,5,59.5,False,J.Beriman,Shane Nichols & Hayden Black,False,6,4,Australia,Tatura,6,2026-09-07 06:00:00+00:00,8,Tiger Fox,12,Ladbrokes,11.000,2.800,TOP3,28.000,8.000,39.36246418338108882521,-63.7865329512893982808068000000000000000000,32.951289398280802292264000,-50.6371823019387489298068000000000000000000,-43.8190004837569307480568000000000000000000,-26.5996127286548899316690448979591836734700,
VIC,Tatura,6,1600,Soft,7,2026-09-07,5195854,5469645,Open,BM 0-57,12,False,5362343,Tiger Fox,8,5,59.5,False,J.Beriman,Shane Nichols & Hayden Black,False,6,4,Australia,Tatura,6,2026-09-07 06:00:00+00:00,8,Tiger Fox,12,Sportsbet,11.000,2.700,TOP3,28.000,8.000,39.36246418338108882521,-63.7865329512893982808068000000000000000000,32.951289398280802292264000,-49.6451188098752568665568000000000000000000,-42.8269369916934386848068000000000000000000,-25.3372250575370600839909563786008230452675,
VIC,Tatura,6,1600,Soft,7,2026-09-07,5195854,5469645,Open,BM 0-57,12,False,5362343,Tiger Fox,8,5,59.5,False,J.Beriman,Shane Nichols & Hayden Black,False,6,4,Australia,Tatura,6,2026-09-07 06:00:00+00:00,8,Tiger Fox,12,UniBet,11.000,3.000,TOP3,28.000,8.000,39.36246418338108882521,-63.7865329512893982808068000000000000000000,32.951289398280802292264000,-52.4228965876530346445568000000000000000000,-45.6047147694712164628068000000000000000000,-28.9380481028045497962234666666666666666675,
VIC,Tatura,6,1600,Soft,7,2026-09-07,5195854,5469645,Open,BM 0-57,12,False,5362343,Tiger Fox,8,5,59.5,False,J.Beriman,Shane Nichols & Hayden Black,False,6,4,Australia,Tatura,6,2026-09-07 06:00:00+00:00,8,Tiger Fox,12,Surge ,11.000,3.000,TOP3,28.000,8.000,39.36246418338108882521,-63.7865329512893982808068000000000000000000,32.951289398280802292264000,-52.4228965876530346445568000000000000000000,-45.6047147694712164628068000000000000000000,-28.9380481028045497962234666666666666666675,
VIC,Tatura,6,1600,Soft,7,2026-09-07,5195854,5469645,Open,BM 0-57,12,False,5362343,Tiger Fox,8,5,59.5,False,J.Beriman,Shane Nichols & Hayden Black,False,6,4,Australia,Tatura,6,2026-09-07 06:00:00+00:00,8,Tiger Fox,12,Betr,11.000,2.750,TOP3,28.000,8.000,39.36246418338108882521,-63.7865329512893982808068000000000000000000,32.951289398280802292264000,-50.1501693149257619173068000000000000000000,-43.3319874967439437355568000000000000000000,-25.9766155959174974546394446280991735537200,
VIC,Cranbourne-Trn,7,1000,,0,2026-09-07,5197805,5478767,FinalFields,Trial,7,True,5362427,Hollywood Hustler,6,0,,False,,J.Warren,True,1,,,,,,,,,,,,,,,,,,,,,
VIC,Ballarat Synthetic,2,1100,Synth,,2026-09-07,5197847,5478704,Paying,Trial,4,True,5362440,Flash Of Fancy,1,0,,False,W.Gordon,T.Weir,True,1,,,,,,,,,,,,,,,,,,,,,
WA,Lark Hill,11,950,Good,4,2026-09-07,5197375,5478889,Paying,Trial,10,True,5362666,Moose,5,0,,False,B.M.Parnham,D.L.Morton,True,1,,,,,,,,,,,,,,,,,,,,,
VIC,Cranbourne-Trn,5,800,,0,2026-09-07,5197805,5478770,FinalFields,Trial,10,True,5362838,Soho Miss,5,0,,False,,Mick Price & Michael Kent (Jnr),True,1,,,,,,,,,,,,,,,,,,,,,
WA,Lark Hill,8,950,Good,4,2026-09-07,5197375,5478886,Paying,Trial,9,True,5362844,Venetian Delight,6,0,,True,W.A.Pike,S.R.Casey,True,1,,,,,,,,,,,,,,,,,,,,,
WA,Lark Hill,16,1400,Good,4,2026-09-07,5197375,5478532,Paying,Trial,5,True,5362891,Silverlake,2,0,,False,J.K.Tsang,M.P.Grantham,True,1,,,,,,,,,,,,,,,,,,,,,
WA,Lark Hill,10,950,Good,4,2026-09-07,5197375,5478888,Paying,Trial,10,True,5362892,Cosmic Connection,1,0,,False,J.Noske,M.P.Grantham,True,1,,,,,,,,,,,,,,,,,,,,,
NSW,Dubbo,3,1300,Good,4,2026-09-07,5196943,5468597,Paying,Maiden,11,False,5362905,Miners Mate,10,11,55.5,False,C.Gallagher,L.R.Chandler,False,5,,,,,,,,,,,,,,,,,,,,,
VIC,Cranbourne-Trn,6,1000,,0,2026-09-07,5197805,5478766,FinalFields,Trial,8,True,5362910,Top Effort,5,0,,False,,M.Laurie,True,1,,,,,,,,,,,,,,,,,,,,,
VIC,Tatura,8,1000,Soft,7,2026-09-07,5195854,5469651,Open,BM 0-57,12,False,5362935,The Birthday Party,10,8,59,True,H.Durnan,Leon & Troy Corstens & Will Larkin,False,1,,,,,,,,,,,,,,,,,,,,,
WA,Lark Hill,11,950,Good,4,2026-09-07,5197375,5478889,Paying,Trial,10,True,5362985,Astral Serenade,6,0,,False,L.F.Fiore,S.R.Casey,True,1,,,,,,,,,,,,,,,,,,,,,
VIC,Southside Cranbourne,5,760,Synth,,2026-09-07,5197846,5479223,Paying,Trial,6,True,5363016,Mr Sapphire,3,0,,False,D.Dean,J.F.Moloney,False,1,,,,,,,,,,,,,,,,,,,,,
VIC,Cranbourne-Trn,6,1000,,0,2026-09-07,5197805,5478766,FinalFields,Trial,8,True,5363038,King Augustus,4,0,,False,,L.M.Kennewell,True,1,,,,,,,,,,,,,,,,,,,,,
VIC,Cranbourne-Trn,4,800,,0,2026-09-07,5197805,5478769,FinalFields,Trial,10,True,5363141,Rwanda,2,0,,False,,Mick Price & Michael Kent (Jnr),True,1,,,,,,,,,,,,,,,,,,,,,
VIC,Ballarat Synthetic,1,1100,Synth,,2026-09-07,5197847,5478702,Paying,Trial,5,True,5363237,Quick Finish,5,0,,False,J.M.Allen,Tony & Calvin Mcevoy,False,3,,,,,,,,,,,,,,,,,,,,,
WA,Lark Hill,10,950,Good,4,2026-09-07,5197375,5478888,Paying,Trial,10,True,5363256,Day Out,8,0,,False,N.Faithfull,Daniel & Ben Pearce,False,2,,,,,,,,,,,,,,,,,,,,,
NSW,Grafton,2,1200,Good,4,2026-09-07,5194178,5468590,Paying,Maiden,9,False,5363323,Mr Lover Lover,5,4,56.5,False,D.L.Turner,M.J.Dunn,True,1,,,,,,,,,,,,,,,,,,,,,
VIC,Cranbourne-Trn,6,1000,,0,2026-09-07,5197805,5478766,FinalFields,Trial,8,True,5363417,Star Bar,8,0,,False,,Allan & Jason Williams,True,1,,,,,,,,,,,,,,,,,,,,,
VIC,Cranbourne-Trn,3,800,,0,2026-09-07,5197805,5478768,FinalFields,Trial,11,True,5363439,Planet Nero,6,0,,False,,Mick Price & Michael Kent (Jnr),True,1,,,,,,,,,,,,,,,,,,,,,
VIC,Southside Cranbourne,5,760,Synth,,2026-09-07,5197846,5479223,Paying,Trial,6,True,5363502,Edge Of Wonder,2,0,,False,J.A.Johnstone,G.Eurell,True,1,,,,,,,,,,,,,,,,,,,,,
VIC,Cranbourne-Trn,3,800,,0,2026-09-07,5197805,5478768,FinalFields,Trial,11,True,5363502,Edge Of Wonder,3,0,,False,,G.Eurell,True,1,,,,,,,,,,,,,,,,,,,,,
WA,Lark Hill,9,950,Good,4,2026-09-07,5197375,5478887,Paying,Trial,10,True,5363580,Royal Reflection,1,0,,True,W.A.Pike,M.P.Grantham,True,1,,,,,,,,,,,,,,,,,,,,,
WA,Lark Hill,10,950,Good,4,2026-09-07,5197375,5478888,Paying,Trial,10,True,5363710,Serenity Star,2,0,,False,J.K.Tsang,M.P.Grantham,True,1,,,,,,,,,,,,,,,,,,,,,
VIC,Cranbourne-Trn,4,800,,0,2026-09-07,5197805,5478769,FinalFields,Trial,10,True,5363769,Castel Del Monte,10,0,,False,,C.J.Littlefield,True,1,,,,,,,,,,,,,,,,,,,,,
VIC,Cranbourne-Trn,5,800,,0,2026-09-07,5197805,5478770,FinalFields,Trial,10,True,5363797,Miss Home Body,8,0,,False,,Peter G Moody & Katherine Coleman,True,1,,,,,,,,,,,,,,,,,,,,,
VIC,Cranbourne-Trn,4,800,,0,2026-09-07,5197805,5478769,FinalFields,Trial,10,True,5363937,Setfortakeoff,9,0,,False,,David & Coral Feek,True,1,,,,,,,,,,,,,,,,,,,,,
VIC,Tatura,1,1000,Soft,7,2026-09-07,5195854,5469648,Paying,Maiden,11,False,5364065,Turbo Babaa,13,17,56,False,Z.Spain,D.T.O'Brien,False,2,,,,,,,,,,,,,,,,,,,,,
NSW,Dubbo,3,1300,Good,4,2026-09-07,5196943,5468597,Paying,Maiden,11,False,5364112,Velocette,11,9,55.5,True,S.S.Llewellyn,A.J.Kehoe,False,2,,,,,,,,,,,,,,,,,,,,,
WA,Lark Hill,7,950,Good,4,2026-09-07,5197375,5478885,Paying,Trial,11,True,5364175,Sunny Boom,3,0,,False,C.L.Azzopardi,Grant & Alana Williams,True,1,,,,,,,,,,,,,,,,,,,,,
VIC,Cranbourne-Trn,5,800,,0,2026-09-07,5197805,5478770,FinalFields,Trial,10,True,5364220,Divine Dame,7,0,,False,,C.J.Littlefield,True,1,,,,,,,,,,,,,,,,,,,,,
VIC,Cranbourne-Trn,7,1000,,0,2026-09-07,5197805,5478767,FinalFields,Trial,7,True,5364437,Weishaupt,3,0,,False,,P.B.Payne,True,1,,,,,,,,,,,,,,,,,,,,,
NSW,Grafton,1,940,,0,2026-09-07,5197814,5477829,FinalFields,Trial,6,True,5364873,Ayaka,2,0,,False,N.Tomizawa,D.Chujo,True,1,,,,,,,,,,,,,,,,,,,,,
WA,Lark Hill,2,400,Soft,5,2026-09-07,5197375,5478772,Paying,Trial,5,True,5364924,Flash Of Fina,5,0,,False,V.A.Corver,R.P.Hill,True,1,,,,,,,,,,,,,,,,,,,,,
VIC,Cranbourne-Trn,5,800,,0,2026-09-07,5197805,5478770,FinalFields,Trial,10,True,5365050,The Speed Machine,2,0,,False,,Mick Price & Michael Kent (Jnr),False,1,,,,,,,,,,,,,,,,,,,,,
WA,Lark Hill,9,950,Good,4,2026-09-07,5197375,5478887,Paying,Trial,10,True,5365077,Forest Snip,7,0,,False,B.M.Parnham,S.J.Miller,True,1,,,,,,,,,,,,,,,,,,,,,
VIC,Southside Cranbourne,5,760,Synth,,2026-09-07,5197846,5479223,Paying,Trial,6,True,5365155,The Shyster,4,0,,False,C.Hefel,A.Dale,True,1,,,,,,,,,,,,,,,,,,,,,
VIC,Cranbourne-Trn,3,800,,0,2026-09-07,5197805,5478768,FinalFields,Trial,11,True,5365155,The Shyster,9,0,,False,,A.Dale,True,1,,,,,,,,,,,,,,,,,,,,,
VIC,Cranbourne-Trn,7,1000,,0,2026-09-07,5197805,5478767,FinalFields,Trial,7,True,5365233,Sunstorm,4,0,,False,,Trent Busuttin & Natalie Young,True,1,,,,,,,,,,,,,,,,,,,,,
VIC,Southside Cranbourne,3,1000,Synth,,2026-09-07,5197846,5479221,Paying,Trial,6,True,5365233,Sunstorm,6,0,,False,M.J.Dee,Trent Busuttin & Natalie Young,True,1,,,,,,,,,,,,,,,,,,,,,
VIC,Tatura,1,1000,Soft,7,2026-09-07,5195854,5469648,Paying,Maiden,11,False,5365248,Bordeaux,16,4,58,False,B.Allen,Tony & Calvin Mcevoy,False,1,,,,,,,,,,,,,,,,,,,,,
VIC,Cranbourne-Trn,3,800,,0,2026-09-07,5197805,5478768,FinalFields,Trial,11,True,5365399,Pocketfullofcash,5,0,,False,,R.J.Goodwin,False,2,,,,,,,,,,,,,,,,,,,,,
WA,Lark Hill,5,950,Soft,5,2026-09-07,5197375,5478876,Paying,Trial,6,True,5365411,Swift Ruler,5,0,,True,W.A.Pike,A.G.Durrant,False,5,4,,,,,,,,,,,,,,,,,,,,
WA,Lark Hill,11,950,Good,4,2026-09-07,5197375,5478889,Paying,Trial,10,True,5365439,Miss Ajax,4,0,,False,V.A.Corver,R.P.Hill,False,2,,,,,,,,,,,,,,,,,,,,,
WA,Lark Hill,10,950,Good,4,2026-09-07,5197375,5478888,Paying,Trial,10,True,5365440,Bohemian Girl,6,0,,False,L.F.Fiore,S.R.Casey,True,1,,,,,,,,,,,,,,,,,,,,,
WA,Lark Hill,11,950,Good,4,2026-09-07,5197375,5478889,Paying,Trial,10,True,5365507,Piggy Malone,10,0,,False,T.K.Turner,R.J.Radford,True,1,,,,,,,,,,,,,,,,,,,,,
VIC,Tatura,1,1000,Soft,7,2026-09-07,5195854,5469648,Paying,Maiden,11,False,5365620,Cool Victory,17,16,56,True,,Michael & Luke Cerchi,False,3,,,,,,,,,,,,,,,,,,,,,
VIC,Cranbourne-Trn,3,800,,0,2026-09-07,5197805,5478768,FinalFields,Trial,11,True,5365681,Storm Bella,8,0,,False,,M.Laurie,True,1,,,,,,,,,,,,,,,,,,,,,
NSW,Dubbo,2,1000,Good,4,2026-09-07,5196943,5468598,Paying,Maiden,11,False,5365813,Mazort,10,2,56.5,False,J.Pracey-Holmes,B.R.E.Thompson,False,2,,,,,,,,,,,,,,,,,,,,,
VIC,Ballarat Synthetic,2,1100,Synth,,2026-09-07,5197847,5478704,Paying,Trial,4,True,5366005,Restrict Me Not,2,0,,False,D.Bates,A.Alexander,True,1,,,,,,,,,,,,,,,,,,,,,
NSW,Dubbo,1,1000,,0,2026-09-07,5197837,5477831,FinalFields,Trial,8,True,5366011,Binnaway Bullet,1,0,,False,,D.P.Lunn,True,1,,,,,,,,,,,,,,,,,,,,,
WA,Lark Hill,7,950,Good,4,2026-09-07,5197375,5478885,Paying,Trial,11,True,5366040,Call To Order,10,0,,False,N.Faithfull,M.J.D.Hall,False,1,,,,,,,,,,,,,,,,,,,,,
WA,Lark Hill,11,950,Good,4,2026-09-07,5197375,5478889,Paying,Trial,10,True,5366058,Zavaworld,8,0,,False,J.R.Azzopardi,D.A.Riordan,True,1,,,,,,,,,,,,,,,,,,,,,
WA,Lark Hill,10,950,Good,4,2026-09-07,5197375,5478888,Paying,Trial,10,True,5366392,No Show,9,0,,False,J.R.Azzopardi,R.W.Price,True,1,,,,,,,,,,,,,,,,,,,,,
VIC,Cranbourne-Trn,3,800,,0,2026-09-07,5197805,5478768,FinalFields,Trial,11,True,5366403,Tigerlena,1,0,,False,,R.D.Griffiths,True,1,,,,,,,,,,,,,,,,,,,,,
VIC,Cranbourne-Trn,6,1000,,0,2026-09-07,5197805,5478766,FinalFields,Trial,8,True,5366610,Lagunanini,7,0,,False,,Trent Busuttin & Natalie Young,False,1,,,,,,,,,,,,,,,,,,,,,
VIC,Southside Cranbourne,3,1000,Synth,,2026-09-07,5197846,5479221,Paying,Trial,6,True,5366610,Lagunanini,4,0,,False,O.I.East,Trent Busuttin & Natalie Young,False,1,,,,,,,,,,,,,,,,,,,,,
NSW,Grafton,6,1200,Good,4,2026-09-07,5194178,5468587,Open,BM 58,8,False,5366688,Flying Scarlett,13,9,55,True,,A.Campton,False,5,,,,,,,,,,,,,,,,,,,,,
WA,Lark Hill,2,400,Soft,5,2026-09-07,5197375,5478772,Paying,Trial,5,True,5366893,Nakila,4,0,,False,J.Mcnaught,A.G.Durrant,True,1,,,,,,,,,,,,,,,,,,,,,
VIC,Ballarat Synthetic,2,1100,Synth,,2026-09-07,5197847,5478704,Paying,Trial,4,True,5367010,This Is It,4,0,,False,J.M.Allen,M.S.S.Cumani,True,1,,,,,,,,,,,,,,,,,,,,,
VIC,Cranbourne-Trn,3,800,,0,2026-09-07,5197805,5478768,FinalFields,Trial,11,True,5367019,Ivory Pier,11,0,,False,,G.M.Begg,True,1,,,,,,,,,,,,,,,,,,,,,
VIC,Ballarat Synthetic,4,850,Synth,,2026-09-07,5197847,5479147,Paying,Trial,5,True,5367050,Snow Party,2,0,,False,B.P.Deeker-Fradd,H.Dwyer,True,1,,,,,,,,,,,,,,,,,,,,,
NSW,Grafton,1,940,,0,2026-09-07,5197814,5477829,FinalFields,Trial,6,True,5367141,Vieni Qua,8,0,,False,N.Masuda,D.Chujo,True,1,,,,,,,,,,,,,,,,,,,,,
VIC,Cranbourne-Trn,4,800,,0,2026-09-07,5197805,5478769,FinalFields,Trial,10,True,5367288,Just A Flirt,4,0,,False,,G.M.Begg,True,1,,,,,,,,,,,,,,,,,,,,,
WA,Lark Hill,14,950,Good,4,2026-09-07,5197375,5478892,Paying,Trial,9,True,5367305,Twilight Spirit,9,0,,False,B.M.Gaerth,S.L.Miller,False,1,,,,,,,,,,,,,,,,,,,,,
VIC,Southside Cranbourne,3,1000,Synth,,2026-09-07,5197846,5479221,Paying,Trial,6,True,5367362,All Too Hard/Lillemor/2023,2,0,,False,N.M.Mcmahon,M.Jenkins,True,1,,,,,,,,,,,,,,,,,,,,,
VIC,Ballarat Synthetic,2,1100,Synth,,2026-09-07,5197847,5478704,Paying,Trial,4,True,5367368,Melboy,3,0,,False,C.Macredmond,M.S.S.Cumani,True,1,,,,,,,,,,,,,,,,,,,,,
WA,Lark Hill,10,950,Good,4,2026-09-07,5197375,5478888,Paying,Trial,10,True,5367409,Dinky Double,3,0,,False,C.T.Johnston-Porter,Grant & Alana Williams,True,1,,,,,,,,,,,,,,,,,,,,,
VIC,Cranbourne-Trn,4,800,,0,2026-09-07,5197805,5478769,FinalFields,Trial,10,True,5367480,Nickibi,3,0,,False,,Ken & Kasey Keys,True,1,,,,,,,,,,,,,,,,,,,,,
VIC,Cranbourne-Trn,3,800,,0,2026-09-07,5197805,5478768,FinalFields,Trial,11,True,5367614,Action Point,10,0,,False,,G.M.Begg,True,1,,,,,,,,,,,,,,,,,,,,,
VIC,Cranbourne-Trn,5,800,,0,2026-09-07,5197805,5478770,FinalFields,Trial,10,True,5367880,Mr Barlow,9,0,,False,,L.M.Kennewell,True,1,,,,,,,,,,,,,,,,,,,,,
VIC,Ballarat Synthetic,3,850,Synth,,2026-09-07,5197847,5478706,Paying,Trial,7,True,5367952,Queen Of The Top,0,0,,True,,H.Dwyer,False,1,,,,,,,,,,,,,,,,,,,,,
WA,Lark Hill,13,950,Good,4,2026-09-07,5197375,5478891,Paying,Trial,10,True,5367981,Im Joe Cool,10,0,,False,J.D.Valas,R.W.Williams,True,1,,,,,,,,,,,,,,,,,,,,,
VIC,Ballarat Synthetic,4,850,Synth,,2026-09-07,5197847,5479147,Paying,Trial,5,True,5368159,Noble Fox,3,0,,False,J.M.Allen,H.Dwyer,True,1,,,,,,,,,,,,,,,,,,,,,
VIC,Cranbourne-Trn,5,800,,0,2026-09-07,5197805,5478770,FinalFields,Trial,10,True,5368179,Aroused,4,0,,False,,G.M.Begg,True,1,,,,,,,,,,,,,,,,,,,,,
WA,Lark Hill,8,950,Good,4,2026-09-07,5197375,5478886,Paying,Trial,9,True,5368241,Sterling Command,2,0,,False,W.A.Pike,Grant & Alana Williams,True,1,,,,,,,,,,,,,,,,,,,,,
NSW,Dubbo,2,1000,Good,4,2026-09-07,5196943,5468598,Paying,Maiden,11,False,5368277,Flo Jo The Eskimo,14,8,55,True,K.Dunbar,M.C.Lynch,False,4,,,,,,,,,,,,,,,,,,,,,
WA,Lark Hill,1,400,Soft,5,2026-09-07,5197375,5478771,Paying,Trial,5,True,5368319,Dig Deep Dashie,5,0,,False,T.K.Turner,B.V.Watkins,True,1,,,,,,,,,,,,,,,,,,,,,
WA,Lark Hill,9,950,Good,4,2026-09-07,5197375,5478887,Paying,Trial,10,True,5368335,Shezasilver Bullet,8,0,,False,B.M.Gaerth,J.F.Miller,True,1,,,,,,,,,,,,,,,,,,,,,
WA,Lark Hill,7,950,Good,4,2026-09-07,5197375,5478885,Paying,Trial,11,True,5368369,Maedhros,6,0,,False,V.A.Corver,R.P.Hill,True,1,,,,,,,,,,,,,,,,,,,,,
WA,Lark Hill,11,950,Good,4,2026-09-07,5197375,5478889,Paying,Trial,10,True,5368382,Angelic Girl,3,0,,False,W.A.Pike,Grant & Alana Williams,True,1,,,,,,,,,,,,,,,,,,,,,
WA,Lark Hill,10,950,Good,4,2026-09-07,5197375,5478888,Paying,Trial,10,True,5368411,I Like What I See,11,0,,False,B.P.Webster,H.E.Matthews,True,1,,,,,,,,,,,,,,,,,,,,,
WA,Lark Hill,8,950,Good,4,2026-09-07,5197375,5478886,Paying,Trial,9,True,5368420,Imperial Pacific,3,0,,False,J.J.Lyon,Grant & Alana Williams,True,1,,,,,,,,,,,,,,,,,,,,,
WA,Lark Hill,12,950,Good,4,2026-09-07,5197375,5478890,Paying,Trial,10,True,5368456,Helluva Promise,3,0,,False,B.M.Parnham,M.L.Lane,False,1,,,,,,,,,,,,,,,,,,,,,
WA,Lark Hill,12,950,Good,4,2026-09-07,5197375,5478890,Paying,Trial,10,True,5368560,Ice Maschine,6,0,,False,J.D.Valas,G.C.Ballantyne,True,1,,,,,,,,,,,,,,,,,,,,,
WA,Lark Hill,1,400,Soft,5,2026-09-07,5197375,5478771,Paying,Trial,5,True,5368579,Gemmas Girl,7,0,,False,J.S.Whiting,E.Altieri,True,1,,,,,,,,,,,,,,,,,,,,,
WA,Lark Hill,1,400,Soft,5,2026-09-07,5197375,5478771,Paying,Trial,5,True,5368641,Winning Affair,2,0,,False,Z.T.Johnston-Porter,R.H.A.Gulberti,True,1,,,,,,,,,,,,,,,,,,,,,
WA,Lark Hill,2,400,Soft,5,2026-09-07,5197375,5478772,Paying,Trial,5,True,5368641,Winning Affair,3,0,,True,,R.H.A.Gulberti,True,1,,,,,,,,,,,,,,,,,,,,,
VIC,Cranbourne-Trn,4,800,,0,2026-09-07,5197805,5478769,FinalFields,Trial,10,True,5368691,Ministry,6,0,,False,,G.M.Begg,True,1,,,,,,,,,,,,,,,,,,,,,
NSW,Dubbo,2,1000,Good,4,2026-09-07,5196943,5468598,Paying,Maiden,11,False,5368821,Slippery Cod,11,3,56.5,False,D.M.De Oca,G.J.O'Neill,True,1,,,,,,,,,,,,,,,,,,,,,
VIC,Tatura,1,1000,Soft,7,2026-09-07,5195854,5469648,Paying,Maiden,11,False,5368838,Kung Fu Panda,14,12,56,True,D.G.Thornton,"Ben, Will & Jd Hayes",False,3,,,,,,,,,,,,,,,,,,,,,
VIC,Cranbourne-Trn,6,1000,,0,2026-09-07,5197805,5478766,FinalFields,Trial,8,True,5368841,Thermic,2,0,,False,,P.B.Payne,True,1,,,,,,,,,,,,,,,,,,,,,
WA,Lark Hill,12,950,Good,4,2026-09-07,5197375,5478890,Paying,Trial,10,True,5368902,Triesti,10,0,,False,T.W.Dyson,K.E.M.Melis,True,1,,,,,,,,,,,,,,,,,,,,,
WA,Lark Hill,8,950,Good,4,2026-09-07,5197375,5478886,Paying,Trial,9,True,5369085,Prophecy Girl,4,0,,False,B.M.Parnham,M.L.Lane,False,1,,,,,,,,,,,,,,,,,,,,,
WA,Lark Hill,8,950,Good,4,2026-09-07,5197375,5478886,Paying,Trial,9,True,5369089,Bold Flying,7,0,,False,S.F.Mcgruddy,R.I.Bayliss,True,1,,,,,,,,,,,,,,,,,,,,,
WA,Lark Hill,8,950,Good,4,2026-09-07,5197375,5478886,Paying,Trial,9,True,5369090,Zesty Zoom,11,0,,False,N.Faithfull,T.M.Wolfe,True,1,,,,,,,,,,,,,,,,,,,,,
VIC,Southside Cranbourne,3,1000,Synth,,2026-09-07,5197846,5479221,Paying,Trial,6,True,5369380,Jonas,3,0,,False,B.R.Kinninmont,M.C.Kent,True,1,,,,,,,,,,,,,,,,,,,,,
VIC,Ballarat Synthetic,5,850,Synth,,2026-09-07,5197847,5479148,Paying,Trial,6,True,5369382,Rich Voltage,1,0,,False,A.Kelly,D.P.Kelly,False,1,,,,,,,,,,,,,,,,,,,,,
WA,Lark Hill,12,950,Good,4,2026-09-07,5197375,5478890,Paying,Trial,10,True,5369415,My Digital Soul,4,0,,False,J.Mcnaught,A.G.Durrant,True,1,,,,,,,,,,,,,,,,,,,,,
WA,Lark Hill,11,950,Good,4,2026-09-07,5197375,5478889,Paying,Trial,10,True,5369426,Il Frammento,9,0,,False,S.D.Parnham,T.Triscari,True,1,,,,,,,,,,,,,,,,,,,,,
VIC,Cranbourne-Trn,3,800,,0,2026-09-07,5197805,5478768,FinalFields,Trial,11,True,5369639,Berardo,4,0,,False,,M.W.Walker,True,1,,,,,,,,,,,,,,,,,,,,,
WA,Lark Hill,12,950,Good,4,2026-09-07,5197375,5478890,Paying,Trial,10,True,5369737,Frosted Warrior,8,0,,False,S.D.Parnham,S.V.Vahala,False,1,,,,,,,,,,,,,,,,,,,,,
VIC,Cranbourne-Trn,5,800,,0,2026-09-07,5197805,5478770,FinalFields,Trial,10,True,5369805,Revelation Miss,1,0,,False,,R.D.Griffiths,True,1,,,,,,,,,,,,,,,,,,,,,
NSW,Dubbo,2,1000,Good,4,2026-09-07,5196943,5468598,Paying,Maiden,11,False,5369906,Starry Runner,12,6,56.5,True,,A.Stewart,True,1,,,,,,,,,,,,,,,,,,,,,
VIC,Southside Cranbourne,5,760,Synth,,2026-09-07,5197846,5479223,Paying,Trial,6,True,5370005,Soul Patch/Write Enuff/2023,5,0,,False,R.Lamont,Ken & Kasey Keys,True,1,,,,,,,,,,,,,,,,,,,,,
VIC,Southside Cranbourne,3,1000,Synth,,2026-09-07,5197846,5479221,Paying,Trial,6,True,5370058,Vallice,1,0,,False,E.P.Brown,C.Maher,False,5,3,,,,,,,,,,,,,,,,,,,,
WA,Lark Hill,7,950,Good,4,2026-09-07,5197375,5478885,Paying,Trial,11,True,5370202,Chippys Choice,7,0,,False,J.S.Whiting,G.C.Ballantyne,True,1,,,,,,,,,,,,,,,,,,,,,
WA,Lark Hill,7,950,Good,4,2026-09-07,5197375,5478885,Paying,Trial,11,True,5370280,Ze Deel,8,0,,False,J.Noske,T.F.N.Noske,True,1,,,,,,,,,,,,,,,,,,,,,
WA,Lark Hill,7,950,Good,4,2026-09-07,5197375,5478885,Paying,Trial,11,True,5370285,Swing Bar,11,0,,False,Z.T.Johnston-Porter,M.L.Bazeley,True,1,,,,,,,,,,,,,,,,,,,,,
WA,Lark Hill,8,950,Good,4,2026-09-07,5197375,5478886,Paying,Trial,9,True,5370308,Iron Zeus,8,0,,False,J.Noske,T.F.N.Noske,True,1,,,,,,,,,,,,,,,,,,,,,
VIC,Tatura,1,1000,Soft,7,2026-09-07,5195854,5469648,Paying,Maiden,11,False,5371083,Zelkova,6,14,58,False,C.Atkinson,A.C.Peterson,True,1,,,,,,,,,,,,,,,,,,,,,
VIC,Ballarat Synthetic,3,850,Synth,,2026-09-07,5197847,5478706,Paying,Trial,7,True,5371234,Nostradamus/Allgraceful/2023,6,0,,False,D.Bates,N.O'Shea,True,1,,,,,,,,,,,,,,,,,,,,,
WA,Lark Hill,12,950,Good,4,2026-09-07,5197375,5478890,Paying,Trial,10,True,5371317,California Gold,9,0,,False,J.R.Azzopardi,D.A.Riordan,True,1,,,,,,,,,,,,,,,,,,,,,
WA,Lark Hill,9,950,Good,4,2026-09-07,5197375,5478887,Paying,Trial,10,True,5371328,Roger,5,0,,False,W.A.Pike,D.L.Morton,True,1,,,,,,,,,,,,,,,,,,,,,
VIC,Ballarat Synthetic,4,850,Synth,,2026-09-07,5197847,5479147,Paying,Trial,5,True,5371369,The Waterboy,4,0,,False,M.J.Lloyd,M.J.Lloyd,True,1,,,,,,,,,,,,,,,,,,,,,
VIC,Ballarat Synthetic,4,850,Synth,,2026-09-07,5197847,5479147,Paying,Trial,5,True,5371376,Wheresthesheriff,5,0,,False,A.Kelly,M.J.Lloyd,True,1,,,,,,,,,,,,,,,,,,,,,
VIC,Tatura,1,1000,Soft,7,2026-09-07,5195854,5469648,Paying,Maiden,11,False,5371380,Pretty Panther,5,7,58,False,J.Duffy,O.M.Osborne,True,1,,,,,,,,,,,,,,,,,,,,,
VIC,Ballarat Synthetic,5,850,Synth,,2026-09-07,5197847,5479148,Paying,Trial,6,True,5371390,Dismissive,6,0,,False,D.Bates,A.Alexander,True,1,,,,,,,,,,,,,,,,,,,,,
WA,Lark Hill,7,950,Good,4,2026-09-07,5197375,5478885,Paying,Trial,11,True,5371638,La Sessione Estiva,4,0,,False,A.Galati,S.C.Dickson,True,1,,,,,,,,,,,,,,,,,,,,,
WA,Lark Hill,9,950,Good,4,2026-09-07,5197375,5478887,Paying,Trial,10,True,5371641,Spinifex,10,0,,False,A.Galati,C.G.Willis,True,1,,,,,,,,,,,,,,,,,,,,,
VIC,Tatura,1,1000,Soft,7,2026-09-07,5195854,5469648,Paying,Maiden,11,False,5371675,Masochistic,8,2,56,True,C.E.Hollowood,C.W.Mcdonald,False,2,,,,,,,,,,,,,,,,,,,,,
WA,Lark Hill,1,400,Soft,5,2026-09-07,5197375,5478771,Paying,Trial,5,True,5371798,First At Dawn,6,0,,True,B.M.Gaerth,B.W.Owen,True,1,,,,,,,,,,,,,,,,,,,,,
VIC,Cranbourne-Trn,4,800,,0,2026-09-07,5197805,5478769,FinalFields,Trial,10,True,5371865,Mcphillips,8,0,,False,,P.B.Payne,True,1,,,,,,,,,,,,,,,,,,,,,
VIC,Tatura,1,1000,Soft,7,2026-09-07,5195854,5469648,Paying,Maiden,11,False,5371865,Mcphillips,2,9,58,True,T.Atkinson,P.B.Payne,True,1,,,,,,,,,,,,,,,,,,,,,
WA,Lark Hill,11,950,Good,4,2026-09-07,5197375,5478889,Paying,Trial,10,True,5372029,Gantheaume Rose,2,0,,False,J.Noske,M.P.Grantham,True,1,,,,,,,,,,,,,,,,,,,,,
WA,Lark Hill,7,950,Good,4,2026-09-07,5197375,5478885,Paying,Trial,11,True,5372446,Dart Man,9,0,,False,J.R.Azzopardi,J.N.Pateman,True,1,,,,,,,,,,,,,,,,,,,,,
WA,Lark Hill,8,950,Good,4,2026-09-07,5197375,5478886,Paying,Trial,9,True,5372532,Brother Jack,9,0,,False,J.R.Azzopardi,J.N.Pateman,True,1,,,,,,,,,,,,,,,,,,,,,
NSW,Grafton,7,1400,Good,4,2026-09-07,5194178,5468585,Open,BM 64,11,False,5372613,Satin And Cash,13,7,55.5,False,J.L.Bayliss,S.Mcguren,False,9,,Australia,Grafton,7,2026-09-07 06:55:00+00:00,13,Satin And Cash,11,Dabble,3.500,1.550,TOP3,7.400,10.000,47.80821917808219178082,-56.9726027397260273972620000000000000000000,30.821917808219178082192000,-51.4426488226753361537620000000000000000000,-30.0140773941039075820120000000000000000000,-12.8444624097126484768850489073881373569200,
NSW,Grafton,7,1400,Good,4,2026-09-07,5194178,5468585,Open,BM 64,11,False,5372613,Satin And Cash,13,7,55.5,False,J.L.Bayliss,S.Mcguren,False,9,,Australia,Grafton,7,2026-09-07 06:55:00+00:00,13,Satin And Cash,11,Ladbrokes,4.000,1.700,TOP3,7.400,10.000,54.65753424657534246575,-50.8082191780821917808250000000000000000000,36.986301369863013698630000,-44.1905721192586623693250000000000000000000,-25.4405721192586623693250000000000000000000,-7.2744821538607384938457612456747404844300,
NSW,Grafton,7,1400,Good,4,2026-09-07,5194178,5468585,Open,BM 64,11,False,5372613,Satin And Cash,13,7,55.5,False,J.L.Bayliss,S.Mcguren,False,9,,Australia,Grafton,7,2026-09-07 06:55:00+00:00,13,Satin And Cash,11,Sportsbet,3.600,1.500,TOP3,7.400,10.000,49.17808219178082191781,-55.7397260273972602739710000000000000000000,32.054794520547945205479000,-47.4063926940639269407210000000000000000000,-26.5730593607305936072210000000000000000000,-9.9063926940639269406376666666666666666675,
NSW,Grafton,7,1400,Good,4,2026-09-07,5194178,5468585,Open,BM 64,11,False,5372613,Satin And Cash,13,7,55.5,False,J.L.Bayliss,S.Mcguren,False,9,,Australia,Grafton,7,2026-09-07 06:55:00+00:00,13,Satin And Cash,11,UniBet,3.700,1.550,TOP3,7.400,10.000,50.54794520547945205479,-54.5068493150684931506890000000000000000000,33.287671232876712328767000,-46.6602930814154853041890000000000000000000,-26.3900228111452150339390000000000000000000,-9.2204078267539559288120489073881373569200,
NSW,Grafton,7,1400,Good,4,2026-09-07,5194178,5468585,Open,BM 64,11,False,5372613,Satin And Cash,13,7,55.5,False,J.L.Bayliss,S.Mcguren,False,9,,Australia,Grafton,7,2026-09-07 06:55:00+00:00,13,Satin And Cash,11,Surge ,3.700,1.650,TOP3,7.400,10.000,50.54794520547945205479,-54.5068493150684931506890000000000000000000,33.287671232876712328767000,-49.5928444010635791454390000000000000000000,-29.3225741307933088751890000000000000000000,-11.4162380426390389027998815426997245179075,
NSW,Grafton,7,1400,Good,4,2026-09-07,5194178,5468585,Open,BM 64,11,False,5372613,Satin And Cash,13,7,55.5,False,J.L.Bayliss,S.Mcguren,False,9,,Australia,Grafton,7,2026-09-07 06:55:00+00:00,13,Satin And Cash,11,Betr,3.700,1.570,TOP3,7.400,10.000,50.54794520547945205479,-54.5068493150684931506890000000000000000000,33.287671232876712328767000,-47.2766892186663585319390000000000000000000,-27.0064189483960882616890000000000000000000,-9.6629161693786839045181918536248935048075,
NSW,Grafton,2,1200,Good,4,2026-09-07,5194178,5468590,Paying,Maiden,9,False,5373641,Ronardo,6,2,56.5,True,,J.J.Hull,False,2,,,,,,,,,,,,,,,,,,,,,
WA,Lark Hill,2,400,Soft,5,2026-09-07,5197375,5478772,Paying,Trial,5,True,5373843,Bewtaar,1,0,,False,A.Galati,R.H.A.Gulberti,True,1,,,,,,,,,,,,,,,,,,,,,
WA,Lark Hill,1,400,Soft,5,2026-09-07,5197375,5478771,Paying,Trial,5,True,5374222,Luna Will Do,4,0,,False,W.A.Pike,A.G.Durrant,False,1,,,,,,,,,,,,,,,,,,,,,
NSW,Dubbo,1,1000,,0,2026-09-07,5197837,5477831,FinalFields,Trial,8,True,5374382,South Eight,5,0,,False,,B.Robb,True,1,,,,,,,,,,,,,,,,,,,,,
NSW,Grafton,1,940,,0,2026-09-07,5197814,5477829,FinalFields,Trial,6,True,5374416,Sampras,6,0,,False,,Stephen & Jordan Lee,True,1,,,,,,,,,,,,,,,,,,,,,
VIC,Tatura,7,1980,Soft,7,2026-09-07,5195854,5469652,Open,BM 0-57,10,False,5375230,Kawa,7,5,59.5,True,B.Allen,M.S.S.Cumani,False,9,6,,,,,,,,,,,,,,,,,,,,
VIC,Tatura,1,1000,Soft,7,2026-09-07,5195854,5469648,Paying,Maiden,11,False,5375360,Tallingas Diamond,11,11,56,False,J.W.Stanley,A.Smith,True,1,,,,,,,,,,,,,,,,,,,,,
WA,Lark Hill,12,950,Good,4,2026-09-07,5197375,5478890,Paying,Trial,10,True,5375765,Devil Down,7,0,,False,J.Noske,T.F.N.Noske,True,1,,,,,,,,,,,,,,,,,,,,,
NSW,Grafton,7,1400,Good,4,2026-09-07,5194178,5468585,Open,BM 64,11,False,5376436,Mongolian Spring,15,10,56.5,True,,A.Campton,False,6,,,,,,,,,,,,,,,,,,,,,
VIC,Cranbourne-Trn,4,800,,0,2026-09-07,5197805,5478769,FinalFields,Trial,10,True,5376578,Golden Pulse,1,0,,False,,M.W.Walker,False,2,,,,,,,,,,,,,,,,,,,,,
NSW,Grafton,1,940,,0,2026-09-07,5197814,5477829,FinalFields,Trial,6,True,5376862,Royal Eyre,5,0,,True,,D.L.Bell,False,1,,,,,,,,,,,,,,,,,,,,,
WA,Lark Hill,10,950,Good,4,2026-09-07,5197375,5478888,Paying,Trial,10,True,5376896,Fredath,4,0,,False,J.S.Whiting,G.C.Ballantyne,True,1,,,,,,,,,,,,,,,,,,,,,
VIC,Cranbourne-Trn,6,1000,,0,2026-09-07,5197805,5478766,FinalFields,Trial,8,True,5376952,Temerario,3,0,,False,,Trent Busuttin & Natalie Young,True,1,,,,,,,,,,,,,,,,,,,,,
VIC,Ballarat Synthetic,4,850,Synth,,2026-09-07,5197847,5479147,Paying,Trial,5,True,5377451,Spirit Of India,0,0,,True,,T.W.Donaldson-Aitken,True,1,,,,,,,,,,,,,,,,,,,,,
VIC,Cranbourne-Trn,7,1000,,0,2026-09-07,5197805,5478767,FinalFields,Trial,7,True,5377851,Burning Heartz,1,0,,False,,G.M.Bedggood,False,3,,,,,,,,,,,,,,,,,,,,,
WA,Lark Hill,9,950,Good,4,2026-09-07,5197375,5478887,Paying,Trial,10,True,5378014,Dynastic Lass,3,0,,False,V.A.Corver,R.P.Hill,False,2,,,,,,,,,,,,,,,,,,,,,
WA,Lark Hill,1,400,Soft,5,2026-09-07,5197375,5478771,Paying,Trial,5,True,5378523,Thai Dancer,3,0,,True,,R.H.A.Gulberti,True,1,,,,,,,,,,,,,,,,,,,,,
VIC,Ballarat Synthetic,5,850,Synth,,2026-09-07,5197847,5479148,Paying,Trial,6,True,5378813,Clever Crue,4,0,,False,M.J.Lloyd,M.J.Lloyd,True,1,,,,,,,,,,,,,,,,,,,,,
VIC,Ballarat Synthetic,5,850,Synth,,2026-09-07,5197847,5479148,Paying,Trial,6,True,5379357,Pacific Charade,3,0,,False,J.M.Allen,H.Dwyer,True,1,,,,,,,,,,,,,,,,,,,,,
WA,Lark Hill,2,400,Soft,5,2026-09-07,5197375,5478772,Paying,Trial,5,True,5379419,Marlaina Miss,2,0,,False,N.Faithfull,R.H.A.Gulberti,True,1,,,,,,,,,,,,,,,,,,,,,
WA,Lark Hill,2,400,Soft,5,2026-09-07,5197375,5478772,Paying,Trial,5,True,5381683,Eze Big Carl,6,0,,False,J.S.Whiting,B.V.Watkins,True,1,,,,,,,,,,,,,,,,,,,,,
NSW,Grafton,3,2200,Good,4,2026-09-07,5194178,5468588,Paying,BM 58,6,False,5382533,Crunch Time,9,9,56.5,True,B.S.Lerena,C.Zintilis,False,4,,,,,,,,,,,,,,,,,,,,,
VIC,Cranbourne-Trn,1,1000,,0,2026-09-07,5197805,5477680,FinalFields,Trial,8,True,5382618,Wigmore,2,0,,False,,Phillip & Tommy Stokes,False,1,,,,,,,,,,,,,,,,,,,,,
WA,Lark Hill,12,950,Good,4,2026-09-07,5197375,5478890,Paying,Trial,10,True,5382777,God Be Quick,2,0,,False,C.L.Azzopardi,Grant & Alana Williams,True,1,,,,,,,,,,,,,,,,,,,,,
VIC,Ballarat Synthetic,3,850,Synth,,2026-09-07,5197847,5478706,Paying,Trial,7,True,5383437,Grunt (Nz)/Almerheri/2023,7,0,,False,R.J.Hurdle,N.O'Shea,True,1,,,,,,,,,,,,,,,,,,,,,
WA,Lark Hill,10,950,Good,4,2026-09-07,5197375,5478888,Paying,Trial,10,True,5384720,Party Harbour,10,0,,True,B.M.Gaerth,S.L.Miller,True,1,,,,,,,,,,,,,,,,,,,,,
VIC,Ballarat Synthetic,4,850,Synth,,2026-09-07,5197847,5479147,Paying,Trial,5,True,5385130,Churchill (Ire)/Gypsy Danger (Nz)/2024,1,0,,False,D.Bates,A.Alexander,True,1,,,,,,,,,,,,,,,,,,,,,
VIC,Cranbourne-Trn,7,1000,,0,2026-09-07,5197805,5478767,FinalFields,Trial,7,True,5386680,Thistakestime,2,0,,False,,Allan & Jason Williams,True,1,,,,,,,,,,,,,,,,,,,,,
VIC,Southside Cranbourne,1,1000,Synth,,2026-09-07,5197846,5479219,Paying,Trial,3,True,5386680,Thistakestime,2,0,,False,C.Hefel,Allan & Jason Williams,True,1,,,,,,,,,,,,,,,,,,,,,
VIC,Southside Cranbourne,4,760,Synth,,2026-09-07,5197846,5479222,Paying,Trial,7,True,5387553,Giddy Geisha,5,0,,False,R.Lamont,M.C.Kent,True,1,,,,,,,,,,,,,,,,,,,,,
WA,Lark Hill,9,950,Good,4,2026-09-07,5197375,5478887,Paying,Trial,10,True,5387574,Argent Minuit,2,0,,False,C.L.Azzopardi,Grant & Alana Williams,True,1,,,,,,,,,,,,,,,,,,,,,
VIC,Southside Cranbourne,5,760,Synth,,2026-09-07,5197846,5479223,Paying,Trial,6,True,5388701,Bow And Ammo,1,0,,False,T.Stockdale,C.Maher,True,1,,,,,,,,,,,,,,,,,,,,,
VIC,Cranbourne-Trn,3,800,,0,2026-09-07,5197805,5478768,FinalFields,Trial,11,True,5388701,Bow And Ammo,7,0,,False,,C.Maher,True,1,,,,,,,,,,,,,,,,,,,,,
VIC,Cranbourne-Trn,3,800,,0,2026-09-07,5197805,5478768,FinalFields,Trial,11,True,5390382,Designabeel,2,0,,False,,Peter G Moody & Katherine Coleman,True,1,,,,,,,,,,,,,,,,,,,,,
NSW,Dubbo,3,1300,Good,4,2026-09-07,5196943,5468597,Paying,Maiden,11,False,5391103,King Kramer,9,10,55.5,False,W.Costin,A.Stewart,False,2,,,,,,,,,,,,,,,,,,,,,
VIC,Cranbourne-Trn,5,800,,0,2026-09-07,5197805,5478770,FinalFields,Trial,10,True,5392726,Our Brud,10,0,,False,,Trent Busuttin & Natalie Young,True,1,,,,,,,,,,,,,,,,,,,,,
VIC,Southside Cranbourne,5,760,Synth,,2026-09-07,5197846,5479223,Paying,Trial,6,True,5392726,Our Brud,6,0,,False,M.J.Dee,Trent Busuttin & Natalie Young,True,1,,,,,,,,,,,,,,,,,,,,,
VIC,Ballarat Synthetic,3,850,Synth,,2026-09-07,5197847,5478706,Paying,Trial,7,True,5393759,Palm Grove,3,0,,False,J.M.Allen,Tony & Calvin Mcevoy,True,1,,,,,,,,,,,,,,,,,,,,,
WA,Lark Hill,9,950,Good,4,2026-09-07,5197375,5478887,Paying,Trial,10,True,5398896,Halos My Name,4,0,,False,J.D.Valas,G.C.Ballantyne,True,1,,,,,,,,,,,,,,,,,,,,,
